order_id,order_date,order_status,vehicle_id,price,make,model,version,color,model_year,mileage_kilometers
ceooihq23akg00cu7dhg,2023-01-01 13.23.19,RETURNED,cdh8u1qplepcm5sjua20,291300,MG,ZS SUV,"MG ZS EV, 143hp, 2020",Red,2020,26460
cep9r1q23akg00f9kjlg,2023-01-02 09.01.59,COMPLETED,c9p2rj6umlmkoi7hb1cg,204800,Renault,ZOE,"Renault ZOE R110 41 kWh, 109hp, 2019",White,2019,42010
cepac4223akg00f9kkag,2023-01-02 09.38.25,CANCELLED,cdtjgpvpoemtr09psnmg,545700,Tesla,Model 3,"Tesla Model 3 Performance, 510hp, 2020",White,2020,49290
cepdr3i23akg00bkdaog,2023-01-02 13.35.11,RETURNED,cctfl5thq0m5fn47r1r0,466400,Tesla,Model 3,"Tesla Model 3 Standard Range Plus, 258hp, 2020",White,2020,28540
cepek1223akg00bkdc60,2023-01-02 14.28.20,COMPLETED,cdqet829unrpcht113l0,237800,Nissan,Leaf,"Nissan Leaf 40 kWh, 149hp, 2021",White,2021,26980
cepfcnq23akg00bkdfrg,2023-01-02 15.21.03,COMPLETED,cdhfqsqplepcm5sjubt0,242900,Nissan,Leaf,"Nissan Leaf 40 kWh, 149hp, 2019",White,2019,25440
cepg03i23akg00bkdgt0,2023-01-02 16.02.23,COMPLETED,cbp3j981g628qn0q5mmg,575600,Tesla,Model 3,"Tesla Model 3 Long Range AWD, 440hp, 2021",Blue,2021,41050
cepug2i23akg00bkdnig,2023-01-03 08.32.11,COMPLETED,cbd70jhqdtugg4jn6k0g,689900,Skoda,Enyaq iV,"Škoda Enyaq iV 80X, 265hp, 2022",Blue,2022,22740
ceq2itq23akg00bke1g0,2023-01-03 13.11.20,CANCELLED,c98msq1fntq59iu35l4g,453000,Volvo,V90,"Volvo V90 T8 TwEn AWD Geartronic, 407hp, 2018",Grey,2018,84880
ceq3b2223akg00bke32g,2023-01-03 14.02.48,COMPLETED,cdkdg6rouu6qmft5fuag,262500,Kia,Niro,"Kia Niro P-HEV DCT, 141hp, 2019",White,2019,46240
ceq50ba23akg00bke7p0,2023-01-03 15.56.29,COMPLETED,cdb77as4a2a7u35d08h0,394300,Lynk & Co,01,Lynk & Co 01 PHEV Navi Pano Adap Farth Infinity V-hjul,Black,2021,2250
ceq513a23akg00bke83g,2023-01-03 15.58.06,COMPLETED,ce3itfufe7731uro4110,607500,Mercedes-Benz,EQA,"Mercedes-Benz EQA 250, 190hp, 2022",Black,2022,22550
ceqljna23akg0095h2s0,2023-01-04 10.50.05,COMPLETED,ca6cm0tsoffcrakf0hdg,483900,Volvo,XC60,Volvo XC60 T8 TwEn AWD R-Design Drag Pano Leasbar V-hjul,Blue,2019,56410
ceqm33a23akg0095h4cg,2023-01-04 11.22.53,CANCELLED,c8s7dbb5r6j98njui130,545700,Tesla,Model 3,Tesla Model 3 Performance Pano Autopilot V-hjul,Grey,2020,34940
ceqnbma23akg0095h8vg,2023-01-04 12.49.29,CANCELLED,cb5ersl6ude85re0lvrg,379900,Kia,Niro,Kia e-Niro 64 kWh Advance Plus Taklucka JBL V-hjul,Grey,2019,56780
ceqneqq23akg0095h9kg,2023-01-04 12.56.11,RETURNED,ca3s3g4qpmd6pslp49h0,662100,Polestar,2,"Polestar 2 Long Range Dual Motor, 408hp, 2021",Grey,2021,24440
ceqqkga23akg0095hhig,2023-01-04 16.33.06,CANCELLED,cbpbd478kv5crpeb4odg,525100,Volvo,S90,"Volvo S90 T8 TwEn AWD Geartronic, 407hp, 2020",Silver,2020,6670
cer7qtq23akg00at00r0,2023-01-05 07.34.16,COMPLETED,c9kfa2hg5d93piu0fafg,699200,Audi,e-tron,Audi e-tron 55 Q Proline Advanced Leasbar Drag B&O Pano V-hjul,Red,2020,54510
cercpd223akg00bfn3q0,2023-01-05 13.12.21,COMPLETED,cdb72lab4fva42i32cag,391200,Lynk & Co,01,Lynk & Co 01 PHEV Navi Pano Adap Farth Infinity V-hjul,Blue,2021,5560
cere6ui23akg00a2rqe0,2023-01-05 14.49.30,COMPLETED,cc7rmi47p4drtvtf8hrg,272400,Hyundai,Ioniq,Hyundai Ioniq Plug-In Hybrid Premium+ Elstol Läder Kamera V-hjul,,2020,58740
cerg59i23akg00a2rtcg,2023-01-05 17.02.31,RETURNED,cdb76ar6sl5embl46ak0,388200,Lynk & Co,01,Lynk & Co 01 PHEV Navi Pano Adap Farth Infinity V-hjul,Black,2021,10890
ces4c6a23akg00cq79t0,2023-01-06 16.02.33,CANCELLED,cdl7g3segcivlhu5u8dg,421100,Tesla,Model 3,"Tesla Model 3 Standard Range Plus, 258hp, 2019",Black,2019,56350
cesnq8a23akg00cq7fr0,2023-01-07 14.09.37,COMPLETED,cck5n2pchvc2hfpug1v0,225400,Renault,ZOE,"Renault ZOE R110 41 kWh, 109hp, 2019",,2019,21600
cet98ca23akg00cq7i10,2023-01-08 10.00.18,CANCELLED,cdf4tcqplos62cckt2jg,256300,Volkswagen,Golf,"Volkswagen Golf GTE DSG Sequential, 204hp, 2017",White,2017,35270
cetctrq23akg00cq7k10,2023-01-08 14.10.56,CANCELLED,cdjqvr3ouu6qmft5fr60,274700,Volkswagen,Golf,"Volkswagen e-Golf 35.8 kWh, 136hp, 2019",Blue,2019,27500
ceth6ua23akg00cq7mj0,2023-01-08 19.03.21,COMPLETED,cdr74b8o60o0oebki5qg,618000,Tesla,Model 3,"Tesla Model 3 Long Range AWD, 440hp, 2022",White,2022,14030
cetjg4i23akg00cq7nl0,2023-01-08 21.39.30,CANCELLED,cdb7e2s4a2a7u35d08tg,393300,Lynk & Co,01,Lynk & Co 01 PHEV Navi Pano Adap Farth Infinity V-hjul,Black,2021,3080
cetteh223akg00am76ig,2023-01-09 08.58.45,COMPLETED,cbqtnjp8jur2e9oocdl0,248200,Volkswagen,Golf,"Volkswagen Golf GTE 1.4 TSI DSG Sequential, 204hp, 2017",Black,2017,75270
cettn2223akg00am774g,2023-01-09 09.16.57,COMPLETED,cd2o42k8l710ftlnb3ag,284200,Volkswagen,Golf,"Volkswagen e-Golf 35.8 kWh, 136hp, 2019",White,2019,18080
cetub5a23akg00am7920,2023-01-09 09.59.50,COMPLETED,caq78bsi6kfhuc9ounq0,437600,BMW,3 Series,"BMW 330e Touring M-Sport 19"" Harman Kardon V-hjul",Black,2021,65060
ceu22tq23akg00am7h90,2023-01-09 14.15.19,COMPLETED,cdc4gn8kboiu23kjukig,227500,Renault,ZOE,"Renault ZOE R110 41 kWh, 109hp, 2019",,2019,15390
ceu2bfi23akg00am7iq0,2023-01-09 14.33.34,CANCELLED,cdb7avj6sl5embl46b50,390200,Lynk & Co,01,"Lynk & Co 01 PHEV DCT, 261 hp, 2021",Black,2021,7900
ceu68j223akg00am7qug,2023-01-09 19.00.29,COMPLETED,cccmnqsug4b83t8nav60,358300,Kia,Niro,"Kia e-Niro 64 kWh, 204hp, 2019",Black,2019,65710
ceuivhq23akg00am81ig,2023-01-10 09.28.40,COMPLETED,cc70brapkdqhnkd167o0,379900,Lynk & Co,01,Lynk & Co 01 PHEV Navi Pano Adap Farth Infinity V-hjul,Blue,2021,21720
ceuj2ga23akg00am821g,2023-01-10 09.34.58,CANCELLED,cdf4tcqplos62cckt2jg,256300,Volkswagen,Golf,"Volkswagen Golf GTE DSG Sequential, 204hp, 2017",White,2017,35270
ceujsmi23akg00am84l0,2023-01-10 10.30.50,COMPLETED,cdb7i5s4a2a7u35d0970,423200,Lynk & Co,01,Lynk & Co 01 PHEV Navi Pano Adap Farth Infinity V-hjul,Blue,2022,4940
ceumi1q23akg00am8e80,2023-01-10 13.32.55,COMPLETED,cbh7mof2uqok8l6rhj9g,133700,Renault,ZOE,Renault ZOE R210 22 kWh Intens V-hjul B-kamera,Black,2015,64980
ceunkdq23akg00am8h8g,2023-01-10 14.46.16,COMPLETED,cdmf9m6tmh5mpmrmumd0,237800,Nissan,Leaf,"Nissan Leaf 40 kWh, 149hp, 2021",Black,2021,24340
ceuopva23akg00am8k20,2023-01-10 16.06.21,CANCELLED,cbjf2en2uqok8l6rho7g,603400,Hyundai,Ioniq 5,"Hyundai Ioniq 5 72.6 kWh, 218hp, 2022",Grey,2022,16000
ceus6ea23akg00am8m9g,2023-01-10 19.57.45,RETURNED,cdfrdej6ng12iia36s60,130700,Renault,ZOE,"Renault ZOE R210 22 kWh, 88hp, 2015",White,2015,77430
cevaomi23akg00akkssg,2023-01-11 12.32.26,CANCELLED,cc6t3jqpkdqhnkd16500,390200,Lynk & Co,01,Lynk & Co 01 PHEV Navi Pano Adap Farth Infinity V-hjul,Blue,2021,6550
cevct0q23akg00akl5ag,2023-01-11 14.58.11,CANCELLED,cc6svrnjn6s281s10vbg,378900,Lynk & Co,01,Lynk & Co 01 PHEV Navi Pano Adap Farth Infinity V-hjul,Black,2021,22840
cevf58q23akg00akl8t0,2023-01-11 17.32.20,COMPLETED,ce4vi4103mj172sj66m0,199700,Kia,Soul,"Kia Soul EV 30 kWh, 110hp, 2018",White,2018,64210
cevt3t223akg00dv4ca0,2023-01-12 09.25.09,RETURNED,ceni50223akg00abecc0,392300,Lynk & Co,01,Lynk & Co 01 PHEV Navi Pano Adap Farth Infinity V-hjul,Black,2021,4600
cevufsa23akg00dv4gng,2023-01-12 10.58.58,COMPLETED,cenih9223akg00abehlg,394300,Lynk & Co,01,Lynk & Co 01 PHEV Navi Pano Adap Farth Infinity V-hjul,Blue,2021,1790
cf02m6i23akg00dv4tng,2023-01-12 15.45.30,CANCELLED,cce7tg8sqeqndcr8j870,374800,Kia,Niro,"Kia e-Niro 64 kWh, 204hp, 2019",Blue,2019,52080
cf07ds223akg00dv5160,2023-01-12 21.09.05,CANCELLED,cdhuferil77tfdsrbc30,525100,Mercedes-Benz,GLC,"Mercedes-Benz GLC 300 de 4MATIC 9G-Tronic, 306hp, 2021",Silver,2021,49810
cf0lali23akg00dv5fhg,2023-01-13 12.57.58,COMPLETED,c8s7dbb5r6j98njui130,504500,Tesla,Model 3,Tesla Model 3 Performance Pano Autopilot V-hjul,Grey,2020,34940
cf0lqna23akg00dv5hrg,2023-01-13 13.32.14,COMPLETED,casqvj4i6kfhuc9our8g,545700,Tesla,Model 3,Tesla Model 3 Long Range AWD Facelift FSD Pano V-hjul,Black,2021,32760
cf0v71223akg00dv60fg,2023-01-14 00.12.52,CANCELLED,cck5d5kv0hpfp5iuank0,205800,Renault,ZOE,"Renault ZOE R110 41 kWh, 109hp, 2019",White,2019,19700
cf0v9ei23akg00dv60lg,2023-01-14 00.18.03,CANCELLED,cdompltv7top23od24ag,213100,Renault,ZOE,"Renault ZOE R110 41 kWh, 109hp, 2019",White,2019,20430
cf1934223akg00dv64lg,2023-01-14 11.27.12,RETURNED,cdmeu90dg90ka1ig35u0,252200,Nissan,Leaf,"Nissan Leaf 40 kWh, 149hp, 2020",Red,2020,45470
cf19me223akg00dv66a0,2023-01-14 12.08.25,COMPLETED,cc7248ipkdqhnkd168v0,406700,Tesla,Model 3,"Tesla Model 3 Standard Range Plus, 258hp, 2020",White,2020,49820
cf1ckdi23akg00dv6a4g,2023-01-14 15.28.55,COMPLETED,cdalbgj6sl5embl46620,556000,Tesla,Model 3,"Tesla Model 3 Long Range AWD, 440hp, 2022",Black,2022,19770
cf1u8mi23akg00dv6hkg,2023-01-15 11.32.43,COMPLETED,cdmchlu9ult08td5a2p0,269700,BMW,i3,"BMW i3s 94 Ah, 183hp, Comfort Advanced, 2018",Grey,2018,59140
cf2hl5223akg00aqac5g,2023-01-16 09.36.21,COMPLETED,cdl876mejgn5hf6b2cf0,276900,Mitsubishi,Outlander,"Mitsubishi Outlander P-HEV 2.4 Hybrid 4WD CVT, 230hp, 2019",White,2019,88470
cf2jfsa23akg00bk7u40,2023-01-16 11.41.38,COMPLETED,cccdev4ug4b83t8naue0,566300,Tesla,Model 3,"Tesla Model 3 Long Range AWD, 440hp, 2022",Grey,2022,13240
cf2k77i23akg00bk82e0,2023-01-16 12.31.26,CANCELLED,cdmd3ie69l3bhan4cki0,270700,Volkswagen,up!,"Volkswagen e-up! 32.3 kWh, 83hp, 2021",White,2021,17430
cf2kev223akg00bk84a0,2023-01-16 12.47.56,COMPLETED,cbugffoj0c3af9ml3d9g,272800,Volkswagen,Golf,"Volkswagen e-Golf 35.8 kWh, 136hp, 2019",White,2019,35460
cf2l56223akg00bk873g,2023-01-16 13.35.20,CANCELLED,cdlrkm0dg90ka1ig2vng,264600,Renault,ZOE,"Renault ZOE R135 52 kWh, 136hp, 2020",Black,2020,37810
cf2l5jq23akg00bk87dg,2023-01-16 13.36.15,RETURNED,cc706hipkdqhnkd167j0,386100,Lynk & Co,01,Lynk & Co 01 PHEV Navi Pano Adap Farth Infinity V-hjul,Blue,2021,15710
cf2n6bi23akg00bk8e00,2023-01-16 15.54.22,COMPLETED,cee399i23akg00b9mc90,679600,Skoda,Enyaq iV,"Škoda Enyaq iV 80X, 265hp, 2022",White,2022,9470
cf2okgq23akg00bk8fsg,2023-01-16 17.32.52,CANCELLED,ccivnthchvc2hfpufth0,535400,Skoda,Enyaq iV,"Škoda Enyaq iV 80 82 kWh, 204hp, 2021",Black,2021,45180
cf2pkki23akg00bk8ghg,2023-01-16 18.41.23,COMPLETED,ce3n39pa47e2k1eqakmg,668300,Polestar,2,"Polestar 2 Long Range Dual Motor, 408hp, 2022",Black,2022,15660
cf2psda23akg00bk8gng,2023-01-16 18.57.57,CANCELLED,cdvaa0um0oqp8egthkb0,401500,Tesla,Model 3,"Tesla Model 3 Standard Range Plus, 258hp, 2020",White,2020,37180
cf2qr9a23akg00bk8hm0,2023-01-16 20.03.50,COMPLETED,cdh45k4sli9r6o01ef20,300600,BMW,i3,"BMW i3s 120 Ah, 183hp, 2019",White,2019,79030
cf382ma23akg00bk8rr0,2023-01-17 11.07.06,COMPLETED,cclkf74aq8b2n322sq20,272800,Hyundai,Ioniq,Hyundai Ioniq Plug-In Hybrid Premium Adap Farth Keyless Kamera V-hjul,,2020,43750
cf38p3i23akg00bk8t00,2023-01-17 11.54.55,COMPLETED,cc8b1u7jn6s281s11ebg,458200,Volkswagen,ID.4,Volkswagen ID.4 Pure Performance 170hk City Dragkrok V-hjul,White,2021,11090
cf3ba0a23akg00bk95og,2023-01-17 14.47.30,RETURNED,cdhv23vdr6q6kcq9t910,494200,Tesla,Model 3,"Tesla Model 3 Long Range AWD, 440hp, 2021",Grey,2021,55730
cf3dg0q23akg00bk9dl0,2023-01-17 17.16.52,COMPLETED,cdfuedb6ng12iia36v60,262500,BMW,i3,"BMW i3 94 Ah REX, 170hp, 2018",Black,2018,77840
cf3fq3a23akg00aukssg,2023-01-17 19.54.53,COMPLETED,c85229b1pqelht4o00q0,488100,Tesla,Model 3,"Tesla Model 3 Performance, 510hp, 2020",White,2020,61310
cf3ric223akg00d2gao0,2023-01-18 09.17.37,COMPLETED,cdqe64a9unrpcht112g0,380900,Skoda,Superb,"Skoda Superb iV Combi 1.4 Plug-in Hybrid DSG Sequential, 218hp, 2020",Black,2020,30870
cf3tmpq23akg00dtfii0,2023-01-18 11.43.35,COMPLETED,ce5247fekulp82jedshg,399500,Tesla,Model 3,"Tesla Model 3 Standard Range Plus, 258hp, 2019",Black,2019,57810
cf3u0da23akg00dtfl8g,2023-01-18 12.04.06,COMPLETED,ca6tp2kqpmd6pslp4ir0,525100,Tesla,Model 3,"Tesla Model 3 Long Range AWD, 440hp, 2021",White,2021,25550
cf3u1rq23akg00dtflig,2023-01-18 12.07.11,COMPLETED,cccekvsug4b83t8nauig,370600,Tesla,Model 3,Tesla Model 3 Standard Range Drag Autopilot V-hjul,White,2020,89990
cf3u30q23akg00dtfm50,2023-01-18 12.09.40,COMPLETED,cebddra23akg00bp7n6g,494200,Tesla,Model 3,"Tesla Model 3 Long Range AWD, 440hp, 2021",Grey,2021,66060
cf40uka23akg00dtg130,2023-01-18 15.25.06,COMPLETED,cdk9onbouu6qmft5fsr0,499400,Tesla,Model 3,"Tesla Model 3, 325hp, 2021",Black,2021,14520
cf417g223akg00dtg1ug,2023-01-18 15.44.01,COMPLETED,cb5ersl6ude85re0lvrg,374800,Kia,Niro,Kia e-Niro 64 kWh Advance Plus Taklucka JBL V-hjul,Grey,2019,56780
cf41co223akg00dtg2l0,2023-01-18 15.55.12,COMPLETED,cenhsc223akg00abeaf0,392300,Lynk & Co,01,Lynk & Co 01 PHEV Navi Pano Adap Farth Infinity V-hjul,Black,2021,5120
cf41haa23akg00dtg3c0,2023-01-18 16.04.57,COMPLETED,cddjlp8mf7v4e160m5s0,453000,Tesla,Model 3,"Tesla Model 3 Long Range AWD, 440hp, 2019",Black,2019,46060
cf42go223akg00dtg6p0,2023-01-18 17.12.01,COMPLETED,cdr8s98o60o0oebki690,440700,Kia,Niro,"Kia e-Niro 64 kWh, 204hp, 2021",White,2021,21870
cf4gr8223akg00f1dan0,2023-01-19 09.30.09,COMPLETED,cdtkcc7poemtr09psodg,311900,Volkswagen,Passat,"Volkswagen Passat Variant GTE DSG Sequential, 218hp, 2020",White,2020,77390
cf4m6ua23akg00ffe07g,2023-01-19 15.36.26,COMPLETED,cdpmtoa9unrpcht10reg,319100,Honda,E,"Honda E 35.5 kWh, 154hp, 2020",Grey,2020,14250
cf54jt223akg00ffe760,2023-01-20 07.59.49,COMPLETED,cdhnq6u2cps93ahq0oq0,410800,Tesla,Model 3,"Tesla Model 3 Standard Range Plus, 258hp, 2020",Red,2020,40390
cf57gk223akg00ffeil0,2023-01-20 11.17.37,COMPLETED,ce94n67eunm6t3js9bfg,669300,Skoda,Enyaq iV,"Skoda Enyaq iV 80X 82 kWh AWD, 265hp, 2022",Blue,2022,14110
cf59dt223akg00daf3pg,2023-01-20 13.28.20,COMPLETED,cdn3mh3eqjmi4qmk50ng,251200,Volkswagen,Golf,"Volkswagen e-Golf 35.8 kWh, 136hp, 2018",White,2018,43400
cf59ouq23akg00daf4ig,2023-01-20 13.51.56,CANCELLED,cd0l4h5v9vuntlvrgbrg,273900,Renault,ZOE,"Renault ZOE R135 52 kWh, 136hp, 2020",White,2020,58240
cf5a0ua23akg00daf5o0,2023-01-20 14.08.58,COMPLETED,cdon5btv7top23od24g0,284100,Kia,Niro,"Kia Niro P-HEV DCT, 141hp, 2019",White,2019,17690
cf5a7ni23akg00daf6ag,2023-01-20 14.23.27,RETURNED,cdl54jqb6nr36m591usg,257300,Nissan,Leaf,"Nissan Leaf 40 kWh, 149hp, 2020",Black,2021,17280
cf5b0tq23akg00daf9g0,2023-01-20 15.17.12,COMPLETED,c9hr0rqgil7t7tgp4sp0,262500,Volkswagen,Passat Variant,"Volkswagen Passat Variant GTE DSG Sequential, 218hp, 2017",Grey,2017,74640
cf5ria223akg00b34oh0,2023-01-21 10.06.32,COMPLETED,ca6c6tlsoffcrakf0h5g,360300,DS,3 Crossback,DS 3 Crossback E-Tense Exclusive Navi Matrix LED Keyless V-hjul,Brown,2020,3060
cf5ti4a23akg00b34qr0,2023-01-21 12.22.42,COMPLETED,ceni5pq23akg00abecq0,391200,Lynk & Co,01,Lynk & Co 01 PHEV Navi Pano Adap Farth Infinity V-hjul,Black,2021,5880
cf5un8q23akg00b34s00,2023-01-21 13.41.56,COMPLETED,cck5d5kv0hpfp5iuank0,205800,Renault,ZOE,"Renault ZOE R110 41 kWh, 109hp, 2019",White,2019,19700
cf5vehq23akg00b34sl0,2023-01-21 14.31.36,CANCELLED,cdb6r0s4a2a7u35d0800,423200,Lynk & Co,01,Lynk & Co 01 PHEV Navi Pano Adap Farth Infinity V-hjul,Blue,2022,4140
cf6113i23akg00b34tk0,2023-01-21 16.19.27,COMPLETED,cd95vh44a2a7u35cvto0,221300,Renault,ZOE,"Renault ZOE R110 41 kWh, 109hp, 2019",Black,2019,5550
cf6nuii23akg00b359l0,2023-01-22 18.24.10,CANCELLED,cenhjii23akg00abe7hg,424200,Lynk & Co,01,"Lynk & Co 01 PHEV DCT, 261hp, 2022",Black,2022,3240
cf6pvji23akg00b35akg,2023-01-22 20.42.55,COMPLETED,cdij6hbouu6qmft5fmgg,180100,Nissan,Leaf,"Nissan Leaf 30 kWh, 109hp, 2017",White,2017,78580
cf74pf223akg00a0rt6g,2023-01-23 09.00.45,CANCELLED,cc3201c7p4drtvtf7iog,226400,Renault,ZOE,"Renault ZOE R110 52 kWh, 109hp, 2020",White,2020,104500
cf76lra23akg00a0s4dg,2023-01-23 11.09.34,COMPLETED,cdr1qmq6kqm72iq5bcfg,247000,Renault,ZOE,"Renault ZOE R110 52 kWh, 109hp, 2020",White,2020,66420
cf7pna223akg00ehr4mg,2023-01-24 08.49.44,COMPLETED,cenin3223akg00abejtg,396400,Lynk & Co,01,"Lynk & Co 01 PHEV DCT, 261hp, 2021",Black,2021,12200
cf7tol223akg00ehrg20,2023-01-24 13.25.41,COMPLETED,cdl7g3segcivlhu5u8dg,400500,Tesla,Model 3,"Tesla Model 3 Standard Range Plus, 258hp, 2019",Black,2019,56350
cf8052q23akg0092rit0,2023-01-24 16.08.44,RETURNED,ccorgkhanivl37euvj8g,257300,BMW,i3,"BMW i3s 94 Ah, 183hp, 2018 Comfort Edition Plus ",Grey,2018,61670
cf80lja23akg0092rku0,2023-01-24 16.43.58,RETURNED,cck1v13o5i27gfe9oftg,421100,Tesla,Model 3,"Tesla Model 3 Standard Range Plus, 258hp, 2020",White,2020,25910
cf82moa23akg0092rn00,2023-01-24 19.02.58,CANCELLED,cdt675vpoemtr09psm4g,249100,Volkswagen,up!,"Volkswagen e-up!, 83hp, 2020",Black,2020,37140
cf8fm6q23akg00a5paug,2023-01-25 09.49.16,COMPLETED,cdt5o69sojqhngp43670,451000,BMW,X1,"BMW X1 xDrive25e Steptronic, 220hp, 2021",Blue,2021,29470
cf8h33a23akg00a5pdm0,2023-01-25 11.25.01,RETURNED,ce09n12u26ad982ll7o0,679600,Tesla,Model S,"Tesla Model S Long Range AWD, 423hp, 2019",Black,2019,60460
cf8i22i23akg00a5pf7g,2023-01-25 12.31.07,CANCELLED,cdlrkm0dg90ka1ig2vng,264600,Renault,ZOE,"Renault ZOE R135 52 kWh, 136hp, 2020",Black,2020,37810
cf8jt6a23akg00b3oq10,2023-01-25 14.37.14,COMPLETED,cdqeglakjs4r2eegs420,497300,Tesla,Model 3,"Tesla Model 3 Long Range AWD, 440hp, 2020",White,2020,24000
cf8kldi23akg00b3os80,2023-01-25 15.28.54,CANCELLED,c8j28dk01oflmkld8k8g,675500,Tesla,Model X,"Tesla Model X 100D, 423hp, 2017",Black,2017,76310
cf8nnr223akg00b3p0lg,2023-01-25 18.58.52,CANCELLED,cc0t4k5g1mskjr6rcuq0,246000,Kia,Niro,"Kia Niro P-HEV DCT, 141hp, 2018",White,2018,67510
cf8s9f223akg00b3p31g,2023-01-26 00.09.32,CANCELLED,ceni3aa23akg00abebjg,390200,Lynk & Co,01,"Lynk & Co 01 PHEV DCT, 261hp, 2021",Black,2021,7010
cf96e7223akg00aq8gtg,2023-01-26 11.42.21,COMPLETED,cbq7kin8kv5crpeb4qv0,468500,Tesla,Model 3,"Tesla Model 3 Long Range AWD, 440hp, 2020",Grey,2020,45960
cf98k9i23akg00bn0hg0,2023-01-26 14.11.51,CANCELLED,cdgf8kkj0cdqbhc5vjog,348000,Nissan,Leaf,"Nissan Leaf e+ 62 kWh, 217hp, 2020",Grey,2020,7270
cf98mn223akg00bn0i60,2023-01-26 14.17.01,COMPLETED,cenhat223akg00abe540,412000,Lynk & Co,01,"Lynk & Co 01 PHEV DCT, 261hp, 2022",Black,2022,3700
cf98q0i23akg00bn0il0,2023-01-26 14.24.03,CANCELLED,cc6dop7jn6s281s10s1g,385100,Lynk & Co,01,"Lynk & Co 01 PHEV DCT, 261hp, 2021",Blue,2021,13780
cf99a9q23akg00bn0jpg,2023-01-26 14.58.48,COMPLETED,ceninoi23akg00abek7g,400500,Lynk & Co,01,Lynk & Co 01 PHEV Navi Pano Adap Farth Infinity Drag V-hjul,Blue,2021,7030
cf9pii223akg00bn0tgg,2023-01-27 09.28.40,CANCELLED,cdl4n335i87vc0klqfjg,257300,Nissan,Leaf,"Nissan Leaf, 150hp, 2020",Grey,2020,16220
cf9q4ri23akg00bn0v30,2023-01-27 10.07.42,COMPLETED,cdhuferil77tfdsrbc30,499400,Mercedes-Benz,GLC,"Mercedes-Benz GLC 300 de 4MATIC 9G-Tronic, 306hp, 2021",Silver,2021,49810
cf9r9rq23akg00av8p2g,2023-01-27 11.26.39,COMPLETED,cdrr12m9ukdefbdg1n40,916500,Audi,e-tron,"Audi e-tron 55 quattro, 408hp, 2023",Grey,2023,1440
cf9sfm223akg00av8t0g,2023-01-27 12.47.20,CANCELLED,cenioj223akg00abekhg,397400,Lynk & Co,01,"Lynk & Co 01 PHEV DCT, 261hp, 2021",Black,2021,11940
cf9t90223akg00av8u90,2023-01-27 13.41.20,CANCELLED,c93hp8fpao575kbpf55g,401500,Tesla,Model 3,Tesla Model 3 Standard Range Plus 258hp Autopilot Drag Leasbar V-hjul,White,2020,51390
cf9uev223akg00av90mg,2023-01-27 15.02.21,COMPLETED,cce7tg8sqeqndcr8j870,349000,Kia,Niro,"Kia e-Niro 64 kWh, 204hp, 2019",Blue,2019,52080
cf9vqni23akg00av934g,2023-01-27 16.35.43,COMPLETED,cdvaa0um0oqp8egthkb0,401500,Tesla,Model 3,"Tesla Model 3 Standard Range Plus, 258hp, 2020",White,2020,37180
cfa19b223akg00av94sg,2023-01-27 18.15.09,COMPLETED,cehgvui23akg0094j85g,447900,Tesla,Model 3,"Tesla Model 3 Standard Range Plus, 325hp, 2021",Grey,2021,15330
cfa2ucq23akg00av9610,2023-01-27 20.08.20,COMPLETED,cdourfdsljarg5q3sea0,264600,Kia,Optima,"Kia Optima Sport Wagon Plug-in Hybrid Automatic, 205hp, 2020",Grey,2020,87880
cfagdgq23akg00av9amg,2023-01-28 11.28.04,COMPLETED,cenip8i23akg00abekrg,390200,Lynk & Co,01,Lynk & Co 01 PHEV Navi Pano Adap Farth Infinity Drag V-hjul,Black,2021,21610
cfaj1gi23akg00av9cg0,2023-01-28 14.27.15,CANCELLED,cdp43hlv7top23od29r0,257300,Nissan,Leaf,"Nissan Leaf, 150hp, 2020",Blue,2020,18030
cfaktjq23akg00av9dmg,2023-01-28 16.35.28,COMPLETED,ce91ha3he1ov812qgi80,437600,Tesla,Model 3,"Tesla Model 3 Standard Range Plus, 258hp, 2021",White,2021,46540
cfb4qni23akg008f6bvg,2023-01-29 10.41.34,CANCELLED,ce09bc2u26ad982ll760,442700,Tesla,Model 3,"Tesla Model 3 Long Range AWD, 440hp, 2019",Grey,2019,66430
cfb5ffa23akg008f6ccg,2023-01-29 11.25.50,COMPLETED,cd5bb0v392ufke5r3l80,169800,Nissan,Leaf,"Nissan Leaf 30 kWh, 109hp, 2017",Silver,2017,60450
cfb7lf223akg008f6e5g,2023-01-29 13.55.09,COMPLETED,cctt4c0le33vbotj58d0,195500,Nissan,Leaf,"Nissan Leaf 40 kWh, 149hp, N-Connecta, 2018",White,2018,90260
cfb7pnq23akg008f6eig,2023-01-29 14.04.15,COMPLETED,cbjf2en2uqok8l6rho7g,576600,Hyundai,Ioniq 5,"Hyundai Ioniq 5 72.6 kWh, 218hp, 2022",Grey,2022,16000
cfb8oqq23akg008f6g4g,2023-01-29 15.10.35,COMPLETED,ccjlntbo5i27gfe9oeug,370600,Volkswagen,ID.3,"Volkswagen ID.3 Pro Performance, 204hp, 2021",Grey,2021,51210
cfbqjdq23akg00d3js4g,2023-01-30 11.27.52,COMPLETED,cc6svrnjn6s281s10vbg,378900,Lynk & Co,01,Lynk & Co 01 PHEV Navi Pano Adap Farth Infinity V-hjul,Black,2021,22840
cfbrvv223akg00d3jvo0,2023-01-30 13.02.53,COMPLETED,cctfl5thq0m5fn47r1r0,411800,Tesla,Model 3,"Tesla Model 3 Standard Range Plus, 258hp, 2020",White,2020,28540
cfbs8ii23akg00d3k0j0,2023-01-30 13.21.14,COMPLETED,cdf4tcqplos62cckt2jg,256300,Volkswagen,Golf,"Volkswagen Golf GTE DSG Sequential, 204hp, 2017",White,2017,35270
cfbse1q23akg00d3k150,2023-01-30 13.32.56,COMPLETED,cenh8dq23akg00abe4e0,424200,Lynk & Co,01,Lynk & Co 01 PHEV Navi Pano 360* Adap Farth Infinity V-hjul,Blue,2022,2620
cfbu0ua23akg00d3k49g,2023-01-30 15.21.29,COMPLETED,celdoha23akg00bom2i0,403600,Tesla,Model 3,"Tesla Model 3 Standard Range Plus, 258hp, 2020",White,2020,34150
cfch66i23akg00d3krag,2023-01-31 13.09.46,CANCELLED,cdges4kq02s4elc6jg60,483900,Tesla,Model 3,"Tesla Model 3 Long Range AWD, 440hp, 2020",White,2020,32640
cfci7fq23akg00d3kuf0,2023-01-31 14.20.47,COMPLETED,caa7hecqpmd6pslp4qqg,453000,Tesla,Model 3,Tesla Model 3 Long Range AWD Drag Full FSD ,White,2019,86790
cfclik223akg00d3l570,2023-01-31 18.09.20,COMPLETED,cdompltv7top23od24ag,213100,Renault,ZOE,"Renault ZOE R110 41 kWh, 109hp, 2019",White,2019,20430
cfcmlji23akg00d3l670,2023-01-31 19.23.59,CANCELLED,cd4ks1f392ufke5r3gi0,252200,Volkswagen,Passat,"Volkswagen Passat Variant GTE DSG Sequential, 218hp, 2017",Black,2017,87080
cfcp75a23akg00d3l7c0,2023-01-31 22.17.57,CANCELLED,cbpbd478kv5crpeb4odg,510700,Volvo,S90,"Volvo S90 T8 TwEn AWD Geartronic, 407hp, 2020",Silver,2020,6670
cfcq2qi23akg00d3l7l0,2023-01-31 23.16.59,COMPLETED,cdr1k9pal7jnjefiq2qg,293400,Volkswagen,Passat,"Volkswagen Passat Variant GTE DSG Sequential, 218hp, 2019",Grey,2019,57040
cfd3di223akg00dpm9vg,2023-02-01 09.54.16,COMPLETED,cdtvrto5st7c8q9g7qtg,422100,BMW,X5,"BMW X5 xDrive40e Steptronic, 313hp, 2017",Grey,2017,47770
cfd4ahq23akg00dpmcgg,2023-02-01 10.56.08,COMPLETED,cdp4b55v7top23od2a70,638400,Tesla,Model S,"Tesla Model S 100D, 423hp, 2018",Grey,2018,81590
cfd5j9a23akg008t87ig,2023-02-01 12.23.02,RETURNED,c819hpb1pqelht4nvv60,607500,Polestar,2,"Pilot Plus HK 19"" Värmepump Elstol V-hjul",Grey,2021,35750
cfd7gta23akg008t8cmg,2023-02-01 14.34.29,COMPLETED,cel35hq23akg00bolpdg,762000,Tesla,Model Y,"Tesla Model Y Performance, 450hp, 2022",Black,2022,9740
cfd83g223akg008t8elg,2023-02-01 15.14.09,CANCELLED,cenil5q23akg00abej90,377900,Lynk & Co,01,Lynk & Co 01 PHEV Navi Pano Adap Farth Infinity V-hjul,Blue,2021,24300
cfdchq223akg008t8j60,2023-02-01 20.17.44,CANCELLED,ce6al33svc4295bkfd90,715700,Tesla,Model S,"Tesla Model S 100D, 423hp, 2018",Grey,2018,42770
cfddk4q23akg008t8jc0,2023-02-01 21.31.00,COMPLETED,cdpttjikjs4r2eegrur0,256300,Kia,Optima,"Kia Optima Sport Wagon Plug-in Hybrid Automatic, 205hp, 2018",Black,2018,85740
cfdhn7a23akg008t8jtg,2023-02-02 02.10.37,CANCELLED,cddeugqplos62cckspag,399500,Tesla,Model 3,"Tesla Model 3 Standard Range Plus, 258hp, 2020",White,2020,56630
cfdq0la23akg008t8st0,2023-02-02 11.36.54,COMPLETED,cd9s4e44a2a7u35d02hg,404600,Tesla,Model 3,"Tesla Model 3 Standard Range Plus, 258hp, 2020",Blue,2020,53380
cfdsnea23akg00curn3g,2023-02-02 14.42.02,COMPLETED,cdb7f144a2a7u35d094g,384000,Lynk & Co,01,Lynk & Co 01 PHEV Navi Pano Adap Farth Infinity V-hjul,Blue,2021,15490
cfdvnhi23akg00curu9g,2023-02-02 18.07.03,COMPLETED,cd01ulkhedvf1o5g7af0,230600,Nissan,Leaf,"Nissan Leaf 40 kWh, 149hp, 2018",Black,2018,28810
cfecmga23akg00ehe8rg,2023-02-03 08.52.17,COMPLETED,cdd75nvggblbac1bg0jg,463300,Tesla,Model 3,"Tesla Model 3 Long Range AWD, 440hp, 2020",White,2020,54190
cfedhca23akg00ehefeg,2023-02-03 09.49.37,COMPLETED,cc0t4k5g1mskjr6rcuq0,246000,Kia,Niro,"Kia Niro P-HEV DCT, 141hp, 2018",White,2018,67510
cfedp9q23akg00ehegu0,2023-02-03 10.06.31,COMPLETED,c802lt5mmudf9q5l7omg,535400,Tesla,Model 3,"Tesla Model 3 Long Range AWD, 440hp, 2021",White,2021,42170
cfegbo223akg00b7bvug,2023-02-03 13.02.25,COMPLETED,cb6jbhalt3fkk6mf5250,225400,Volkswagen,Golf,"Volkswagen e-Golf 35.8 kWh, 136hp, 2018",White,2018,53270
cfegh0q23akg00b7c12g,2023-02-03 13.13.40,COMPLETED,ccivnthchvc2hfpufth0,535400,Skoda,Enyaq iV,"Škoda Enyaq iV 80 82 kWh, 204hp, 2021",Black,2021,45180
cfeh2ri23akg00b7c3cg,2023-02-03 13.51.42,CANCELLED,ce2t642otoflcatvoid0,391200,Kia,Niro,"Kia e-Niro 64 kWh, 204hp, 2021",Black,2021,76700
cfej52223akg00b7ccd0,2023-02-03 16.12.57,COMPLETED,c93hp8fpao575kbpf55g,401500,Tesla,Model 3,Tesla Model 3 Standard Range Plus 258hp Autopilot Drag Leasbar V-hjul,White,2020,51390
cff0ira23akg00b7cfs0,2023-02-04 07.29.50,COMPLETED,cdlrkm0dg90ka1ig2vng,265600,Renault,ZOE,"Renault ZOE R135 52 kWh, 136hp, 2020",Black,2020,37810
cff2b6223akg00b7chu0,2023-02-04 09.30.01,COMPLETED,cd4ks1f392ufke5r3gi0,252200,Volkswagen,Passat,"Volkswagen Passat Variant GTE DSG Sequential, 218hp, 2017",Black,2017,87080
cff2laq23akg00b7cin0,2023-02-04 09.51.40,COMPLETED,cdp43hlv7top23od29r0,257300,Nissan,Leaf,"Nissan Leaf, 150hp, 2020",Blue,2020,18030
cff36tq23akg00b7cjv0,2023-02-04 10.29.11,COMPLETED,ca5qu04qpmd6pslp4e1g,514800,Mercedes-Benz,EQA,Mercedes-Benz EQA 250 SE Edition B-kamera Dragkrok V-Hjul,Brown,2021,13920
cfgblua23akg00b7dbtg,2023-02-06 08.31.53,COMPLETED,ce2h0rdttpvrf6jsc310,465400,Tesla,Model 3,"Tesla Model 3 Long Range AWD, 440hp, 2020",White,2020,61570
cfggq1a23akg00f31sag,2023-02-06 14.21.57,CANCELLED,cdili54j9do6eifllntg,498400,Tesla,Model 3,"Tesla Model 3 Long Range AWD, 440hp, 2020",Blue,2020,38620
cfh4qqq23akg00dcl0p0,2023-02-07 13.08.59,COMPLETED,cbpbd478kv5crpeb4odg,510700,Volvo,S90,"Volvo S90 T8 TwEn AWD Geartronic, 407hp, 2020",Silver,2020,6670
cfh4r7i23akg00dcl0v0,2023-02-07 13.09.50,COMPLETED,cddeugqplos62cckspag,403600,Tesla,Model 3,"Tesla Model 3 Standard Range Plus, 258hp, 2020",White,2020,56630
cfh5ua223akg00dclj0g,2023-02-07 14.24.40,COMPLETED,cbp67cpif7fb7tvl47rg,277900,Renault,ZOE,Renault ZOE R135 52 kWh R135 CCS Edition One Bose Backkamera Vhjul ,Black,2020,21350
cfham0223akg00dupv20,2023-02-07 19.48.17,COMPLETED,cckn049chvc2hfpug4k0,435500,Volkswagen,ID.4,"Volkswagen ID.4 Pure Performance, 170hp, 2021",Grey,2021,14230
cfhou4i23akg0088ff00,2023-02-08 12.01.22,CANCELLED,cdonhcdv7top23od24i0,348000,Kia,Niro,"Kia e-Niro 64 kWh, 204hp, 2019",White,2019,73310
cfhq5la23akg0088fjfg,2023-02-08 13.25.41,RETURNED,cdcio4iplos62ccksiqg,272800,Volkswagen,Passat,"Volkswagen Passat Variant GTE DSG Sequential, 218hp, 2018",White,2018,62560
cfhr7e223akg0088fni0,2023-02-08 14.37.45,COMPLETED,cdr1nlpal7jnjefiq2rg,194500,Renault,ZOE,"Renault ZOE R110 41 kWh, 109hp, 2019",Purple,2019,56300
cfhst1a23akg0088fr80,2023-02-08 16.32.05,COMPLETED,cbf6o2i2irdkbb363ong,339700,Hyundai,Kona,Hyundai Kona Electric Long Range 64 kWh 204hk Premium V-hjul,,2019,41710
cfhvegq23akg0088fstg,2023-02-08 19.25.56,COMPLETED,ceriefi23akg00a2rukg,391200,Hyundai,Kona,"Hyundai Kona Electric 64 kWh, 204hp, 2020",Red,2020,19170
cfi962223akg0088fvgg,2023-02-09 06.30.32,CANCELLED,cdhuq57dr6q6kcq9t8r0,236700,Hyundai,Ioniq,"Hyundai Ioniq Plug-in 1.6 + 8.9 kWh DCT, 164hp, 2020",,2020,49480
cficdra23akg00dbdmp0,2023-02-09 10.11.58,COMPLETED,cesabdq23akg00cq7b20,319100,BMW,5 Series,"BMW 530e iPerformance Sedan Steptronic, 252hp, 2018",Grey,2018,74250
cfigrri23akg00fb26ng,2023-02-09 15.14.54,CANCELLED,ce4ajm2qjmk03ga20kmg,765100,BMW,X5,"BMW X5 xDrive45e iPerformance Steptronic, 394hp, 2020",Black,2020,88370
cfihtk223akg00fb28l0,2023-02-09 16.26.57,CANCELLED,cevb44q23akg00akkubg,543700,Polestar,2,"Polestar 2 Standard Range Single Motor, 224hp, 2022",Blue,2022,14030
cfj5ida23akg00c3s8ag,2023-02-10 14.48.21,COMPLETED,cdl4n335i87vc0klqfjg,257300,Nissan,Leaf,"Nissan Leaf, 150hp, 2020",Grey,2020,16220
cfkvigq23akg0088ebo0,2023-02-13 08.48.03,COMPLETED,cbuae9nd882dkv93gbbg,256300,BMW,i3,"BMW i3 94 Ah, 170hp, 2018",Grey,2018,57930
cfl3jka23akg0088eqk0,2023-02-13 13.23.30,COMPLETED,ccc4teph3seru2eniqb0,463300,Tesla,Model 3,Tesla Model 3 Long Range AWD FSD 440hp Vhjul,Black,2019,74030
cfl4h0i23akg0088f07g,2023-02-13 14.26.10,COMPLETED,cenhlta23akg00abe85g,411800,Lynk & Co,01,Lynk & Co 01 PHEV Navi Pano 360* Adap Farth Infinity V-hjul,Black,2022,2230
cfl6eva23akg009o8e90,2023-02-13 16.38.21,COMPLETED,cdvloo7giajjn89mvlig,389200,Volkswagen,Passat,"Volkswagen Passat Variant GTE DSG Sequential, 218hp, 2021",White,2021,42500
cfl6gbq23akg009o8fb0,2023-02-13 16.41.19,COMPLETED,cdili54j9do6eifllntg,498400,Tesla,Model 3,"Tesla Model 3 Long Range AWD, 440hp, 2020",Blue,2020,38620
cfljn9a23akg00ds6ar0,2023-02-14 07.43.33,CANCELLED,ce2vegkmp4uni8bm66f0,457200,Tesla,Model 3,"Tesla Model 3 Long Range AWD, 440hp, 2019",Grey,2019,45450
cfljq1223akg00ds6beg,2023-02-14 07.49.25,CANCELLED,cenil5q23akg00abej90,369600,Lynk & Co,01,Lynk & Co 01 PHEV Navi Pano Adap Farth Infinity V-hjul,Blue,2021,24300
cflncti23akg008t53dg,2023-02-14 11.54.30,COMPLETED,c97hs5hfntq59iu35ip0,551900,Tesla,Model 3,"Tesla Model 3 Long Range AWD, 440hp, 2021",White,2021,26460
cflp84223akg00arll20,2023-02-14 14.00.49,RETURNED,cd8h8v36sl5embl45org,349000,Kia,Niro,"Kia e-Niro 64 kWh, 204hp, 2019",White,2019,56280
cflrbaq23akg00arlqc0,2023-02-14 16.24.11,COMPLETED,ce6al33svc4295bkfd90,700200,Tesla,Model S,"Tesla Model S 100D, 423hp, 2018",Grey,2018,42770
cflrdhi23akg00arlqk0,2023-02-14 16.28.54,CANCELLED,calkfq9k8icri89092lg,494200,Tesla,Model S,"Tesla Model S 75, 320hp, 2017",Blue,2017,71280
cfmajvq23akg00903460,2023-02-15 09.46.39,CANCELLED,cekjcgq23akg00bolmrg,489100,Tesla,Model 3,"Tesla Model 3 Long Range AWD, 440hp, 2020",Black,2020,34850
cfmgllq23akg00dmq3rg,2023-02-15 16.39.51,COMPLETED,ccpg291anivl37euvn90,258400,Volkswagen,Golf,"Volkswagen e-Golf 35.8 kWh, 136hp, 2019",White,2019,25990
cfmh51223akg00dmq4dg,2023-02-15 17.12.36,COMPLETED,cdbvlpub4bihj1ahg1mg,250100,Volkswagen,Golf,"Volkswagen e-Golf, 136hp, 2019",Brown,2019,38580
cfmj29q23akg00en2n70,2023-02-15 19.23.20,CANCELLED,calmr1u16b1lv6qg1oq0,751700,Tesla,Model S,"Tesla Model S Long Range AWD RAVEN 423hp, 2020",White,2020,48060
cfmp2e223akg00en2or0,2023-02-16 02.13.12,CANCELLED,caqjaqf7c5450ge5g8rg,256300,Kia,Optima,Kia Optima PHEV Advance Plus 2 Pano HK Läder V-hjul,White,2017,58610
cfmp40q23akg00en2p1g,2023-02-16 02.16.36,CANCELLED,cdb76ar6sl5embl46ak0,385100,Lynk & Co,01,Lynk & Co 01 PHEV Navi Pano Adap Farth Infinity V-hjul,Black,2021,10890
cfn0meq23akg00en3570,2023-02-16 10.53.47,COMPLETED,cdt5h5u9ukdefbdg1skg,370600,Seat,León,"SEAT León e-Hybrid DSG Sequential, 204hp, 2021",Grey,2021,23360
cfn2gjq23akg00bhk1eg,2023-02-16 12.57.52,COMPLETED,cdt5bafpoemtr09pslsg,482900,Volvo,V60,"Volvo V60 T8 TwEn AWD Geartronic, 392hp, 2020",Grey,2020,31550
cfn45ei23akg00d024k0,2023-02-16 14.50.35,COMPLETED,cdoo7tdsljarg5q3se20,453000,Volvo,XC60,"Volvo XC60 Recharge T8 AWD Geartronic, 390hp, 2020",Grey,2020,52540
cfn77ra23akg00d02c8g,2023-02-16 18.20.29,CANCELLED,ce8sasfeunm6t3js97jg,437600,Volvo,XC40,"Volvo XC40 T4 Recharge T4 TwEn DCT, 211hp, 2021",Grey,2021,35990
cfn82j223akg00d02deg,2023-02-16 19.17.32,COMPLETED,cdbvjd8kboiu23kjuif0,257300,Volkswagen,Golf,"Volkswagen e-Golf, 136hp, 2019",Brown,2019,30410
cfnlg7q23akg00cdsvm0,2023-02-17 10.34.08,COMPLETED,ce5q3hrsvc4295bkfc10,195500,Hyundai,Ioniq,"Hyundai Ioniq Plug-in 1.6 + 8.9 kWh DCT, 164hp, 2017",Orange,2017,87210
cfno2ri23akg00cdtf2g,2023-02-17 13.30.22,COMPLETED,cenioj223akg00abekhg,377900,Lynk & Co,01,"Lynk & Co 01 PHEV DCT, 261hp, 2021",Black,2021,11940
cfocvpa23akg00ahmrb0,2023-02-18 13.17.26,COMPLETED,cd2o9m20jji185gi4i40,285700,Mini,Countryman,"MINI Cooper SE ALL4 Countryman Automatic, 224hp, 2020",Black,2020,37160
cfoeuka23akg00ahmtrg,2023-02-18 15.31.29,CANCELLED,cdonhcdv7top23od24i0,348000,Kia,Niro,"Kia e-Niro 64 kWh, 204hp, 2019",White,2019,73310
cfourpa23akg00ahn450,2023-02-19 09.37.41,COMPLETED,cck1v13o5i27gfe9oftg,421100,Tesla,Model 3,"Tesla Model 3 Standard Range Plus, 258hp, 2020",White,2020,25910
cfp0oq223akg00ahn6j0,2023-02-19 11.47.53,CANCELLED,cdr2o4i6kqm72iq5bcu0,262500,BMW,2 Series Active/Gran Tourer,"BMW 225xe Active Tourer Sportline, 224hp, 2019",Grey,2019,69130
cfpn6mq23akg00aho5g0,2023-02-20 13.19.24,COMPLETED,cfbupea23akg00d3k660,545700,Skoda,Enyaq iV,"Skoda Enyaq iV 80 82 kWh, 204hp, 2021",Black,2021,15930
cfpoqqi23akg00ahoj7g,2023-02-20 15.10.35,RETURNED,c98msq1fntq59iu35l4g,437600,Volvo,V90,"Volvo V90 T8 TwEn AWD Geartronic, 407hp, 2018",Grey,2018,84880
cfppg0q23akg00aholq0,2023-02-20 15.55.47,RETURNED,caqjaqf7c5450ge5g8rg,256300,Kia,Optima,Kia Optima PHEV Advance Plus 2 Pano HK Läder V-hjul,White,2017,58610
cfppj5a23akg00ahomb0,2023-02-20 16.02.30,COMPLETED,cd77prbs5t6sa73cgm40,252200,Volkswagen,Golf,"Volkswagen e-Golf 35.8 kWh, 136hp, 2019",Brown,2019,36640
cfpse7i23akg00ahoq8g,2023-02-20 19.16.46,COMPLETED,cdges4kq02s4elc6jg60,488100,Tesla,Model 3,"Tesla Model 3 Long Range AWD, 440hp, 2020",White,2020,32640
cfqcavi23akg00cjq4a0,2023-02-21 13.22.06,CANCELLED,cc82rm47p4drtvtf8il0,256300,Volkswagen,up!,"Volkswagen e-up! 32.3 kWh, 83hp, 2020",Black,2020,24560
cfqfeii23akg00cjqnjg,2023-02-21 16.54.35,CANCELLED,c9ntmuetb1sfhf2vm3g0,463300,Tesla,Model 3,"Tesla Model 3 Long Range AWD, 440hp, 2019",Grey,2019,49670
cfqvkca23akg00ec4dj0,2023-02-22 11.19.14,CANCELLED,cdu8lbo5st7c8q9g7ssg,453000,Tesla,Model 3,"Tesla Model 3 Long Range AWD, 440hp, 2019",White,2019,72720
cfqvm9223akg00ec4e70,2023-02-22 11.23.16,COMPLETED,ce8s30piu55m07dmuib0,212000,Renault,ZOE,"Renault ZOE R110 41 kWh, 109hp, 2019",Grey,2019,41700
cfqvth223akg00ec4hvg,2023-02-22 11.38.45,COMPLETED,cenh9sa23akg00abe4og,392300,Lynk & Co,01,Lynk & Co 01 PHEV Navi Pano 360* Adap Farth Infinity V-hjul,Black,2022,6250
cfr195q23akg00ec57n0,2023-02-22 13.11.51,COMPLETED,cend63223akg00abdueg,406700,Kia,Niro,"Kia e-Niro 64 kWh, 204hp, 2020",White,2020,34300
cfr3j4a23akg00ef90pg,2023-02-22 15.49.38,COMPLETED,cdl54jqb6nr36m591usg,257300,Nissan,Leaf,"Nissan Leaf 40 kWh, 149hp, 2020",Black,2021,17280
cfr48t223akg00ef92qg,2023-02-22 16.36.05,COMPLETED,cc3201c7p4drtvtf7iog,225400,Renault,ZOE,"Renault ZOE R110 52 kWh, 109hp, 2020",White,2020,104500
cfrmkaq23akg0088p7eg,2023-02-23 13.29.16,COMPLETED,cenhkji23akg00abe7rg,395400,Lynk & Co,01,"Lynk & Co 01 PHEV DCT, 261hp, 2022",Blue,2022,7050
cfrqtia23akg0088po70,2023-02-23 18.22.01,CANCELLED,cdqbjfi9unrpcht1112g,360300,Volkswagen,Passat,"Volkswagen Passat Variant GTE DSG Sequential, 218hp, 2020",Silver,2020,26970
cfs80ti23akg00cuiheg,2023-02-24 09.16.38,COMPLETED,cbtt18nd882dkv93ga3g,370600,Lynk & Co,01,Lynk & Co 01 PHEV Navi Pano Adap Farth Infinity Drag V-hjul,Blue,2021,19060
cfs8lfa23akg00cuilag,2023-02-24 10.00.30,CANCELLED,cc495afjn6s281s10g9g,437600,Volkswagen,ID.4,Volkswagen ID.4 Pure Performance,Blue,2021,11330
cfs8pl223akg00cuim1g,2023-02-24 10.09.24,COMPLETED,cdbvfj6b4bihj1ahg11g,259400,Volkswagen,Golf,"Volkswagen e-Golf 35.8 kWh, 136hp, 2019",Brown,2019,25580
cfsatmi23akg00cuit9g,2023-02-24 12.34.35,COMPLETED,cenhjii23akg00abe7hg,398500,Lynk & Co,01,"Lynk & Co 01 PHEV DCT, 261hp, 2022",Black,2022,3240
cfsbrba23akg009mda40,2023-02-24 13.37.49,CANCELLED,cc6des47p4drtvtf863g,368600,Lynk & Co,01,Lynk & Co 01 PHEV Navi Pano Adap Farth Infinity Drag V-hjul,Black,2021,21500
cfsekuq23akg00d1t6rg,2023-02-24 16.49.00,CANCELLED,cdggko4j0cdqbhc5vl6g,293400,Mazda,MX-30,"Mazda MX-30 e-SKYACTIV, 143hp, 2021",Black,2021,21880
cfsf91223akg00d1t7cg,2023-02-24 17.31.49,COMPLETED,ce2amui7f2n9ugt6i150,554000,Polestar,2,"Polestar 2 Long Range Dual Motor, 408hp, 2021",White,2021,42680
cfsta6i23akg00d1tce0,2023-02-25 09.30.02,COMPLETED,c9gik7pblclmm0nef73g,193500,Renault,ZOE,"Renault ZOE R90 41 kWh, 92hp, 2017",Grey,2017,62060
cfstfui23akg00d1tcng,2023-02-25 09.42.18,CANCELLED,caq2254i6kfhuc9oumgg,580300,Tesla,Model S,"Tesla Model S Standard Range, 333hp, 2019",Grey,2019,45210
cfsvika23akg00d1tec0,2023-02-25 12.04.34,COMPLETED,cenhhsi23akg00abe6vg,396400,Lynk & Co,01,"Lynk & Co 01 PHEV DCT, 261hp, 2022",Black,2022,6470
cft14hq23akg00d1tgi0,2023-02-25 13.51.04,COMPLETED,cekjcgq23akg00bolmrg,483900,Tesla,Model 3,"Tesla Model 3 Long Range AWD, 440hp, 2020",Black,2020,34850
cft26jq23akg00d1thr0,2023-02-25 15.03.44,CANCELLED,cdt6f3npoemtr09psmbg,545700,Tesla,Model 3,"Tesla Model 3 Long Range AWD, 440hp, 2021",Grey,2021,28830
cft270223akg00d1ti2g,2023-02-25 15.04.32,CANCELLED,ce2vegkmp4uni8bm66f0,452000,Tesla,Model 3,"Tesla Model 3 Long Range AWD, 440hp, 2019",Grey,2019,45450
cft70s223akg00d1tkr0,2023-02-25 20.32.48,RETURNED,cfmu2mi23akg00en2rkg,398500,Audi,A3,"Audi A3 Sportback 45 TFSI e S Tronic, 245hp, 2021",Black,2021,19830
cfti4ca23akg00d1tq10,2023-02-26 09.11.13,COMPLETED,cdhq76j2sn44ak9f4f00,260400,Nissan,Leaf,"Nissan Leaf 40 kWh, 149hp, 2019",Silver,2019,17650
cfu7vli23akg00e3aq5g,2023-02-27 10.03.02,COMPLETED,cdqbjfi9unrpcht1112g,360300,Volkswagen,Passat,"Volkswagen Passat Variant GTE DSG Sequential, 218hp, 2020",Silver,2020,26970
cfuaqe223akg009cc5bg,2023-02-27 13.16.41,COMPLETED,cfa0osi23akg00av94dg,555000,Tesla,Model 3,"Tesla Model 3 Long Range AWD, 440hp, 2021",White,2021,15200
cfue45223akg009ccil0,2023-02-27 17.02.12,COMPLETED,ca3s3g4qpmd6pslp49h0,619900,Polestar,2,"Polestar 2 Long Range Dual Motor, 408hp, 2021",Grey,2021,24440
cfuprea23akg009ccnf0,2023-02-28 06.22.50,COMPLETED,cerj0ba23akg00a2rvg0,533400,Polestar,2,"Polestar 2 Standard Range Single Motor, 224hp, 2022",Grey,2022,15840
cfus4b223akg009cd120,2023-02-28 08.58.20,COMPLETED,cenhniq23akg00abe8s0,376800,Lynk & Co,01,Lynk & Co 01 PHEV Navi Pano Adap Farth Infinity V-hjul,Blue,2021,4290
cfuv03q23akg009cdmvg,2023-02-28 12.14.08,CANCELLED,c9jpud1g5d93piu0f8a0,619900,Polestar,2,Polestar Polestar 2 Long Range Dual AWD Pilot & Plus Paket Leasbar Drag V-hjul,Grey,2021,23020
cfv5jla23akg009ceubg,2023-02-28 19.45.25,COMPLETED,cas41kqopf6bgvvao420,452000,Tesla,Model 3,"Tesla Model 3 Long Range AWD, 440hp, 2019",Grey,2019,41540
cfvfk1q23akg009cf360,2023-03-01 07.08.56,CANCELLED,cc6sg6k7p4drtvtf87ig,374800,Lynk & Co,01,"Lynk & Co 01 PHEV DCT, 261hp, 2021",Blue,2021,7480
cfvifkq23akg009cfh50,2023-03-01 10.24.20,COMPLETED,ceebkc223akg00b9mn90,262600,Kia,Niro,"Kia Niro P-HEV DCT, 141hp, 2020",Grey,2020,69990
cfvj5ca23akg00emmop0,2023-03-01 11.10.41,COMPLETED,cdb6ve2b4fva42i32bug,179100,Renault,ZOE,"Renault ZOE R90 41 kWh, 92hp, 2017",White,2017,77950
cfvkdii23akg00emms50,2023-03-01 12.36.26,CANCELLED,cbbc80hqdtugg4jn6e20,373700,Lynk & Co,01,Lynk & Co 01 PHEV Navi Pano Adap Farth Infinity V-hjul,Black,2021,10260
cfvlm8i23akg00emn4h0,2023-03-01 14.03.14,CANCELLED,cenhbpq23akg00abe5fg,398500,Lynk & Co,01,Lynk & Co 01 PHEV Navi Pano 360* Adap Farth Infinity V-hjul,Blue,2022,3710
cfvlnsi23akg00emn4r0,2023-03-01 14.06.42,CANCELLED,cdu8lbo5st7c8q9g7ssg,453000,Tesla,Model 3,"Tesla Model 3 Long Range AWD, 440hp, 2019",White,2019,72720
cfvo5gi23akg00emngpg,2023-03-01 16.52.18,CANCELLED,cdb6r0s4a2a7u35d0800,397400,Lynk & Co,01,Lynk & Co 01 PHEV Navi Pano Adap Farth Infinity V-hjul,Blue,2022,4140
cfvqpa223akg00emnj1g,2023-03-01 19.51.04,CANCELLED,cdhuq57dr6q6kcq9t8r0,232600,Hyundai,Ioniq,"Hyundai Ioniq Plug-in 1.6 + 8.9 kWh DCT, 164hp, 2020",,2020,49480
cg0cl2223akg00ctl9b0,2023-03-02 16.10.49,COMPLETED,cenhmni23akg00abe8i0,366500,Lynk & Co,01,Lynk & Co 01 PHEV Navi Pano Adap Farth Infinity V-hjul,Blue,2021,7470
cg0tcka23akg008jsuf0,2023-03-03 11.13.21,COMPLETED,cclc1okbfr0830r4dtsg,486000,Audi,e-tron,"Audi e-tron 50 quattro, Proline, Dragkrok, 2020",Grey,2020,53190
cg0u0ki23akg008jt1a0,2023-03-03 11.56.03,COMPLETED,cdd8go0mf7v4e160m420,280000,Renault,ZOE,"Renault ZOE R135 52 kWh, 136hp, 2020",Grey,2020,16920
cg0vara23akg00bhbgbg,2023-03-03 13.26.05,CANCELLED,ce2t642otoflcatvoid0,382000,Kia,Niro,"Kia e-Niro 64 kWh, 204hp, 2021",Black,2021,76700
cg10pcq23akg00asf2r0,2023-03-03 15.05.23,COMPLETED,cdb799j6sl5embl46as0,388200,Lynk & Co,01,Lynk & Co 01 PHEV Navi Pano Adap Farth Infinity V-hjul,Blue,2022,4430
cg1jds223akg00d8j3s0,2023-03-04 12.17.52,CANCELLED,cc6sg6k7p4drtvtf87ig,366500,Lynk & Co,01,"Lynk & Co 01 PHEV DCT, 261hp, 2021",Blue,2021,7480
cg1l9b223akg00d8j6sg,2023-03-04 14.24.44,COMPLETED,ceif7fi23akg008e4u60,542700,Audi,e-tron,"Audi e-tron 50 quattro, 313hp, 2020",Blue,2020,56990
cg1loka23akg00d8jfbg,2023-03-04 14.57.21,COMPLETED,cci4943o5i27gfe9o8qg,176000,Nissan,Leaf,Nissan Leaf 30 kWh Accenta,Brown,2017,46640
cg1olua23akg00d8jhg0,2023-03-04 18.16.26,CANCELLED,ceo13nq23akg00b3bplg,364500,Hyundai,Kona,"Hyundai Kona Electric 64 kWh, 204hp, 2020",Grey,2020,38920
cg26puq23akg00d8joi0,2023-03-05 10.20.43,CANCELLED,cbpnbl18jur2e9ooc8ng,221300,Seat,Mii,"SEAT Mii electric 36.8 kWh, 83hp, 2021",Silver,2021,27780
cg2bfcq23akg00d8jvs0,2023-03-05 15.39.31,COMPLETED,cenifri23akg00abeh1g,358300,Lynk & Co,01,"Lynk & Co 01 PHEV DCT, 261hp, 2021",Blue,2021,16210
cg2h3ua23akg00d8k420,2023-03-05 22.04.42,CANCELLED,cfpaqb223akg00ahndig,550900,Tesla,Model 3,"Tesla Model 3 Long Range AWD, 440hp, 2021",White,2021,22390
cg2somq23akg00d8kumg,2023-03-06 11.19.55,COMPLETED,cckmtfro5i27gfe9ol00,442700,Volkswagen,ID.4,"Volkswagen ID.4 Pure Performance, 170hp, 2021",Grey,2021,8850
cg2t0ra23akg00d8l02g,2023-03-06 11.37.18,COMPLETED,cci51m3o5i27gfe9o9ag,437600,Volkswagen,ID.4,"Volkswagen ID.4 Pure Performance, 170hp, 2021",Grey,2021,10580
cg2tfda23akg00d8l1ug,2023-03-06 12.08.21,COMPLETED,cdonhcdv7top23od24i0,345900,Kia,Niro,"Kia e-Niro 64 kWh, 204hp, 2019",White,2019,73310
cg2vqc223akg00887kg0,2023-03-06 14.48.16,COMPLETED,c802lhlmmudf9q5l7jdg,478800,Tesla,Model 3,"Tesla Model 3 Performance, 510hp, 2019",White,2019,65780
cg38fq223akg00888cag,2023-03-07 00.40.09,CANCELLED,caq2254i6kfhuc9oumgg,580300,Tesla,Model S,"Tesla Model S Standard Range, 333hp, 2019",Grey,2019,45210
cg3ephi23akg00888j10,2023-03-07 07.50.31,COMPLETED,cenhbpq23akg00abe5fg,398500,Lynk & Co,01,Lynk & Co 01 PHEV Navi Pano 360* Adap Farth Infinity V-hjul,Blue,2022,3710
cg3fgii23akg00888o2g,2023-03-07 08.39.39,COMPLETED,cenhgqq23akg00abe6lg,392300,Lynk & Co,01,"Lynk & Co 01 PHEV DCT, 261hp, 2022",Black,2022,4510
cg3fqhq23akg00888r60,2023-03-07 09.00.56,CANCELLED,cdt5dqm9ukdefbdg1sag,202800,Renault,ZOE,"Renault ZOE R110 41 kWh, 109hp, 2019",Black,2019,51580
cg3g7m223akg00889320,2023-03-07 09.28.56,CANCELLED,ca7fe9hsujklf4ida3v0,669300,Tesla,Model S,Tesla Model S Long Range AWD Leasbar Pano Autopilot V-hjul,Black,2019,57400
cg3jhri23akg0084vgpg,2023-03-07 13.15.26,COMPLETED,cenidda23akg00abefvg,353100,Lynk & Co,01,Lynk & Co 01 PHEV Navi Pano Adap Farth Infinity V-hjul,Black,2021,18760
cg44rla23akg00eiii60,2023-03-08 08.56.54,COMPLETED,cc6des47p4drtvtf863g,360300,Lynk & Co,01,Lynk & Co 01 PHEV Navi Pano Adap Farth Infinity Drag V-hjul,Black,2021,21500
cg459da23akg00eiik5g,2023-03-08 09.26.13,CANCELLED,ca7fe9hsujklf4ida3v0,669300,Tesla,Model S,Tesla Model S Long Range AWD Leasbar Pano Autopilot V-hjul,Black,2019,57400
cg47uoq23akg00eij4k0,2023-03-08 12.28.20,CANCELLED,cdgf8kkj0cdqbhc5vjog,344900,Nissan,Leaf,"Nissan Leaf e+ 62 kWh, 217hp, 2020",Grey,2020,7270
cg49d6223akg00f77irg,2023-03-08 14.07.20,CANCELLED,caq2254i6kfhuc9oumgg,594200,Tesla,Model S,"Tesla Model S Standard Range, 333hp, 2019",Grey,2019,45210
cg4rqta23akg00esau70,2023-03-09 11.05.25,COMPLETED,cfp239i23akg00ahn8mg,272800,Renault,ZOE,"Renault ZOE R135 52 kWh, 136hp, 2020",,2020,16570
cg4ucu223akg00esb6b0,2023-03-09 14.00.24,COMPLETED,cckmv64v0hpfp5iuaqgg,434500,Volkswagen,ID.4,"Volkswagen ID.4 Pure Performance, 170hp, 2021",Grey,2021,12130
cg4umjq23akg00esb7jg,2023-03-09 14.21.04,COMPLETED,cfrovci23akg0088pl9g,231600,Nissan,Leaf,"Nissan Leaf, 150hp, 2021",White,2021,27040
cg4v76q23akg00esbbb0,2023-03-09 14.56.27,COMPLETED,ce2t642otoflcatvoid0,382000,Kia,Niro,"Kia e-Niro 64 kWh, 204hp, 2021",Black,2021,76700
cg4vm2q23akg00esbfkg,2023-03-09 15.28.11,COMPLETED,ce09bc2u26ad982ll760,442700,Tesla,Model 3,"Tesla Model 3 Long Range AWD, 440hp, 2019",Grey,2019,66430
cg50g4a23akg00esbpmg,2023-03-09 16.23.45,COMPLETED,cdp52i5sljarg5q3sk3g,337700,Kia,Soul,"Kia e-Soul 64 kWh, 204hp, 2020",Grey,2020,42330
cg5es0223akg00esc9mg,2023-03-10 08.44.49,COMPLETED,cdmepgm9ult08td5a4n0,248100,Nissan,Leaf,"Nissan Leaf 40 kWh, 149hp, 2021",Grey,2021,34310
cg5io1223akg008c2rvg,2023-03-10 13.09.24,CANCELLED,cdb6r0s4a2a7u35d0800,393300,Lynk & Co,01,Lynk & Co 01 PHEV Navi Pano Adap Farth Infinity V-hjul,Blue,2022,4140
cg5joda23akg008c33b0,2023-03-10 14.18.30,CANCELLED,cdviahmm0oqp8egthks0,271800,Hyundai,Ioniq,"Hyundai Ioniq Plug-in 1.6 + 8.9 kWh DCT, 164hp, 2020",,2020,18020
cg5mioi23akg008c3d10,2023-03-10 17.31.15,COMPLETED,cc4pqsnjn6s281s10i70,440700,Tesla,Model 3,"Tesla Model 3 Long Range, 287hp, 2019",Black,2019,33710
cg5nj7a23akg008c3ds0,2023-03-10 18.40.29,CANCELLED,cenhpj223akg00abe9j0,365500,Lynk & Co,01,Lynk & Co 01 PHEV Navi Pano Adap Farth Infinity V-hjul,Blue,2021,9300
cg5p5n223akg00e9ukm0,2023-03-10 20.28.12,COMPLETED,cfqdiaq23akg00cjqdv0,336700,BMW,i3,"BMW i3s 120 Ah, 183hp, 2020",Black,2020,19210
cg693qq23akg009i9j3g,2023-03-11 14.36.27,CANCELLED,ce4ajm2qjmk03ga20kmg,754800,BMW,X5,"BMW X5 xDrive45e iPerformance Steptronic, 394hp, 2020",Black,2020,88370
cg6uita23akg009i9tgg,2023-03-12 15.02.13,COMPLETED,cefl4li23akg00di2jug,446900,Tesla,Model 3,"Tesla Model 3 Long Range AWD, 440hp, 2020",Red,2020,87500
cg7163a23akg009i9vsg,2023-03-12 17.59.41,COMPLETED,cenia3i23akg00abeei0,367600,Lynk & Co,01,Lynk & Co 01 PHEV Navi Pano Adap Farth Infinity V-hjul,Black,2021,4120
cg7etka23akg00eqv3f0,2023-03-13 09.37.22,COMPLETED,cenhe5i23akg00abe6bg,389200,Lynk & Co,01,Lynk & Co 01 PHEV Navi Pano 360* Adap Farth Infinity V-hjul,Black,2022,8880
cg7iu4q23akg00ebeugg,2023-03-13 14.11.31,COMPLETED,ce2tr6q5d2h9ngbn4t8g,745600,Tesla,Model S,"Tesla Model S Long Range AWD, 423hp, 2019",White,2019,40710
cg7j0sa23akg00ebeveg,2023-03-13 14.17.21,COMPLETED,cfsvdd223akg00d1te40,576600,Toyota,RAV4,"Toyota RAV4 Plug-in Hybrid E-CVT, 306hp, 2022",Grey,2022,7290
cg7lmf223akg00ebfetg,2023-03-13 17.19.56,CANCELLED,cc7jkas7p4drtvtf8ee0,370600,Volkswagen,ID.3,Volkswagen ID.3 Pro Performance 1st Edition MAX Vhjul,Grey,2021,36470
cg88i9223akg00aevl10,2023-03-14 14.48.05,COMPLETED,cenigja23akg00abehbg,367600,Lynk & Co,01,"Lynk & Co 01 PHEV DCT, 261hk, 2021",Blue,2021,6040
cg8qf3i23akg00c9cqk0,2023-03-15 11.10.06,COMPLETED,cenh3ta23akg00abe400,389200,Lynk & Co,01,Lynk & Co 01 PHEV Navi Pano 360* Adap Farth Infinity V-hjul,Black,2022,8040
cg8rgja23akg00c9d9gg,2023-03-15 12.21.33,COMPLETED,ccj3f7pchvc2hfpuftq0,431400,Tesla,Model 3,"Tesla Model 3 Long Range AWD, 440hp, 2019",Black,2019,83140
cg90tk223akg00ed2lk0,2023-03-15 18.30.41,COMPLETED,c802lp5mmudf9q5l7mqg,398500,Tesla,Model 3,"Tesla Model 3 Standard Range Plus, 258hp, 2020",White,2020,43760
cg9ccta23akg00ed2t20,2023-03-16 07.34.13,COMPLETED,cdb7e2s4a2a7u35d08tg,372700,Lynk & Co,01,Lynk & Co 01 PHEV Navi Pano Adap Farth Infinity V-hjul,Black,2021,3080
cg9f24q23akg00ed3b00,2023-03-16 10.36.03,COMPLETED,cdt5k7u9ukdefbdg1sn0,310900,Mini,Hatch,"MINI Cooper SE 32.6 kWh, 184hp, 2021",Silver,2021,18280
cg9groa23akg00ed3mh0,2023-03-16 12.38.58,RETURNED,ceieirq23akg008e4u20,407700,BMW,X1,"BMW X1 xDrive25e Steptronic, 220hp, 2021",Silver,2021,57770
cg9hfe223akg00ed3qn0,2023-03-16 13.20.56,COMPLETED,ceb02dpiu55m07dmuu40,693000,Tesla,Model Y,"Tesla Model Y Long Range AWD, 345hp, 2021",Blue,2021,23640
cga3m8i23akg00e9cve0,2023-03-17 10.04.19,COMPLETED,cdb6r0s4a2a7u35d0800,393300,Lynk & Co,01,Lynk & Co 01 PHEV Navi Pano Adap Farth Infinity V-hjul,Blue,2022,4140
cga884223akg00e9e1bg,2023-03-17 15.15.29,COMPLETED,cd8h8v36sl5embl45org,336700,Kia,Niro,"Kia e-Niro 64 kWh, 204hp, 2019",White,2019,56280
cgaao7q23akg00e9e45g,2023-03-17 18.06.23,COMPLETED,cdb6omk4a2a7u35d07ng,361400,Lynk & Co,01,Lynk & Co 01 PHEV Navi Pano Adap Farth Infinity V-hjul,Blue,2021,8050
cgau60i23akg00e9ef40,2023-03-18 16.12.51,CANCELLED,cdmd3ie69l3bhan4cki0,258400,Volkswagen,up!,"Volkswagen e-up! 32.3 kWh, 83hp, 2021",White,2021,17430
cgbj5ei23akg00bakr3g,2023-03-19 16.05.14,COMPLETED,cg0blea23akg00ctl0s0,398500,Tesla,Model 3,"Tesla Model 3 Standard Range Plus, 258hp, 2020",White,2020,51300
cgc1pli23akg00balgs0,2023-03-20 08.44.07,CANCELLED,ce4ajm2qjmk03ga20kmg,754800,BMW,X5,"BMW X5 xDrive45e iPerformance Steptronic, 394hp, 2020",Black,2020,88370
cgc68rq23akg00bammd0,2023-03-20 13.49.35,COMPLETED,cf93t0i23akg00aq8c00,442700,Tesla,Model 3,"Tesla Model 3 Long Range AWD, 440hp, 2019",Black,2019,69610
cgc765a23akg00bamukg,2023-03-20 14.52.06,COMPLETED,cfceq6223akg00d3kkj0,648700,Polestar,2,"Polestar 2 Long Range Dual Motor, 408hp, 2022",Silver,2022,4380
cgc989i23akg00ban4sg,2023-03-20 17.13.10,CANCELLED,cfpjhqi23akg00ahnlj0,277900,Volkswagen,Golf,"Volkswagen Golf GTE 1.4 TSI DSG Sequential, 204hp, 2020",Grey,2020,7520
cgc9lfq23akg00ban5l0,2023-03-20 17.41.20,COMPLETED,cf7uq6q23akg00f1lvg0,388200,Skoda,Superb,"Škoda Superb iV Combi 1.4 Plug-in Hybrid DSG Sequential, 218hp, 2020",Grey,2020,43400
cgcd1h223akg00ban7tg,2023-03-20 21.31.48,COMPLETED,cecrfka23akg00el54vg,292400,BMW,i3,"BMW i3s 120 Ah, 183hp, 2019",White,2019,74510
cgcm6sa23akg00banh70,2023-03-21 07.57.38,RETURNED,ce3lkv9a47e2k1eqaj1g,242900,BMW,i3,"BMW i3 94 Ah Automatic, 170hp, 2017",Silver,2017,56990
cgcs2h223akg008p5ufg,2023-03-21 14.37.56,COMPLETED,ce4ajm2qjmk03ga20kmg,754800,BMW,X5,"BMW X5 xDrive45e iPerformance Steptronic, 394hp, 2020",Black,2020,88370
cgct34q23akg008p63s0,2023-03-21 15.47.32,COMPLETED,ceni6ni23akg00abed40,362400,Lynk & Co,01,Lynk & Co 01 PHEV Navi Pano Adap Farth Infinity V-hjul,Blue,2021,6640
cgdalgi23akg008p6feg,2023-03-22 07.14.10,COMPLETED,cfsbksi23akg009md7q0,411800,Tesla,Model 3,"Tesla Model 3 Standard Range Plus, 258hp, 2020",White,2020,38880
cgdcg5a23akg008p6r2g,2023-03-22 09.19.17,COMPLETED,ceni50223akg00abecc0,357300,Lynk & Co,01,Lynk & Co 01 PHEV Navi Pano Adap Farth Infinity V-hjul,Black,2021,4600
cgdcsg223akg008p6t5g,2023-03-22 09.45.36,COMPLETED,cajljcdns53fm6ao5t1g,571500,Tesla,Model 3,"Tesla Model 3 Performance, 513hp, 2021",White,2021,29360
cgdej5223akg00cm9v4g,2023-03-22 11.42.12,COMPLETED,cdhnn332sn44ak9f4da0,288200,Volkswagen,Passat,"Volkswagen Passat Variant GTE DSG Sequential, 218hp, 2019",White,2019,59010
cgdh9k223akg00cmaj00,2023-03-22 14.46.41,CANCELLED,ceq302223akg00bke200,741400,Tesla,Model Y,"Tesla Model Y Performance, 450hp, 2022",White,2022,9170
cgdll0223akg00cmati0,2023-03-22 19.44.01,CANCELLED,cc6dgdvjn6s281s10rs0,363400,Lynk & Co,01,Lynk & Co 01 PHEV Navi Pano Adap Farth Infinity V-hjul,Black,2021,10600
cgdm93a23akg00cmauc0,2023-03-22 20.26.54,COMPLETED,cdb6i1r6sl5embl469hg,360300,Lynk & Co,01,Lynk & Co 01 PHEV Navi Pano Adap Farth Infinity V-hjul,Black,2021,10230
cge13hi23akg00dhr4hg,2023-03-23 08.45.58,COMPLETED,cd0l4h5v9vuntlvrgbrg,255300,Renault,ZOE,"Renault ZOE R135 52 kWh, 136hp, 2020",White,2020,58240
cge52ei23akg00eupkcg,2023-03-23 13.16.42,COMPLETED,cenhr4a23akg00abea50,362400,Lynk & Co,01,Lynk & Co 01 PHEV Navi Pano Adap Farth Infinity V-hjul,Blue,2021,6040
cge5mdq23akg009er170,2023-03-23 13.59.20,COMPLETED,cc70acc7p4drtvtf8ak0,364500,Lynk & Co,01,Lynk & Co 01 PHEV Navi Pano Adap Farth Infinity V-hjul,Blue,2021,8430
cge747223akg0087p37g,2023-03-23 15.37.00,COMPLETED,cehfqsa23akg0094j3lg,661100,Skoda,Enyaq iV,"Skoda Enyaq iV 80X 82 kWh AWD, 265hp, 2022",Silver,2022,9660
cge89cq23akg0087p67g,2023-03-23 16.56.20,COMPLETED,celj53q23akg00ah49ng,433500,Tesla,Model 3,"Tesla Model 3 Long Range AWD, 440hp, 2019",White,2019,86720
cge9ve223akg0087p8g0,2023-03-23 18.51.37,COMPLETED,ce8rvj9iu55m07dmui70,238800,BMW,2 Series Active/Gran Tourer,"BMW 225xe Active Tourer Steptronic, 224hp, 2019",Black,2019,48970
cgebqfi23akg0087pau0,2023-03-23 20.57.34,CANCELLED,cenim7q23akg00abejjg,362400,Lynk & Co,01,Lynk & Co 01 PHEV Navi Pano Adap Farth Infinity V-hjul,Blue,2021,5560
cgekgcq23akg00bhs0vg,2023-03-24 06.50.27,COMPLETED,cddf2j2plos62cckspbg,199700,Renault,ZOE,"Renault ZOE R90 41 kWh, 92hp, 2018",Grey,2018,39560
cgen1o223akg00bhsjdg,2023-03-24 09.44.01,COMPLETED,cff96sa23akg00b7cqe0,191400,Nissan,Leaf,"Nissan Leaf, 150hp, 2018",White,2018,123710
cgeo5oq23akg00c8s1c0,2023-03-24 11.00.52,COMPLETED,cfmu2mi23akg00en2rkg,401500,Audi,A3,"Audi A3 Sportback 45 TFSI e S Tronic, 245hp, 2021",Black,2021,19830
cgepd0i23akg00c8sc3g,2023-03-24 12.24.34,COMPLETED,cfkef1a23akg00c3t6j0,410800,BMW,3 Series,"BMW 330e Sedan Steptronic, 292hp, 2020",White,2020,54380
cgeu6v223akg00c8t8q0,2023-03-24 17.53.00,COMPLETED,cflnqia23akg00arlemg,169800,Nissan,Leaf,"Nissan Leaf 30 kWh, 109hp, 2016",White,2016,23940
cgfei4i23akg00c8tij0,2023-03-25 12.29.07,COMPLETED,ce5gnvrsvc4295bkfasg,236700,Nissan,Leaf,"Nissan Leaf 40 kWh, 149hp, 2020",Red,2020,43870
cgfh1ci23akg00c8tlc0,2023-03-25 15.18.11,COMPLETED,cenim7q23akg00abejjg,362400,Lynk & Co,01,Lynk & Co 01 PHEV Navi Pano Adap Farth Infinity V-hjul,Blue,2021,5560
cgfhvdi23akg00c8tmcg,2023-03-25 16.22.15,COMPLETED,cdb7d3ib4fva42i32dl0,360300,Lynk & Co,01,Lynk & Co 01 PHEV Navi Pano Adap Farth Infinity V-hjul,Blue,2021,8360
cgg0pqi23akg00dmcbk0,2023-03-26 09.14.19,CANCELLED,cg5jfiq23akg008c31o0,595200,Kia,Sorento,"Kia Sorento PHEV Automatic, 265hp, 2022",Blue,2022,14080
cgg1cha23akg00dmcd20,2023-03-26 09.54.13,CANCELLED,ce2vegkmp4uni8bm66f0,447900,Tesla,Model 3,"Tesla Model 3 Long Range AWD, 440hp, 2019",Grey,2019,45450
cgg3aoa23akg00dmcflg,2023-03-26 12.06.58,COMPLETED,ceq302223akg00bke200,727000,Tesla,Model Y,"Tesla Model Y Performance, 450hp, 2022",White,2022,9170
cgg56sa23akg00dmcjd0,2023-03-26 14.15.14,COMPLETED,ce3iuipa47e2k1eqafp0,696100,BMW,4 Series,"BMW i4 eDrive40 Gran Coupé 83.9 kWh, 340hp, 2023",White,2023,6780
cgg8jia23akg00dmcn30,2023-03-26 18.07.05,COMPLETED,cfpaqb223akg00ahndig,536500,Tesla,Model 3,"Tesla Model 3 Long Range AWD, 440hp, 2021",White,2021,22390
cgg908i23akg00dmco0g,2023-03-26 18.34.10,COMPLETED,cdfrdej6ng12iia36s60,133700,Renault,ZOE,"Renault ZOE R210 22 kWh, 88hp, 2015",White,2015,77430
cggjtra23akg00dmd0cg,2023-03-27 06.59.57,COMPLETED,cfpjhqi23akg00ahnlj0,277900,Volkswagen,Golf,"Volkswagen Golf GTE 1.4 TSI DSG Sequential, 204hp, 2020",Grey,2020,7520
cggl2ra23akg00dn8hhg,2023-03-27 08.18.54,COMPLETED,cb6jgshtgs83iilapp10,343900,Hyundai,Kona,"Hyundai Kona Electric 64 kWh, 204hp, 2020",Red,2020,56830
cgglera23akg00dn8j6g,2023-03-27 08.44.29,COMPLETED,cenijmi23akg00abeijg,354200,Lynk & Co,01,Lynk & Co 01 PHEV Navi Pano Adap Farth Infinity V-hjul,Black,2021,15850
cggm25i23akg00dn8lu0,2023-03-27 09.25.43,COMPLETED,ccle1g0vdh3efbvugpjg,480900,Tesla,Model 3,"Tesla Model 3 Long Range AWD, 440hp, 2020",White,2020,26940
cggp1s223akg00dn99k0,2023-03-27 12.49.53,COMPLETED,cdskc21sojqhngp434k0,279000,BMW,i3,"BMW i3s 120 Ah, 183hp, 2019",Grey,2019,72810
cggrqb223akg00863rkg,2023-03-27 15.58.36,COMPLETED,cg84idq23akg00aeupa0,409800,Kia,Niro,"Kia e-Niro 64 kWh, 204hp, 2021",White,2021,33370
cggtr7a23akg00863vbg,2023-03-27 18.17.01,COMPLETED,cdr56i0prf1jaqu1kjr0,300600,Mini,Hatch,"MINI Cooper SE 32.6 kWh, 184hp, 2021",Green,2021,17890
cgh8kai23akg008645j0,2023-03-28 06.33.14,COMPLETED,cg0rnfa23akg00bkfdc0,643600,Tesla,Model Y,"Tesla Model Y Long Range AWD, 345hp, 2022",Black,2022,17860
cgh8r6i23akg008647fg,2023-03-28 06.47.55,COMPLETED,cd1rbf556r0a3avk1mb0,424200,Tesla,Model 3,"Tesla Model 3 Long Range AWD, 440hp, 2019",Grey,2019,80890
cghgbv223akg00bnsarg,2023-03-28 15.21.32,COMPLETED,cenhd1q23akg00abe5rg,385100,Lynk & Co,01,"Lynk & Co 01 PHEV DCT, 261hp, 2022",Black,2022,5670
cghhulq23akg00bnsdpg,2023-03-28 17.09.44,COMPLETED,cfhs8bq23akg0088fq40,388200,Tesla,Model 3,"Tesla Model 3 Standard Range Plus, 258hp, 2020",White,2020,55950
cghu3fi23akg00bnsm40,2023-03-29 06.59.11,COMPLETED,cbtt2op5pbg9f0fvnmc0,365500,Lynk & Co,01,"Lynk & Co 01 PHEV DCT, 261hk, 2021",Black,2021,16740
cghu5kq23akg00bnsmbg,2023-03-29 07.03.47,COMPLETED,cdmc9kodg90ka1ig339g,369600,Volkswagen,Golf,"Volkswagen Golf GTE DSG Sequential, 245hp, 2021",Yellow,2021,25420
cghvo3i23akg00bnsuvg,2023-03-29 08.51.26,COMPLETED,cg5jfiq23akg008c31o0,595200,Kia,Sorento,"Kia Sorento PHEV Automatic, 265hp, 2022",Blue,2022,14080
cgi0buq23akg00bnt16g,2023-03-29 09.33.48,COMPLETED,cg33bai23akg008888l0,478800,Tesla,Model 3,"Tesla Model 3 Long Range AWD, 440hp, 2019",Red,2019,31670
cgi5lvq23akg00c45gk0,2023-03-29 15.36.31,CANCELLED,cbbc80hqdtugg4jn6e20,360300,Lynk & Co,01,Lynk & Co 01 PHEV Navi Pano Adap Farth Infinity V-hjul,Black,2021,10260
cgi5m5a23akg00c45gq0,2023-03-29 15.36.54,COMPLETED,cdmi5ncg1j8eqp1pajgg,452000,Volvo,V60,"Volvo V60 T6 AWD Recharge T6 TwEn AWD Geartronic, 340hp, 2022",White,2022,14950
cgie2aq23akg00c45mp0,2023-03-30 01.08.59,CANCELLED,c9gn7dqgil7t7tgp4qlg,607500,Tesla,Model S,Tesla Model S 100D 423hp Uppgr. AP OP supercharger,Grey,2018,78850
cgil5vi23akg00c4611g,2023-03-30 09.14.38,COMPLETED,cdt6f3npoemtr09psmbg,530300,Tesla,Model 3,"Tesla Model 3 Long Range AWD, 440hp, 2021",Grey,2021,28830
cgir0kq23akg00ct6in0,2023-03-30 15.52.52,COMPLETED,cdb7c5ab4fva42i32dbg,362400,Lynk & Co,01,Lynk & Co 01 PHEV Navi Pano Adap Farth Infinity V-hjul,Black,2021,5890
cgitjoi23akg00ct6mj0,2023-03-30 18.50.10,CANCELLED,c9ocgilruh3rv28intng,545700,Tesla,Model S,Tesla Model S 100D AWD AutoPilot Pano Leasbar V-hjul ,Grey,2017,67210
cgjbb2q23akg00ct7j30,2023-03-31 10.27.23,RETURNED,cetu89223akg00am78jg,411800,Tesla,Model 3,"Tesla Model 3 Standard Range Plus, 258hp, 2020",Black,2020,32500
cgjd3s223akg00ct81ig,2023-03-31 12.28.33,COMPLETED,ce8sasfeunm6t3js97jg,423200,Volvo,XC40,"Volvo XC40 T4 Recharge T4 TwEn DCT, 211hp, 2021",Grey,2021,35990
cgjdb8223akg00ct82lg,2023-03-31 12.44.17,RETURNED,cenie6223akg00abegag,362400,Lynk & Co,01,Lynk & Co 01 PHEV Navi Pano Adap Farth Infinity V-hjul,Black,2021,4570
cgjdrtq23akg00ct863g,2023-03-31 13.19.51,COMPLETED,cg83ahi23akg00aeuijg,323300,Volkswagen,Passat,"Volkswagen Passat Variant GTE DSG Sequential, 218hp, 2020",Silver,2020,29790
cgjf6g223akg00ct89t0,2023-03-31 14.50.41,CANCELLED,cg46era23akg00eiitvg,557100,Kia,EV6,"Kia EV6 77.4 kWh, 228hp, 2022",Grey,2022,27210
cgjge5q23akg00ct8cs0,2023-03-31 16.15.20,COMPLETED,cdkhjd3ouu6qmft5g0e0,269700,Mitsubishi,Outlander,"Mitsubishi Outlander P-HEV 2.0 Hybrid 4WD CVT, 203hp, 2018",Red,2018,49260
cgk16da23akg00ct90a0,2023-04-01 11.19.17,COMPLETED,cdggko4j0cdqbhc5vl6g,280000,Mazda,MX-30,"Mazda MX-30 e-SKYACTIV, 143hp, 2021",Black,2021,21880
cgk8n8i23akg00ct99u0,2023-04-01 19.53.06,COMPLETED,cdmeu90dg90ka1ig35u0,222300,Nissan,Leaf,"Nissan Leaf 40 kWh, 149hp, 2020",Red,2020,45470
cgke6hi23akg00amecvg,2023-04-02 02.07.03,CANCELLED,cervabq23akg00cq770g,463300,Tesla,Model 3,"Tesla Model 3 Performance, 510hp, 2019",White,2019,58390
cgl7olq23akg00amfcv0,2023-04-03 07.12.24,COMPLETED,cdenflvggblbac1bgc00,334600,Kia,Niro,"Kia e-Niro 64 kWh, 204hp, 2019",Grey,2019,85000
cgl9k2223akg00amg1e0,2023-04-03 09.19.04,CANCELLED,cg46era23akg00eiitvg,557100,Kia,EV6,"Kia EV6 77.4 kWh, 228hp, 2022",Grey,2022,27210
cglabs223akg008k2atg,2023-04-03 10.09.52,COMPLETED,cfohkga23akg00ahmv8g,640500,Tesla,Model Y,"Tesla Model Y Long Range AWD, 345hp, 2021",White,2021,22690
cglb2d223akg008k2ehg,2023-04-03 10.57.56,RETURNED,cfduivq23akg00curso0,438600,Tesla,Model 3,"Tesla Model 3 Long Range AWD, 440hp, 2020",Grey,2020,68180
cglc2ja23akg008k2l0g,2023-04-03 12.06.38,COMPLETED,cdb7jl36sl5embl46bh0,349000,Lynk & Co,01,Lynk & Co 01 PHEV Navi Pano Adap Farth Infinity V-hjul,Black,2021,7030
cgld0gi23akg008k2stg,2023-04-03 13.10.26,CANCELLED,cdhv23vdr6q6kcq9t910,503500,Tesla,Model 3,"Tesla Model 3 Long Range AWD, 440hp, 2021",Grey,2021,55730
cgljsa223akg008k3fmg,2023-04-03 20.59.20,COMPLETED,cdhuq57dr6q6kcq9t8r0,226400,Hyundai,Ioniq,"Hyundai Ioniq Plug-in 1.6 + 8.9 kWh DCT, 164hp, 2020",,2020,49480
cgltjna23akg008k46tg,2023-04-04 08.03.41,COMPLETED,cdb7avj6sl5embl46b50,357300,Lynk & Co,01,"Lynk & Co 01 PHEV DCT, 261 hp, 2021",Black,2021,7900
cglu03223akg008k4920,2023-04-04 08.30.04,COMPLETED,cff1mmi23akg00b7cgj0,802200,Tesla,Model X,"Tesla Model X Performance, 611hp, 2019",Grey,2019,47260
cglv8uq23akg008k4j80,2023-04-04 09.57.16,COMPLETED,cc6dgdvjn6s281s10rs0,363400,Lynk & Co,01,Lynk & Co 01 PHEV Navi Pano Adap Farth Infinity V-hjul,Black,2021,10600
cglvv2223akg00cdksg0,2023-04-04 10.44.24,COMPLETED,cg2tlba23akg008878kg,453000,Volvo,V60,"Volvo V60 T6 AWD Recharge T6 TwEn AWD Geartronic, 340hp, 2021",Black,2021,29210
cgm1nqi23akg00cdl9r0,2023-04-04 12.45.30,COMPLETED,ce6cdfp03mj172sj6e70,261500,Hyundai,Ioniq,"Hyundai Ioniq Plug-in 1.6 + 8.9 kWh DCT, 164hp, 2020",,2020,40050
cgm43ja23akg00cdltkg,2023-04-04 15.27.10,CANCELLED,cenho9q23akg00abe96g,353100,Lynk & Co,01,Lynk & Co 01 PHEV Navi Pano Adap Farth Infinity V-hjul,Black,2021,8480
cgm4duq23akg00cdlup0,2023-04-04 15.49.16,CANCELLED,cg0trbi23akg008jsvs0,607500,Tesla,Model 3,"Tesla Model 3 Long Range AWD, 440hp, 2022",White,2022,10750
cgm4uqa23akg00cdm1dg,2023-04-04 16.25.14,COMPLETED,c9ntmuetb1sfhf2vm3g0,442700,Tesla,Model 3,"Tesla Model 3 Long Range AWD, 440hp, 2019",Grey,2019,49670
cgm4vpi23akg00cdm1mg,2023-04-04 16.27.18,COMPLETED,cf05gqq23akg00dv507g,969100,Tesla,Model X,"Tesla Model X Performance, 611hp, 2020",Grey,2020,43160
cgm5mv223akg00cdm4h0,2023-04-04 17.16.45,CANCELLED,cdh8u1qplepcm5sjua20,257300,MG,ZS SUV,"MG ZS EV, 143hp, 2020",Red,2020,26460
cgmh9ei23akg00cdnbvg,2023-04-05 06.27.07,COMPLETED,ceu1ska23akg00am7gl0,435500,Tesla,Model 3,"Tesla Model 3 Long Range AWD, 440hp, 2020",Red,2020,82510
cgmiamq23akg00cdnju0,2023-04-05 07.38.03,COMPLETED,cg7gh0i23akg00ebe7f0,711600,Volvo,C40,"Volvo C40 Recharge Twin motor, 408hp, 2023",Black,2023,1330
cgmjc7i23akg00cdnt8g,2023-04-05 08.49.35,COMPLETED,cg72dd223akg009ia0o0,555000,Polestar,2,"Polestar 2 Long Range Dual Motor, 408hp, 2022",Blue,2022,27360
cgmmqoa23akg00cdoorg,2023-04-05 12.45.22,COMPLETED,cbbc80hqdtugg4jn6e20,341800,Lynk & Co,01,Lynk & Co 01 PHEV Navi Pano Adap Farth Infinity V-hjul,Black,2021,10260
cgmn51i23akg00cdorgg,2023-04-05 13.07.19,COMPLETED,cfh7kga23akg00dclp40,421100,Tesla,Model 3,"Tesla Model 3 Long Range AWD, 440hp, 2019",Black,2019,85780
cgmns2223akg00cme4c0,2023-04-05 13.56.25,COMPLETED,cdhorr62cps93ahq0pf0,596200,Polestar,2,"Polestar 2 Long Range Dual Motor, 408hp, 2021",Grey,2021,34550
cgmpmhi23akg00f0ptb0,2023-04-05 16.01.10,COMPLETED,cc6sg6k7p4drtvtf87ig,353100,Lynk & Co,01,"Lynk & Co 01 PHEV DCT, 261hp, 2021",Blue,2021,7480
cgn7q1223akg008j5rk0,2023-04-06 08.04.20,COMPLETED,cg4b2ti23akg00f77ng0,314000,BMW,i3,"BMW i3s 120 Ah, 183hp, 2020",Grey,2020,23280
cgncmfi23akg008j7av0,2023-04-06 13.38.06,COMPLETED,ccc4r22dc36vbji7mm50,236700,Volkswagen,Golf,"Volkswagen e-Golf 35.8 kWh, 136hp, 2019",White,2019,44280
cgndmkq23akg00cm3vsg,2023-04-06 14.46.43,COMPLETED,ceni1ji23akg00abeb50,351100,Lynk & Co,01,Lynk & Co 01 PHEV Navi Pano Adap Farth Infinity V-hjul,Black,2021,12170
cgnsv8i23akg00cm52d0,2023-04-07 08.09.06,COMPLETED,ca5ofn1sujklf4id9q10,185200,Volkswagen,Golf,"Volkswagen e-Golf 24.2 kWh, 115hk, 2016",Silver,2016,78090
cgo3bra23akg00f5k66g,2023-04-07 15.25.34,CANCELLED,ceq43qq23akg00bke5ig,628100,Volvo,XC60,"Volvo XC60 T8 AWD Recharge T8 TwEn AWD Geartronic, 392hp, 2022",Black,2022,18270
cgon0ha23akg00ehgdl0,2023-04-08 13.46.46,CANCELLED,cenil5q23akg00abej90,335600,Lynk & Co,01,Lynk & Co 01 PHEV Navi Pano Adap Farth Infinity V-hjul,Blue,2021,24300
cgp658223akg00fbkb40,2023-04-09 07.00.48,COMPLETED,cenhpj223akg00abe9j0,352100,Lynk & Co,01,Lynk & Co 01 PHEV Navi Pano Adap Farth Infinity V-hjul,Blue,2021,9300
cgpag2i23akg00fbkn70,2023-04-09 11.56.58,RETURNED,cc6dbgc7p4drtvtf85sg,352100,Lynk & Co,01,Lynk & Co 01 PHEV Navi Pano Adap Farth Infinity V-hjul,Black,2021,8990
cgpak0i23akg00fbknrg,2023-04-09 12.05.22,COMPLETED,cdhv23vdr6q6kcq9t910,503500,Tesla,Model 3,"Tesla Model 3 Long Range AWD, 440hp, 2021",Grey,2021,55730
cgpfia223akg00fbl49g,2023-04-09 17.43.05,COMPLETED,cdl52ir5i87vc0klqg10,241900,Nissan,Leaf,"Nissan Leaf 40 kWh, 149hp, 2019",White,2019,21170
cgps26a23akg00fblutg,2023-04-10 07.56.09,CANCELLED,cei3lpi23akg008e4iu0,245000,Kia,Optima,"Kia Optima Sport Wagon Plug-in Hybrid Automatic, 205hp, 2018",Blue,2018,71540
cgputo223akg00fbm9vg,2023-04-10 11.11.29,CANCELLED,cc6t3jqpkdqhnkd16500,353100,Lynk & Co,01,Lynk & Co 01 PHEV Navi Pano Adap Farth Infinity V-hjul,Blue,2021,6550
cgq2eb223akg00fbmj4g,2023-04-10 15.11.41,RETURNED,cfqtr2223akg00cjr8jg,180100,Renault,ZOE,"Renault ZOE R90 41 kWh, 92hp, 2018",White,2018,21190
cgq50hq23akg00fbmptg,2023-04-10 18.07.03,CANCELLED,cfrhm4223akg00ef9at0,743500,Tesla,Model S,"Tesla Model S Long Range AWD, 423hp, 2021",Black,2021,62920
cgqfqvq23akg00fbnl60,2023-04-11 06.26.07,COMPLETED,cg46jrq23akg00eiiuv0,684800,BMW,4 Series,"BMW i4 eDrive40 Gran Coupé 83.9 kWh, 340hp, 2023",Grey,2023,8100
cgqhafq23akg00fbo5lg,2023-04-11 08.07.28,COMPLETED,cfp6r6i23akg00ahnclg,341800,Mitsubishi,Outlander,"Mitsubishi Outlander P-HEV 2.4 Hybrid 4WD CVT, 230hp, 2020",Red,2020,22820
cgqip4q23akg00fnr6fg,2023-04-11 09.47.00,CANCELLED,ceni3aa23akg00abebjg,354200,Lynk & Co,01,"Lynk & Co 01 PHEV DCT, 261hp, 2021",Black,2021,7010
cgqlnba23akg00fnrtu0,2023-04-11 13.07.58,CANCELLED,cdb6rrj6sl5embl46a30,353100,Lynk & Co,01,Lynk & Co 01 PHEV Navi Pano Adap Farth Infinity V-hjul,Blue,2021,7330
cgqm07q23akg00fns1t0,2023-04-11 13.26.55,COMPLETED,cgk4k5a23akg00ct94vg,535400,Tesla,Model Y,"Tesla Model Y Standard Range, 299hp, 2023",White,2023,920
cgqm3t223akg00fns2k0,2023-04-11 13.34.45,COMPLETED,cc7j0gs7p4drtvtf8e3g,507600,Mercedes-Benz,EQA,"Mercedes-Benz EQA 250, 190hp, 2021",Black,2021,17630
cgqmh5a23akg00fns5cg,2023-04-11 14.03.02,COMPLETED,cdt5dqm9ukdefbdg1sag,200700,Renault,ZOE,"Renault ZOE R110 41 kWh, 109hp, 2019",Black,2019,51580
cgqndt223akg00fns9n0,2023-04-11 15.04.20,COMPLETED,cenikcq23akg00abeiv0,354200,Lynk & Co,01,Lynk & Co 01 PHEV Navi Pano Adap Farth Infinity V-hjul,Blue,2021,6380
cgqnkgi23akg00fnsav0,2023-04-11 15.18.27,COMPLETED,ceo13nq23akg00b3bplg,347000,Hyundai,Kona,"Hyundai Kona Electric 64 kWh, 204hp, 2020",Grey,2020,38920
cgr5ufq23akg00agd5q0,2023-04-12 07.35.27,CANCELLED,cb95ftd8v5fi6jsumaq0,350000,Hyundai,Kona,"Hyundai Kona Electric 64 kWh, 204hp, 2020",Grey,2020,41930
cgra0l223akg009aspk0,2023-04-12 12.13.09,COMPLETED,cfl0h3a23akg0088eej0,616800,Tesla,Model Y,"Tesla Model Y Long Range AWD, 514hp, 2021",White,2021,33400
cgramji23akg009at2fg,2023-04-12 12.59.58,CANCELLED,cfp5a0q23akg00ahnagg,427300,Tesla,Model 3,"Tesla Model 3 Long Range AWD, 440hp, 2020",Grey,2020,88220
cgrb91a23akg009at7jg,2023-04-12 13.39.18,CANCELLED,cfkdvii23akg00c3t4vg,398500,Tesla,Model 3,"Tesla Model 3 Standard Range Plus, 258hp, 2020",White,2020,23210
cgrdc7a23akg00dfv9ig,2023-04-12 16.02.38,COMPLETED,ceqcn5223akg00dslnj0,393300,Tesla,Model 3,"Tesla Model 3 Standard Range Plus, 258hp, 2020",White,2020,49720
cgrshf223akg00bouglg,2023-04-13 09.17.49,COMPLETED,cdectoomf7v4e160md60,426300,Kia,Niro,"Kia e-Niro 64 kWh, 204hp, 2021",Grey,2021,3060
cgs0lha23akg00bovi9g,2023-04-13 13.59.33,CANCELLED,cbvkhrijnl20thd1ana0,264600,Volkswagen,Golf,"Volkswagen e-Golf 35.8 kWh, 136hp, 2020",Blue,2020,38770
cgs1kda23akg00bovlq0,2023-04-13 15.05.26,COMPLETED,cfkdvii23akg00c3t4vg,398500,Tesla,Model 3,"Tesla Model 3 Standard Range Plus, 258hp, 2020",White,2020,23210
cgs2rvi23akg00bovq70,2023-04-13 16.29.50,COMPLETED,cenil5q23akg00abej90,335600,Lynk & Co,01,Lynk & Co 01 PHEV Navi Pano Adap Farth Infinity V-hjul,Blue,2021,24300
cgs3jji23akg00bovrs0,2023-04-13 17.20.15,COMPLETED,cg7irl223akg00ebet90,251200,Nissan,Leaf,"Nissan Leaf, 150hp, 2020",Grey,2020,27490
cgsfv5q23akg00bp0nr0,2023-04-14 07.24.07,COMPLETED,cc6t3jqpkdqhnkd16500,353100,Lynk & Co,01,Lynk & Co 01 PHEV Navi Pano Adap Farth Infinity V-hjul,Blue,2021,6550
cgshf5i23akg00foqbug,2023-04-14 09.06.31,CANCELLED,cfd5bti23akg008t86sg,442700,Tesla,Model 3,"Tesla Model 3 Long Range AWD, 440hp, 2019",White,2019,40310
cgshnhq23akg00foqdhg,2023-04-14 09.24.23,COMPLETED,cfr3b7223akg00ef8vtg,288200,Mitsubishi,Outlander,"Mitsubishi Outlander P-HEV 2.4 Hybrid 4WD CVT, 230hp, 2020",Brown,2020,65070
cgsi85i23akg00foqi60,2023-04-14 09.59.51,COMPLETED,cfvkr5223akg00emmu40,430400,Tesla,Model 3,"Tesla Model 3 Long Range AWD, 440hp, 2020",Black,2020,67490
cgsihs223akg00foqkpg,2023-04-14 10.20.33,RETURNED,cg1ifmi23akg00d8j1v0,199700,Nissan,Leaf,"Nissan Leaf, 150hp, 2018",Black,2018,75880
cgsjeva23akg00foqro0,2023-04-14 11.22.38,CANCELLED,ceulrvi23akg00am8beg,572500,Volvo,XC90,"Volvo XC90 T8 TwEn AWD Geartronic, 407hp, 2018",Black,2018,76460
cgsjn5223akg00foquc0,2023-04-14 11.40.05,COMPLETED,calmr1u16b1lv6qg1oq0,700400,Tesla,Model S,"Tesla Model S Long Range AWD RAVEN 423hp, 2020",White,2020,48060
cgskgai23akg0099l4f0,2023-04-14 12.33.47,COMPLETED,cg3j0hi23akg0084vc50,545900,Skoda,Enyaq iV,"Skoda Enyaq iV 80 82 kWh, 204hp, 2021",Black,2021,32910
cgslp1q23akg0099ls5g,2023-04-14 14.00.39,COMPLETED,cebgaoi23akg008u8gkg,420100,Volvo,S60,"Volvo S60 T8 TwEn AWD Geartronic, 392hp, 2020",Black,2020,27210
cgsmb6223akg0099m2k0,2023-04-14 14.39.20,COMPLETED,cdb7kdk4a2a7u35d09n0,352100,Lynk & Co,01,"Lynk & Co 01 PHEV DCT, 261hk, 2021",Blue,2021,8110
cgsmnta23akg0099m4rg,2023-04-14 15.06.29,COMPLETED,c9kf33ossg5stb4ot36g,657000,Audi,e-tron,"Audi e-tron 55 quattro, 408hk, 2020",Grey,2020,58600
cgsmtb223akg0099m610,2023-04-14 15.18.05,COMPLETED,cenieti23akg00abegn0,350000,Lynk & Co,01,"Lynk & Co 01 PHEV DCT, 261hp, 2021",Blue,2021,14310
cgsnbcq23akg0099m84g,2023-04-14 15.48.04,CANCELLED,c9apkn5pj1cq7nm6okmg,350000,Lynk & Co,01,Lynk & Co 01 PHEV Navi Pano Adap Farth Infinity Drag V-hjul,Blue,2021,31860
cgsnj5q23akg0099m9i0,2023-04-14 16.04.40,COMPLETED,cdb74nib4fva42i32cc0,352100,Lynk & Co,01,"Lynk & Co 01 PHEV DCT, 261hp, 2021",Blue,2021,10380
cgsnqa223akg0099mah0,2023-04-14 16.19.53,COMPLETED,cenie6223akg00abegag,355200,Lynk & Co,01,Lynk & Co 01 PHEV Navi Pano Adap Farth Infinity V-hjul,Black,2021,4570
cgso5ka23akg0099mcf0,2023-04-14 16.44.01,COMPLETED,cfh3fea23akg00f33fmg,391200,Tesla,Model 3,"Tesla Model 3 Standard Range Plus, 258hp, 2020",White,2020,69390
cgsqlpa23akg0099mji0,2023-04-14 19.35.01,COMPLETED,cdjqvr3ouu6qmft5fr60,249100,Volkswagen,Golf,"Volkswagen e-Golf 35.8 kWh, 136hp, 2019",Blue,2019,27500
cgt9bji23akg0099nn50,2023-04-15 12.17.18,COMPLETED,c802m45mmudf9q5l7ru0,257300,BMW,i3,"i3s 94Ah Comfort Advanced DAP HK 20""",Blue,2018,48390
cgt9j5i23akg0099no80,2023-04-15 12.33.27,COMPLETED,ccorgkhanivl37euvj8g,241900,BMW,i3,"BMW i3s 94 Ah, 183hp, 2018 Comfort Edition Plus ",Grey,2018,61670
cgtc81i23akg0099o0u0,2023-04-15 15.34.30,COMPLETED,cenibli23akg00abef60,354200,Lynk & Co,01,Lynk & Co 01 PHEV Navi Pano Adap Farth Infinity V-hjul,Black,2021,7180
cgtcde223akg0099o1u0,2023-04-15 15.46.00,CANCELLED,cf4qrsq23akg00ffe4kg,483900,Tesla,Model 3,"Tesla Model 3 Long Range AWD, 440hp, 2020",Black,2020,32580
cgtraji23akg0099pd4g,2023-04-16 08.43.58,COMPLETED,ce7mf9v0c1kr68pfq4vg,520000,Polestar,2,"Polestar 2 Standard Range Single Motor, 224hp, 2022",Black,2022,11160
cgu0k0a23akg0099q120,2023-04-16 14.45.21,COMPLETED,cdbvcuup28ifssh6u1d0,253200,Volkswagen,Golf,"Volkswagen e-Golf 35.8 kWh, 136hp, 2019",Brown,2019,18750
cgufeci23akg0099rlvg,2023-04-17 07.37.23,COMPLETED,cfd5bti23akg008t86sg,442700,Tesla,Model 3,"Tesla Model 3 Long Range AWD, 440hp, 2019",White,2019,40310
cgugteq23akg0099s7n0,2023-04-17 09.17.47,COMPLETED,cfhtuva23akg0088fs1g,632300,Tesla,Model Y,"Tesla Model Y Long Range AWD, 345hp, 2021",White,2021,15510
cgukc0q23akg0099tbf0,2023-04-17 13.13.39,COMPLETED,cc6d9p2pkdqhnkd1623g,351100,Lynk & Co,01,Lynk & Co 01 PHEV Navi Pano Adap Farth Infinity V-hjul,Blue,2021,10480
cgulhpq23akg0099tp60,2023-04-17 14.34.16,CANCELLED,c9apkn5pj1cq7nm6okmg,350000,Lynk & Co,01,Lynk & Co 01 PHEV Navi Pano Adap Farth Infinity Drag V-hjul,Blue,2021,31860
cgum2bq23akg0099tssg,2023-04-17 15.09.36,CANCELLED,ceni98i23akg00abee6g,351100,Lynk & Co,01,"Lynk & Co 01 PHEV DCT, 261hp, 2021",Blue,2021,11810
cguo4jq23akg0099u5hg,2023-04-17 17.30.56,COMPLETED,cc2e0hnjn6s281s103kg,265600,Volkswagen,Passat,"Volkswagen Passat Variant GTE DSG Sequential, 218hp, 2018",White,2018,86650
cgv60tq23akg008125qg,2023-04-18 09.18.47,COMPLETED,ce2vegkmp4uni8bm66f0,440700,Tesla,Model 3,"Tesla Model 3 Long Range AWD, 440hp, 2019",Grey,2019,45450
cgv6n2q23akg00cd698g,2023-04-18 10.06.04,COMPLETED,ceni7i223akg00abede0,352100,Lynk & Co,01,Lynk & Co 01 PHEV Navi Pano Adap Farth Infinity V-hjul,Black,2021,9660
cgv8ao223akg00cd6omg,2023-04-18 11.56.17,COMPLETED,cfaj9ua23akg00av9cu0,520000,Tesla,Model 3,"Tesla Model 3 Long Range AWD, 440hp, 2021",White,2021,25060
cgvc0nq23akg00foh910,2023-04-18 16.08.00,COMPLETED,cg0trbi23akg008jsvs0,586900,Tesla,Model 3,"Tesla Model 3 Long Range AWD, 440hp, 2022",White,2022,10750
cgveg6q23akg00fohidg,2023-04-18 18.57.31,COMPLETED,cei3lpi23akg008e4iu0,245000,Kia,Optima,"Kia Optima Sport Wagon Plug-in Hybrid Automatic, 205hp, 2018",Blue,2018,71540
cgvpbmq23akg009dk000,2023-04-19 07.18.51,CANCELLED,ceni43i23akg00abebtg,350000,Lynk & Co,01,Lynk & Co 01 PHEV Navi Pano Adap Farth Infinity V-hjul,Black,2021,13300
cgvpi8223akg009dk24g,2023-04-19 07.32.49,COMPLETED,cg7eooa23akg00eqv0dg,554000,Skoda,Enyaq iV,"Skoda Enyaq iV 80 82 kWh, 204hp, 2021",Silver,2021,31370
cgvqpt223akg009dkjtg,2023-04-19 08.57.25,COMPLETED,cd7f3l2b4fva42i31k30,555000,Tesla,Model 3,"Tesla Model 3 Performance, 513hp, 2021",White,2021,30770
cgvquia23akg009dklgg,2023-04-19 09.07.22,RETURNED,ceunsbi23akg00am8i70,705400,Tesla,Model Y,"Tesla Model Y Performance, 450hp, 2022",White,2022,12280
cgvulfa23akg009dlt3g,2023-04-19 13.21.02,COMPLETED,cf7ass223akg00ehqspg,512300,Polestar,2,"Polestar 2 Standard Range Single Motor, 224hp, 2022",Blue,2022,12630
ch00b0i23akg009dmc8g,2023-04-19 15.15.14,COMPLETED,ceni43i23akg00abebtg,350000,Lynk & Co,01,Lynk & Co 01 PHEV Navi Pano Adap Farth Infinity V-hjul,Black,2021,13300
ch00fji23akg009dmd50,2023-04-19 15.25.02,CANCELLED,cfst7eq23akg00d1tc3g,579700,Volvo,S60,"Volvo S60 T8 AWD Polestar Engineered Recharge T8 AWD Geartronic, 405hp, 2022",Silver,2022,31230
ch014ka23akg009dmfng,2023-04-19 16.09.54,COMPLETED,cc6dop7jn6s281s10s1g,350000,Lynk & Co,01,"Lynk & Co 01 PHEV DCT, 261hp, 2021",Blue,2021,13780
ch03ari23akg009dmmp0,2023-04-19 18.39.42,COMPLETED,cdkd9igmm2ruuq5mtdsg,652900,Tesla,Model Y,"Tesla Model Y Long Range AWD, 345hp, 2021",Black,2021,24250
ch0g06q23akg00cbleh0,2023-04-20 09.04.28,CANCELLED,cdh8u1qplepcm5sjua20,253200,MG,ZS SUV,"MG ZS EV, 143hp, 2020",Red,2020,26460
ch0j0ja23akg00cbm9u0,2023-04-20 12.30.06,COMPLETED,cevv4mi23akg00dv4k30,668300,Tesla,Model Y,"Tesla Model Y Long Range AWD, 345hp, 2021",Grey,2021,16680
ch0jog223akg00cbmltg,2023-04-20 13.21.05,CANCELLED,c9p49umumlmkoi7hb1ug,327400,Kia,Niro,"Kia e-Niro 64 kWh, 204hp, 2019",White,2019,44840
ch0k7gq23akg00cbmp60,2023-04-20 13.53.08,COMPLETED,cg3j6ba23akg0084ve8g,576600,Tesla,Model 3,"Tesla Model 3 Performance, 513hp, 2021",Grey,2021,8200
ch0ljai23akg00cbn0hg,2023-04-20 15.26.35,COMPLETED,cdb7l2c4a2a7u35d09og,351100,Lynk & Co,01,Lynk & Co 01 PHEV Navi Pano Adap Farth Infinity V-hjul,Black,2021,11480
ch0nloq23akg00cbn6og,2023-04-20 17.48.19,COMPLETED,cg2aok223akg00d8juq0,453000,Tesla,Model 3,"Tesla Model 3 Long Range AWD, 440hp, 2020",Blue,2020,57050
ch133fi23akg00df6e9g,2023-04-21 06.48.30,COMPLETED,cfce7cq23akg00d3kig0,261500,Mitsubishi,Outlander,"Mitsubishi Outlander P-HEV 2.0 Hybrid 4WD CVT, 203hp, 2018",Silver,2018,64600
ch14d6223akg00df6sog,2023-04-21 08.17.29,COMPLETED,cdhtd6e2cps93ahq0s6g,229500,Hyundai,Ioniq,"Hyundai Ioniq Plug-in 1.6 + 8.9 kWh DCT, 164hp, 2019",Grey,2019,67730
ch15gi223akg00df76vg,2023-04-21 09.32.57,COMPLETED,cfufuki23akg009ccki0,298500,Mitsubishi,Outlander,"Mitsubishi Outlander P-HEV 2.4 Hybrid 4WD CVT, 230hp, 2020",Red,2020,57150
ch15giq23akg00df7770,2023-04-21 09.33.00,COMPLETED,cd21ls47eup0t5ve98c0,287200,Mitsubishi,Outlander,"Mitsubishi Outlander P-HEV 2.4 Hybrid 4WD CVT, 230hp, 2019",Brown,2019,65010
ch18cr223akg00df83cg,2023-04-21 12.49.48,COMPLETED,c8j28dk01oflmkld8k8g,623000,Tesla,Model X,"Tesla Model X 100D, 423hp, 2017",Black,2017,76310
ch192ti23akg00df8p40,2023-04-21 13.36.55,COMPLETED,ceieirq23akg008e4u20,395400,BMW,X1,"BMW X1 xDrive25e Steptronic, 220hp, 2021",Silver,2021,57770
ch1ab2a23akg00df9210,2023-04-21 15.02.34,COMPLETED,c9apkn5pj1cq7nm6okmg,348000,Lynk & Co,01,Lynk & Co 01 PHEV Navi Pano Adap Farth Infinity Drag V-hjul,Blue,2021,31860
ch1gsp223akg00df9k4g,2023-04-21 22.29.56,CANCELLED,cc199stg1mskjr6rd1m0,454100,Tesla,Model 3,"Tesla Model 3 Long Range AWD, 440hp, 2020",Grey,2020,45140
ch1p5p223akg00dfa65g,2023-04-22 07.55.16,COMPLETED,cg2u7ui23akg00887ci0,540600,Tesla,Model 3,"Tesla Model 3 Long Range AWD, 440hp, 2021",Black,2021,32780
ch1r0pq23akg00dfad60,2023-04-22 10.01.11,COMPLETED,cg8aa0a23akg00aevtb0,483900,Volvo,XC60,"Volvo XC60 T8 TwEn AWD Geartronic, 392hp, 2020",Grey,2020,53930
ch2f0qi23akg00dfc370,2023-04-23 08.46.34,COMPLETED,cg6vo3q23akg009i9uag,453000,Tesla,Model 3,"Tesla Model 3 Long Range AWD, 440hp, 2020",Blue,2020,68320
ch2fmga23akg00dfc5qg,2023-04-23 09.32.50,CANCELLED,ceni3aa23akg00abebjg,352100,Lynk & Co,01,"Lynk & Co 01 PHEV DCT, 261hp, 2021",Black,2021,7010
ch3284223akg00dfdo30,2023-04-24 06.39.13,CANCELLED,cgisama23akg00ct6kf0,720800,Tesla,Model Y,"Tesla Model Y Performance, 450hp, 2022",Black,2022,14980
ch32jgi23akg00dfdr7g,2023-04-24 07.03.30,CANCELLED,cf16agi23akg00dv6160,577700,Polestar,2,"Polestar 2 Long Range Single Motor, 231hp, 2022",White,2022,24050
ch33koi23akg00dfe23g,2023-04-24 08.14.27,CANCELLED,cdtluu8gc0j82ofjfb9g,375800,Tesla,Model 3,"Tesla Model 3 Standard Range Plus, 258hp, 2019",Blue,2019,52060
ch34gha9io6g0094pcp0,2023-04-24 09.13.42,RETURNED,cd5shb3nudj22rj9gb1g,536500,Mercedes-Benz,EQA,"Mercedes-Benz EQA 250, 190hp, 2021",Blue,2021,25730
ch36b529io6g0094prs0,2023-04-24 11.18.45,COMPLETED,cenho9q23akg00abe96g,351100,Lynk & Co,01,Lynk & Co 01 PHEV Navi Pano Adap Farth Infinity V-hjul,Black,2021,8480
ch37kba9io6g0094qfb0,2023-04-24 12.46.38,CANCELLED,cg46adi23akg00eiiscg,560200,Kia,EV6,"Kia EV6 77.4 kWh, 228hp, 2022",Grey,2022,13850
ch3a6ja9io6g00bc16sg,2023-04-24 15.42.05,CANCELLED,cfn9bna23akg00d02edg,613700,Tesla,Model Y,"Tesla Model Y Long Range AWD, 514hp, 2021",Black,2021,27860
ch3adr29io6g00bc17f0,2023-04-24 15.57.32,CANCELLED,cdtieem9ukdefbdg1tcg,279000,Hyundai,Ioniq,"Hyundai Ioniq Electric 38.3 kWh, 136hp, 2020",Black,2020,59750
ch3bafi9io6g00bc1aqg,2023-04-24 16.58.38,COMPLETED,cfnl7vi23akg00cdstug,446900,Volvo,V90,"Volvo V90 T8 TwEn AWD Geartronic, 392hp, 2020",Grey,2020,66460
ch3nk3q9io6g009olaug,2023-04-25 06.58.23,COMPLETED,cfv056a23akg009ce640,433500,Tesla,Model 3,"Tesla Model 3 Long Range AWD, 440hp, 2020",White,2020,69470
ch3nsbi9io6g009olddg,2023-04-25 07.15.58,CANCELLED,c9irkmppmntpmqs6phtg,470600,Tesla,Model 3,"Tesla Model 3 Performance, 510hp, 2020",White,2020,64700
ch3p9na9io6g009olum0,2023-04-25 08.52.46,CANCELLED,cdagtiqb4fva42i327a0,318100,Mitsubishi,Outlander,"Mitsubishi Outlander P-HEV 2.4 Hybrid 4WD CVT, 230hp, 2020",White,2020,40940
ch3pf8a9io6g009om1kg,2023-04-25 09.04.33,COMPLETED,cfjpb1i23akg00c3sofg,555000,Tesla,Model 3,"Tesla Model 3 Performance, 513hp, 2021",White,2021,27010
ch3sq4q9io6g009on100,2023-04-25 12.52.36,COMPLETED,cf5t6p223akg00b34q2g,599400,Kia,EV6,"Kia EV6 77.4 kWh AWD, 325hp, 2022",White,2022,16730
ch3t1029io6g009on2g0,2023-04-25 13.07.13,CANCELLED,cfvegma23akg009cf180,659000,Tesla,Model Y,"Tesla Model Y Long Range AWD, 345hp, 2021",Black,2021,29600
ch3tv0a9io6g00d10hvg,2023-04-25 14.11.13,CANCELLED,cevv4mq23akg00dv4k6g,670400,Tesla,Model Y,"Tesla Model Y Long Range AWD, 345hp, 2021",Grey,2021,11880
ch3utpi9io6g00d10mt0,2023-04-25 15.16.55,CANCELLED,cf4pb2223akg00ffe3tg,386100,Tesla,Model 3,"Tesla Model 3 Standard Range Plus, 258hp, 2020",Red,2020,50840
ch43eci9io6g00dg0050,2023-04-25 20.25.23,COMPLETED,cf7vq3i23akg00f1m1r0,578700,Skoda,Enyaq iV,"Škoda Enyaq iV 80, 204hp, 2022",Grey,2022,7690
ch4eaka9io6g00dg1bbg,2023-04-26 08.48.18,COMPLETED,c8k7e7t8esvdcptu9u20,635400,Polestar,2,Polestar 2 Long Range Dual AWD Performance V-hjul,,2021,32340
ch4eeqq9io6g00dg1cdg,2023-04-26 08.57.15,COMPLETED,cfi8q0223akg0088fv50,638600,Kia,EV6,"Kia EV6 77.4 kWh AWD, 325hp, 2022",White,2022,9880
ch4gft29io6g00dg1n1g,2023-04-26 11.16.04,CANCELLED,cepf6ha23akg00bkdecg,308800,Kia,Ceed,"Kia Ceed Sportswagon Plug-in Hybrid DCT, 141hp, 2021",Blue,2021,29790
ch4h1v29io6g00dg1s0g,2023-04-26 11.54.36,COMPLETED,cevv4mq23akg00dv4k6g,670400,Tesla,Model Y,"Tesla Model Y Long Range AWD, 345hp, 2021",Grey,2021,11880
ch4h3ri9io6g00dg1sg0,2023-04-26 11.58.38,CANCELLED,cf81kra23akg0092rm20,521000,Polestar,2,"Polestar 2 Standard Range Single Motor, 224hp, 2022",Silver,2022,18710
ch4j52a9io6g00dg2hfg,2023-04-26 14.17.45,COMPLETED,cg2hafq23akg00d8k4e0,465400,Volvo,XC60,"Volvo XC60 T8 TwEn AWD Geartronic, 392hp, 2019",Grey,2019,55790
ch517aa9io6g00e1hep0,2023-04-27 06.18.17,COMPLETED,cdgf8kkj0cdqbhc5vjog,336700,Nissan,Leaf,"Nissan Leaf e+ 62 kWh, 217hp, 2020",Grey,2020,7270
ch55mgi9io6g00c14q60,2023-04-27 11.23.46,COMPLETED,cf4pb2223akg00ffe3tg,386100,Tesla,Model 3,"Tesla Model 3 Standard Range Plus, 258hp, 2020",Red,2020,50840
ch55q9q9io6g00c14r5g,2023-04-27 11.31.52,COMPLETED,ceqp9oa23akg0095he80,507600,Polestar,2,"Polestar 2 Standard Range Single Motor, 224hp, 2022",Blue,2022,12580
ch563gi9io6g00c157cg,2023-04-27 11.51.30,COMPLETED,cc7jkas7p4drtvtf8ee0,327500,Volkswagen,ID.3,Volkswagen ID.3 Pro Performance 1st Edition MAX Vhjul,Grey,2021,36470
ch57amq9io6g00c17tn0,2023-04-27 13.15.08,COMPLETED,cgqhjna23akg00fbo7d0,473800,Audi,e-tron,"Audi e-tron 50 quattro, 313hp, 2021",Black,2021,33280
ch57lli9io6g00c180ag,2023-04-27 13.38.31,COMPLETED,cdon109gbsbkqo8h52h0,238800,Kia,Niro,"Kia Niro P-HEV DCT, 141hp, 2018",White,2018,16220
ch57u5a9io6g00c182rg,2023-04-27 13.56.37,COMPLETED,cgqpmvi23akg00fnsmvg,386100,Kia,Niro,"Kia e-Niro 64 kWh, 204hp, 2021",White,2021,31850
ch586aq9io6g00c1849g,2023-04-27 14.14.04,COMPLETED,cf96tt223akg00aq8ieg,545700,Hyundai,Ioniq 5,"Hyundai Ioniq 5 72.6 kWh, 218hp, 2022",Green,2022,20850
ch596fa9io6g00c18g4g,2023-04-27 15.22.38,CANCELLED,cc8aqqs7p4drtvtf8mhg,255300,Volkswagen,ID.4,"Volkswagen ID.4 Pure Performance, 170hp, 2021",Blue,2021,9740
ch5cnoq9io6g00c18pq0,2023-04-27 19.24.20,COMPLETED,cdqhq8bpjp61rj9c1qbg,329400,Cupra,Leon,"Cupra Leon Sportstourer e-Hybrid DSG Sequential, 245hp, 2021",Grey,2021,21840
ch5d9029io6g00c18r90,2023-04-27 20.01.04,CANCELLED,cds90mnpoemtr09psia0,246000,Volkswagen,Passat,"Volkswagen Passat Variant GTE DSG Sequential, 218hp, 2018",White,2018,75690
ch5hngi9io6g00c193ng,2023-04-28 01.05.07,CANCELLED,cdg3sl8cj0d7oeb3dto0,536500,Polestar,2,"Polestar 2 Long Range Dual Motor, 408hp, 2021",Grey,2021,37890
ch5ks2a9io6g00c198o0,2023-04-28 04.39.38,COMPLETED,c9jpud1g5d93piu0f8a0,560200,Polestar,2,Polestar Polestar 2 Long Range Dual AWD Pilot & Plus Paket Leasbar Drag V-hjul,Grey,2021,23020
ch5l75a9io6g00c199tg,2023-04-28 05.03.17,COMPLETED,cfvegma23akg009cf180,659000,Tesla,Model Y,"Tesla Model Y Long Range AWD, 345hp, 2021",Black,2021,29600
ch5md2q9io6g00c19i1g,2023-04-28 06.24.11,COMPLETED,cfpk3jq23akg00ahnnjg,441700,Tesla,Model 3,"Tesla Model 3 Long Range AWD, 440hp, 2019",White,2019,35170
ch5mkbi9io6g00c19j90,2023-04-28 06.39.42,CANCELLED,cc495afjn6s281s10g9g,424200,Volkswagen,ID.4,Volkswagen ID.4 Pure Performance,Blue,2021,11330
ch5n9b29io6g00c19rs0,2023-04-28 07.24.29,RETURNED,calkfq9k8icri89092lg,358300,Tesla,Model S,"Tesla Model S 75, 320hp, 2017",Blue,2017,71280
ch5nira9io6g00c19tfg,2023-04-28 07.44.45,COMPLETED,cdtieem9ukdefbdg1tcg,248100,Hyundai,Ioniq,"Hyundai Ioniq Electric 38.3 kWh, 136hp, 2020",Black,2020,59750
ch5nq8i9io6g00c19v8g,2023-04-28 08.00.34,COMPLETED,cdn631hgbsbkqo8h4s4g,470600,Tesla,Model S,Tesla Model S Standard Range FSD AWD Vhjul,Blue,2019,52180
ch5ogn29io6g00c1a4gg,2023-04-28 08.48.29,COMPLETED,cg3maji23akg00eihss0,433500,Tesla,Model 3,"Tesla Model 3 Long Range AWD, 440hp, 2020",White,2020,73300
ch5r8sa9io6g00evakag,2023-04-28 11.56.33,COMPLETED,cdviahmm0oqp8egthks0,233700,Hyundai,Ioniq,"Hyundai Ioniq Plug-in 1.6 + 8.9 kWh DCT, 164hp, 2020",,2020,18020
ch5svei9io6g00e51in0,2023-04-28 13.52.58,COMPLETED,cf16agi23akg00dv6160,577700,Polestar,2,"Polestar 2 Long Range Single Motor, 231hp, 2022",White,2022,24050
ch5tku29io6g00e51sc0,2023-04-28 14.38.49,COMPLETED,cdn4pp724uh56lfiij40,316100,BMW,i3,"BMW i3s 120 Ah, 183hp, 2021",Blue,2021,33890
ch5u6bi9io6g00e52040,2023-04-28 15.15.58,COMPLETED,ccafbrapkdqhnkd170l0,458300,Mercedes-Benz,EQA,"Mercedes-Benz EQA 250, 190hp, 2021",Black,2021,35990
ch5ua529io6g00e520u0,2023-04-28 15.24.04,COMPLETED,c96oqlnbbdfgu4imuuvg,545900,Polestar,2,"Polestar 2 Long Range Dual AWD 20"" Pilot Plus V-hjul",Silver,2021,20170
ch5ul8a9io6g00e522fg,2023-04-28 15.47.45,COMPLETED,cenicci23akg00abefk0,349000,Lynk & Co,01,Lynk & Co 01 PHEV Navi Pano Adap Farth Infinity V-hjul,Black,2021,12310
ch5vq4i9io6g00e526j0,2023-04-28 17.06.26,COMPLETED,cdbvmpeb4bihj1ahg1o0,202800,Volkswagen,Golf,"Volkswagen e-Golf 35.8 kWh, 136hp, 2019",Brown,2019,45620
ch60aaa9io6g00e528gg,2023-04-28 17.40.58,CANCELLED,ce9h5j1iu55m07dmuoqg,216100,Nissan,Leaf,"Nissan Leaf 40 kWh, 149hp, 2020",White,2019,27220
ch60gka9io6g00e5293g,2023-04-28 17.54.25,CANCELLED,cc8aqqs7p4drtvtf8mhg,406700,Volkswagen,ID.4,"Volkswagen ID.4 Pure Performance, 170hp, 2021",Blue,2021,9740
ch62msq9io6g00e52eug,2023-04-28 20.24.20,COMPLETED,cdp3lf5sljarg5q3si60,230600,Volkswagen,Golf,"Volkswagen e-Golf 35.8 kWh, 136hp, 2019",White,2019,14960
ch6dvfa9io6g00e53870,2023-04-29 09.13.34,COMPLETED,cahl7cqof8f48f6srejg,583900,Tesla,Model 3,"Tesla Model 3 Long Range AWD, 440hp, 2022",Grey,2022,13800
ch6f0ki9io6g00e53cfg,2023-04-29 10.24.19,CANCELLED,cc8aqqs7p4drtvtf8mhg,389300,Volkswagen,ID.4,"Volkswagen ID.4 Pure Performance, 170hp, 2021",Blue,2021,9740
ch6i2nq9io6g00e53lvg,2023-04-29 13.53.35,COMPLETED,cdh8u1qplepcm5sjua20,215100,MG,ZS SUV,"MG ZS EV, 143hp, 2020",Red,2020,26460
ch6mjrq9io6g00e5447g,2023-04-29 19.03.12,COMPLETED,cdhns8b2sn44ak9f4dj0,208900,Nissan,Leaf,"Nissan Leaf 40 kWh, Tekna, Bose, 149hp, 2019",Grey,2019,35360
ch70spa9io6g00c2892g,2023-04-30 06.44.54,COMPLETED,cb5aojptgs83iilapklg,525100,Hyundai,Ioniq 5,"Hyundai Ioniq 5 72.6 kWh, 218hp, 2022",White,2022,12650
ch726ha9io6g00c28cq0,2023-04-30 08.13.57,COMPLETED,cgt194q23akg0099n09g,476700,Kia,Niro,"Kia Niro EV, 204hp, 2023",Blue,2023,5990
ch735ui9io6g00c28g30,2023-04-30 09.20.58,COMPLETED,caq2254i6kfhuc9oumgg,486000,Tesla,Model S,"Tesla Model S Standard Range, 333hp, 2019",Grey,2019,45210
ch73j3q9io6g00c28h60,2023-04-30 09.49.03,COMPLETED,ceni3aa23akg00abebjg,352100,Lynk & Co,01,"Lynk & Co 01 PHEV DCT, 261hp, 2021",Black,2021,7010
ch742p29io6g00c28jm0,2023-04-30 10.22.28,COMPLETED,c8k8dml8esvdcptu9u8g,524100,Tesla,Model X,"Tesla Model X 90D, 423hp, 2017",White,2017,96770
ch7lqta9io6g00c2a3l0,2023-05-01 06.34.30,COMPLETED,cdbvkkgkboiu23kjuijg,213100,Volkswagen,Golf,"Volkswagen e-Golf 35.8 kWh, 136hp, 2019",Brown,2019,34630
ch7nn0a9io6g00c2a960,2023-05-01 08.42.41,COMPLETED,ca7fe9hsujklf4ida3v0,537500,Tesla,Model S,Tesla Model S Long Range AWD Leasbar Pano Autopilot V-hjul,Black,2019,57400
ch8bgga9io6g00c2cc4g,2023-05-02 07.14.09,COMPLETED,cdvmb6em0oqp8egthn5g,255300,Volkswagen,Passat,"Volkswagen Passat Variant GTE DSG Sequential, 218hp, 2019",Silver,2019,78010
ch8d8sa9io6g00c2cuu0,2023-05-02 09.14.25,COMPLETED,caqjaqf7c5450ge5g8rg,236700,Kia,Optima,Kia Optima PHEV Advance Plus 2 Pano HK Läder V-hjul,White,2017,58610
ch8fafa9io6g00c2dnig,2023-05-02 11.34.21,COMPLETED,cdcio4iplos62ccksiqg,253200,Volkswagen,Passat,"Volkswagen Passat Variant GTE DSG Sequential, 218hp, 2018",White,2018,62560
ch8fq729io6g008bjrcg,2023-05-02 12.07.57,COMPLETED,cdagtiqb4fva42i327a0,310900,Mitsubishi,Outlander,"Mitsubishi Outlander P-HEV 2.4 Hybrid 4WD CVT, 230hp, 2020",White,2020,40940
ch8ger29io6g008bk2hg,2023-05-02 12.51.57,COMPLETED,cc8aqqs7p4drtvtf8mhg,405800,Volkswagen,ID.4,"Volkswagen ID.4 Pure Performance, 170hp, 2021",Blue,2021,9740
ch8ghhq9io6g008bk3tg,2023-05-02 12.57.43,COMPLETED,cguk7va23akg0099tadg,174900,Renault,ZOE,"Renault ZOE R90 41 kWh, 92hp, 2019",White,2019,28320
ch8ghqi9io6g008bk46g,2023-05-02 12.58.18,COMPLETED,cej1m7a23akg00fc6ihg,466400,Audi,Q4 e-tron,"Audi Q4 35 e-tron, 170hp, 2022",Silver,2022,15560
ch8h0eq9io6g008bk830,2023-05-02 13.29.32,RETURNED,cg8ck6223akg00af00dg,432400,Tesla,Model 3,"Tesla Model 3 Long Range AWD, 440hp, 2019",White,2019,74190
ch8knki9io6g008bl3rg,2023-05-02 17.43.46,CANCELLED,ce4t11nekulp82jedp60,354200,Tesla,Model 3,"Tesla Model 3 Standard Range Plus, 258hp, 2020",Red,2020,72090
ch904ia9io6g00c8e3f0,2023-05-03 06.42.17,CANCELLED,cge721a23akg0087p2mg,444800,Tesla,Model 3,"Tesla Model 3 Performance, 510hp, 2020",Red,2020,76280
ch9120i9io6g00dp2hrg,2023-05-03 07.45.07,COMPLETED,cfpjbr223akg00ahnkmg,420100,Tesla,Model 3,"Tesla Model 3 Long Range AWD, 440hp, 2019",White,2019,76400
ch9275q9io6g00dp2reg,2023-05-03 09.04.23,CANCELLED,c87oqkb1pqelht4o0310,256300,BMW,i3,"BMW i3s 120 Ah, 183hp, 2019",,2019,47380
ch93n8i9io6g00e3fvrg,2023-05-03 10.46.59,COMPLETED,ce4t11nekulp82jedp60,354200,Tesla,Model 3,"Tesla Model 3 Standard Range Plus, 258hp, 2020",Red,2020,72090
ch944ha9io6g00e3g3tg,2023-05-03 11.15.17,COMPLETED,cdb53bj6sl5embl46810,232600,Volkswagen,Golf,"Volkswagen e-Golf 35.8 kWh, Active info display Nav Led Applecarplay, 2020",White,2020,37010
ch95cl29io6g00e3gh5g,2023-05-03 12.40.52,COMPLETED,cg84rv223akg00aeurtg,435500,Volvo,XC60,"Volvo XC60 T8 TwEn AWD Geartronic, 392hp, 2020",Grey,2020,70450
ch96fbi9io6g00e3gv9g,2023-05-03 13.54.54,RETURNED,cf4qrsq23akg00ffe4kg,481900,Tesla,Model 3,"Tesla Model 3 Long Range AWD, 440hp, 2020",Black,2020,32580
ch96kua9io6g00e3h0s0,2023-05-03 14.06.49,COMPLETED,c9ocgilruh3rv28intng,453000,Tesla,Model S,Tesla Model S 100D AWD AutoPilot Pano Leasbar V-hjul ,Grey,2017,67210
ch974dq9io6g00e3h3n0,2023-05-03 14.39.52,COMPLETED,c8q79n65nu3g3ootrdi0,324300,Volkswagen,ID.3,"Volkswagen ID.3 Pro Performance Life Navi Adaptiv F 19"" ",Grey,2021,17460
ch977k29io6g00e3h4k0,2023-05-03 14.46.41,CANCELLED,cgmjk8i23akg00cdnvi0,275900,Mitsubishi,Outlander,"Mitsubishi Outlander P-HEV 2.0 Hybrid 4WD CVT, 203hp, 2018",Red,2018,50250
ch98i1a9io6g00e3hen0,2023-05-03 16.17.09,COMPLETED,cdhnedb2sn44ak9f4cug,232600,Volkswagen,Golf,"Volkswagen e-Golf, 136hp, 2020",White,2020,48470
ch99dja9io6g00e3hqs0,2023-05-03 17.15.58,CANCELLED,ccjimv4v0hpfp5iuakj0,468500,Tesla,Model 3,"Tesla Model 3 Long Range AWD, 440hp, 2019",Black,2019,27600
ch9bk929io6g00f4filg,2023-05-03 19.46.45,COMPLETED,cdme14m9ult08td5a3og,308800,Peugeot,2008,"Peugeot e-2008, 136hp, 2021",White,2021,30140
ch9bo2i9io6g00f4fjc0,2023-05-03 19.54.51,COMPLETED,c9anmfdpj1cq7nm6ok8g,401500,Tesla,Model 3,"Tesla Model 3 Performance, 510hp, 2019",White,2019,90310
ch9mrja9io6g00f4h21g,2023-05-04 08.33.18,CANCELLED,cesppbi23akg00cq7gg0,628100,Polestar,2,"Polestar 2 Long Range Dual Motor, 408hp, 2021",Black,2021,31740
ch9n23a9io6g00f4h3fg,2023-05-04 08.47.09,COMPLETED,cdq8dvqu6b9ns8933fg0,300600,Peugeot,2008,"Peugeot e-2008, 136hp, 2020",Black,2020,38370
ch9n6bq9io6g00f4h5o0,2023-05-04 08.56.15,COMPLETED,ceni8gi23akg00abedo0,348000,Lynk & Co,01,Lynk & Co 01 PHEV Navi Pano Adap Farth Infinity V-hjul,Black,2021,14150
ch9ou2a9io6g00f4hldg,2023-05-04 10.55.06,COMPLETED,cdb6rrj6sl5embl46a30,353100,Lynk & Co,01,Lynk & Co 01 PHEV Navi Pano Adap Farth Infinity V-hjul,Blue,2021,7330
ch9sali9io6g00f4im0g,2023-05-04 14.46.46,COMPLETED,cdtk0r7poemtr09pso0g,228500,BMW,i3,"BMW i3 120 Ah, 170hp, 2019",White,2019,74190
chaavc29io6g00f4k290,2023-05-05 07.26.40,COMPLETED,ccbipfp0ff965bilumig,324300,Kia,Niro,"Kia e-Niro 64 kWh, 204hp, 2019",Grey,2019,42340
chacoui9io6g00f4l0ng,2023-05-05 09.29.31,CANCELLED,cgi68fa23akg00c45i0g,254300,Volkswagen,Passat,"Volkswagen Passat Variant GTE DSG Sequential, 218hp, 2018",Blue,2018,72950
chahvh29io6g00f4mht0,2023-05-05 15.24.52,CANCELLED,cg46adi23akg00eiiscg,554000,Kia,EV6,"Kia EV6 77.4 kWh, 228hp, 2022",Grey,2022,13850
chb048q9io6g00f4nrlg,2023-05-06 07.30.44,COMPLETED,cgi68fa23akg00c45i0g,254300,Volkswagen,Passat,"Volkswagen Passat Variant GTE DSG Sequential, 218hp, 2018",Blue,2018,72950
chbl4g29io6g00f4pqjg,2023-05-07 07.24.48,COMPLETED,cgsh6ta23akg00foq75g,678600,Tesla,Model Y,"Tesla Model Y Long Range AWD, 345hp, 2022",Grey,2022,20660
chbpb8q9io6g00f4q7c0,2023-05-07 12.12.20,COMPLETED,ceniioi23akg00abei9g,348000,Lynk & Co,01,Lynk & Co 01 PHEV Navi Pano Adap Farth Infinity V-hjul,Black,2021,9810
chbrjdq9io6g00f4qeog,2023-05-07 14.46.15,COMPLETED,ce2h6naotoflcatvogi0,291300,BMW,i3,"BMW i3 120 Ah, 170hp, 2019",Blue,2019,40250
chbuama9io6g00f4qncg,2023-05-07 17.52.25,COMPLETED,cdt675vpoemtr09psm4g,195500,Volkswagen,up!,"Volkswagen e-up!, 83hp, 2020",Black,2020,37140
chcaqha9io6g00f4s9mg,2023-05-08 08.05.26,COMPLETED,ceni98i23akg00abee6g,347000,Lynk & Co,01,"Lynk & Co 01 PHEV DCT, 261hp, 2021",Blue,2021,11810
chcbbci9io6g00f4sdt0,2023-05-08 08.41.22,COMPLETED,ceulrvi23akg00am8beg,557100,Volvo,XC90,"Volvo XC90 T8 TwEn AWD Geartronic, 407hp, 2018",Black,2018,76460
chcblvi9io6g00f4si40,2023-05-08 09.03.59,COMPLETED,cgsjrba23akg00foqvs0,262500,Renault,ZOE,"Renault ZOE R135 52 kWh, 136hp, 2020",Red,2020,6560
chccr3a9io6g00f4suc0,2023-05-08 10.23.10,COMPLETED,cge251q23akg00dhreo0,572500,Volvo,XC40,"Volvo XC40 Recharge Single Motor, 231hp, 2023",Blue,2023,9320
chcd6ai9io6g00f4t2j0,2023-05-08 10.47.06,COMPLETED,ca3330lsoffcrakf056g,284100,Kia,Niro,Kia e-Niro 64 kWh Advance B-Kamera Navi Leasbar V-hjul,Grey,2019,93040
chcdm129io6g00f4ta8g,2023-05-08 11.20.36,CANCELLED,cfj1q4i23akg00c3rnqg,433500,BMW,5 Series,BMW 530e iPerformance Sedan Steptronic,Grey,2019,52060
chcfk9a9io6g00erkcn0,2023-05-08 13.33.26,COMPLETED,cg4frai23akg00f77tpg,700200,Tesla,Model Y,"Tesla Model Y Performance, 450hp, 2022",Black,2022,11640
chch06a9io6g00erkms0,2023-05-08 15.07.06,COMPLETED,c81244lg88ans7povqv0,592200,Audi,Q4 e-tron,"Audi Q4 40 e-tron, 204hp, 2022",,2022,25930
chcko1i9io6g00erl5cg,2023-05-08 19.22.47,COMPLETED,cfduivq23akg00curso0,425200,Tesla,Model 3,"Tesla Model 3 Long Range AWD, 440hp, 2020",Grey,2020,68180
chcv64i9io6g00ermgc0,2023-05-09 07.15.30,COMPLETED,cg05d8a23akg00emnqp0,439700,BMW,3 Series,"BMW 330e Sedan Steptronic, 292hp, 2021",White,2021,25840
chd2gm29io6g00dnc3vg,2023-05-09 11.02.48,COMPLETED,cbd81v72uqok8l6rh89g,457200,Tesla,Model 3,"Tesla Model 3 Long Range AWD, 440hp, 2020",Red,2020,66880
chd4t929io6g00dnd270,2023-05-09 13.46.13,COMPLETED,cdg3sl8cj0d7oeb3dto0,536500,Polestar,2,"Polestar 2 Long Range Dual Motor, 408hp, 2021",Grey,2021,37890
chd5vri9io6g00dndbdg,2023-05-09 14.59.58,COMPLETED,c802lddmmudf9q5l7hdg,447900,Tesla,Model 3,"Long Range AWD, 440hk, 2020",Black,2020,47050
chd6qga9io6g00dndga0,2023-05-09 15.56.49,CANCELLED,cfub2g223akg009cc6qg,651800,Tesla,Model Y,"Tesla Model Y Long Range AWD, 345hp, 2022",White,2022,15420
chdkb4a9io6g00dnem3g,2023-05-10 07.19.46,COMPLETED,cgisama23akg00ct6kf0,715700,Tesla,Model Y,"Tesla Model Y Performance, 450hp, 2022",Black,2022,14980
chdkrkq9io6g00dnepqg,2023-05-10 07.55.00,COMPLETED,cgle0ja23akg008k32n0,246000,Nissan,Leaf,"Nissan Leaf, 150hp, 2021",Grey,2021,20610
chdl1mq9io6g00dnermg,2023-05-10 08.07.55,COMPLETED,ch0oarq23akg00cbn980,772300,Tesla,Model X,"Tesla Model X Long Range, 423hp, 2020",Grey,2020,42820
chdmr729io6g00dnf9bg,2023-05-10 10.10.37,COMPLETED,cfh672q23akg00dclkc0,400500,Kia,Niro,"Kia e-Niro 64 kWh, 204hp, 2021",Grey,2021,21830
chdokh29io6g00epc25g,2023-05-10 12.12.53,COMPLETED,cg315hq23akg00887vjg,633300,Polestar,2,"Polestar 2 Long Range Dual Motor, 408hp, 2021",White,2021,32270
chdpaga9io6g00epcfa0,2023-05-10 12.59.46,COMPLETED,ce9h5j1iu55m07dmuoqg,216100,Nissan,Leaf,"Nissan Leaf 40 kWh, 149hp, 2020",White,2019,27220
chdraf29io6g00epcr6g,2023-05-10 15.16.13,COMPLETED,cdqat4au6b9ns8933h40,529300,Tesla,Model 3,"Tesla Model 3 Long Range AWD, 440hp, 2021",White,2021,19170
chdt45i9io6g00epd66g,2023-05-10 17.19.19,COMPLETED,ch53nu29io6g00e1i6k0,489100,Tesla,Model 3,"Tesla Model 3 Performance, 510hp, 2020",Black,2020,28370
che1cp29io6g00epdgag,2023-05-10 22.10.45,CANCELLED,c9k47f0ssg5stb4ot2u0,176000,Renault,ZOE,Renault ZOE R90 41 kWh Intens Friköpt batteri V-hjul,White,2018,57970
checbaa9io6g00ekg1dg,2023-05-11 10.38.34,CANCELLED,cbpnbl18jur2e9ooc8ng,184200,Seat,Mii,"SEAT Mii electric 36.8 kWh, 83hp, 2021",Silver,2021,27780
ched2na9io6g00ekg6r0,2023-05-11 11.28.30,CANCELLED,cg43isa23akg00eii350,429400,BMW,X1,"BMW X1 xDrive25e Steptronic, 220hp, 2021",White,2021,26830
cheeoaq9io6g00ekgrkg,2023-05-11 13.22.51,COMPLETED,ch0glli23akg00cblm00,370600,Tesla,Model 3,"Tesla Model 3 Standard Range Plus, 258hp, 2020",White,2020,85700
chej3l29io6g00f1gjq0,2023-05-11 18.20.05,COMPLETED,cdb76ar6sl5embl46ak0,349000,Lynk & Co,01,Lynk & Co 01 PHEV Navi Pano Adap Farth Infinity V-hjul,Black,2021,10890
chetga29io6g00f1h5rg,2023-05-12 06.09.44,COMPLETED,cgr5m9i23akg00agcvrg,432400,BMW,X1,"BMW X1 xDrive25e Steptronic, 220hp, 2021",Grey,2021,12690
chevoiq9io6g00f1hn10,2023-05-12 08.43.55,COMPLETED,ch8e9cq9io6g00c2d8dg,657000,Tesla,Model Y,"Tesla Model Y Long Range AWD, 514hp, 2022",White,2022,7790
chf0bri9io6g00f1htg0,2023-05-12 09.25.03,COMPLETED,cc72kbvjn6s281s113r0,277900,BMW,i3,"BMW i3s 120 Ah, 183hp, 2019",White,2019,36650
chf2mk29io6g00f1iu1g,2023-05-12 12.04.32,CANCELLED,cc6dbgc7p4drtvtf85sg,348000,Lynk & Co,01,Lynk & Co 01 PHEV Navi Pano Adap Farth Infinity V-hjul,Black,2021,8990
chf36r29io6g00f1j7m0,2023-05-12 12.39.08,CANCELLED,cfj1q4i23akg00c3rnqg,433500,BMW,5 Series,BMW 530e iPerformance Sedan Steptronic,Grey,2019,52060
chf39tq9io6g00f1j8lg,2023-05-12 12.45.43,COMPLETED,cdnf0u5v7top23od20l0,268700,BMW,i3,"BMW i3s 120 Ah, 183hp, 2019",White,2019,35550
chf3v6a9io6g009i89bg,2023-05-12 13.31.06,COMPLETED,ceniarq23akg00abees0,348000,Lynk & Co,01,Lynk & Co 01 PHEV Navi Pano Adap Farth Infinity V-hjul,Black,2021,10630
chf557i9io6g00etb190,2023-05-12 14.52.15,COMPLETED,cgltdra23akg008k45g0,257300,Volkswagen,Passat,"Volkswagen Passat Variant GTE DSG Sequential, 218hp, 2018",Red,2018,71020
chfa7629io6g00etbedg,2023-05-12 20.37.45,COMPLETED,cg0vjv223akg00bhbjog,148200,Renault,ZOE,"Renault ZOE R90 41 kWh, 92hp, 2017",Blue,2017,87230
chg0g3i9io6g00bgbh00,2023-05-13 21.58.39,COMPLETED,cdmd3ie69l3bhan4cki0,203800,Volkswagen,up!,"Volkswagen e-up! 32.3 kWh, 83hp, 2021",White,2021,17430
chge97i9io6g00a498j0,2023-05-14 13.39.42,COMPLETED,cf81rh223akg0092rmf0,519000,Tesla,Model S,"Tesla Model S 100D, 423hp, 2018",Grey,2018,88820
chghcgi9io6g00a49frg,2023-05-14 17.11.30,COMPLETED,cgshb7223akg00foq8h0,421100,Tesla,Model 3,"Tesla Model 3 Long Range AWD, 440hp, 2020",White,2020,56490
chgupca9io6g00buqtgg,2023-05-15 08.26.25,CANCELLED,cdnqputsljarg5q3sbs0,270700,BMW,i3,"BMW i3s 120 Ah, 183hp, 2019",Blue,2019,73440
chgvcba9io6g00bur43g,2023-05-15 09.06.53,COMPLETED,ccgdvgsgrio4ac1c54rg,563300,Tesla,Model 3,"Tesla Model 3 Performance, 513hp, 2021",White,2021,43550
chh0al29io6g00burdog,2023-05-15 10.11.33,COMPLETED,cg4bdf223akg00f77o90,530300,Tesla,Model 3,"Tesla Model 3 Long Range AWD, 440hp, 2021",White,2021,35120
chh0e5a9io6g00buref0,2023-05-15 10.19.01,COMPLETED,cenihva23akg00abehvg,348000,Lynk & Co,01,Lynk & Co 01 PHEV Navi Pano Adap Farth Infinity V-hjul,Black,2021,10260
chh2vrq9io6g00busm60,2023-05-15 13.13.19,COMPLETED,cdr2o4i6kqm72iq5bcu0,226600,BMW,2 Series Active/Gran Tourer,"BMW 225xe Active Tourer Sportline, 224hp, 2019",Grey,2019,69130
chh3kti9io6g00busvi0,2023-05-15 13.58.15,COMPLETED,cc8auhc7p4drtvtf8mq0,345900,Volkswagen,ID.3,"Volkswagen ID.3 Pro Performance, 204hp, 2022",Grey,2022,10410
chh3u5a9io6g00but0ug,2023-05-15 14.17.57,COMPLETED,ch0406q23akg009dmp1g,503500,Tesla,Model 3,"Tesla Model 3 Long Range AWD, 440hp, 2021",Black,2021,60220
chh4nnq9io6g00but5rg,2023-05-15 15.12.31,CANCELLED,cgqi12223akg00fnqud0,231600,Nissan,Leaf,"Nissan Leaf, 150hp, 2019",Grey,2019,24840
chh4nta9io6g00but660,2023-05-15 15.12.53,COMPLETED,cdtluu8gc0j82ofjfb9g,373700,Tesla,Model 3,"Tesla Model 3 Standard Range Plus, 258hp, 2019",Blue,2019,52060
chh6elq9io6g00bute20,2023-05-15 17.09.44,CANCELLED,cc495afjn6s281s10g9g,406700,Volkswagen,ID.4,Volkswagen ID.4 Pure Performance,Blue,2021,11330
chh6mfq9io6g00butev0,2023-05-15 17.26.24,COMPLETED,ce902grhe1ov812qghtg,445800,BMW,3 Series,"BMW 330e xDrive Sedan Steptronic, 292hp, 2021",White,2021,24360
chh8em29io6g00butkb0,2023-05-15 19.26.16,COMPLETED,cc6dbgc7p4drtvtf85sg,348000,Lynk & Co,01,Lynk & Co 01 PHEV Navi Pano Adap Farth Infinity V-hjul,Black,2021,8990
chh8lui9io6g00butl5g,2023-05-15 19.41.46,COMPLETED,ch3rid29io6g009omnig,296500,Nissan,Leaf,"Nissan Leaf, 150hp, 2022",Black,2022,3890
chhm42q9io6g00aftnfg,2023-05-16 10.59.24,CANCELLED,c819hpb1pqelht4nvv60,546800,Polestar,2,"Pilot Plus HK 19"" Värmepump Elstol V-hjul",Grey,2021,35750
chhn0b29io6g00afu1a0,2023-05-16 11.59.41,CANCELLED,cdg1dga5ife4c0s6960g,718800,Tesla,Model Y,"Tesla Model Y Performance, 450hp, 2022",Black,2022,22060
chhnd9q9io6g00afu7hg,2023-05-16 12.27.19,CANCELLED,cdr1q6a6kqm72iq5bccg,291300,Mitsubishi,Outlander,"Mitsubishi Outlander P-HEV 2.4 Hybrid 4WD CVT, 230hp, 2020",Black,2020,54650
chhoq6q9io6g00afumk0,2023-05-16 14.03.08,COMPLETED,cfv5aka23akg009cetq0,382000,Kia,Niro,"Kia e-Niro 64 kWh, 204hp, 2021",Grey,2021,27300
chhoqvi9io6g00afumvg,2023-05-16 14.04.47,COMPLETED,c8krs4t34kmb0sedc0ug,617800,Polestar,2,Polestar 2 Long Range Dual AWD Performance Drag V-hjul,,2021,34500
chhpo7a9io6g00afuurg,2023-05-16 15.07.09,COMPLETED,cfcgmbq23akg00d3kps0,235700,Kia,Optima,"Kia Optima Sport Wagon Plug-in Hybrid Automatic, 205hp, 2018",Black,2018,82630
chi90gq9io6g00895pg0,2023-05-17 08.28.52,COMPLETED,ch553ri9io6g00e1idqg,462300,Tesla,Model 3,"Tesla Model 3 Long Range AWD, 440hp, 2020",Blue,2020,26060
chick4q9io6g00897i0g,2023-05-17 12.35.32,COMPLETED,cdnqputsljarg5q3sbs0,270700,BMW,i3,"BMW i3s 120 Ah, 183hp, 2019",Blue,2019,73440
chidqci9io6g00898hjg,2023-05-17 13.57.06,CANCELLED,cflufvq23akg00arlte0,446900,Skoda,Enyaq iV,"Skoda Enyaq iV 60 62 kWh, 180hp, 2021",White,2021,39530
chiehs29io6g00898rhg,2023-05-17 14.47.13,COMPLETED,cc495afjn6s281s10g9g,406700,Volkswagen,ID.4,Volkswagen ID.4 Pure Performance,Blue,2021,11330
chieq2q9io6g008994c0,2023-05-17 15.04.44,CANCELLED,cgp5foa23akg00fbk950,368600,Volkswagen,Golf,"Volkswagen Golf GTE DSG Sequential, 245hp, 2021",Black,2021,28770
chj2o829io6g0089brl0,2023-05-18 13.46.09,CANCELLED,ce289tjgfprrpr64q1q0,310900,Fiat,500,"Fiat 500Ce 42 kWh, 118hp, 2022",Blue,2022,10550
chj3p7a9io6g0089c0pg,2023-05-18 14.56.30,COMPLETED,cbc58f72uqok8l6rh4n0,387100,Tesla,Model 3,"Tesla Model 3 Standard Range Plus, 258hp, 2019",White,2019,62860
chj52ui9io6g0089c7f0,2023-05-18 16.25.31,CANCELLED,cbpnduf8kv5crpeb4p80,195500,Seat,Mii,"SEAT Mii electric 36.8 kWh, 83hp, 2021",Silver,2021,16900
chjjfba9io6g0089euag,2023-05-19 08.47.41,COMPLETED,cbpnbl18jur2e9ooc8ng,184200,Seat,Mii,"SEAT Mii electric 36.8 kWh, 83hp, 2021",Silver,2021,27780
chjosv29io6g0089h9jg,2023-05-19 14.58.05,CANCELLED,cep84ta23akg00f9kh5g,359300,Kia,Niro,"Kia e-Niro 64 kWh, 204hp, 2020",Grey,2020,52820
chjq04a9io6g0089hlbg,2023-05-19 16.13.06,COMPLETED,ch8iuuq9io6g008bkoo0,338700,Mitsubishi,Outlander,"Mitsubishi Outlander P-HEV 2.4 Hybrid 4WD CVT, 230hp, 2020",Red,2020,24360
chjqpba9io6g0089hobg,2023-05-19 17.06.54,CANCELLED,ch8fd3a9io6g008bjmk0,246900,Renault,ZOE,"Renault ZOE R110 52 kWh, 109hp, 2022",White,2022,21190
chkcm529io6g0089jlc0,2023-05-20 13.28.52,CANCELLED,ch0gaqq23akg00cblhv0,307800,Kia,Niro,"Kia e-Niro 64 kWh, 204hp, 2019",White,2019,55780
chkt8qi9io6g00do41e0,2023-05-21 08.20.59,COMPLETED,cfrhm4223akg00ef9at0,703300,Tesla,Model S,"Tesla Model S Long Range AWD, 423hp, 2021",Black,2021,62920
chl11e29io6g00do4fmg,2023-05-21 12.38.17,COMPLETED,cfj4eba23akg00c3s07g,522100,Hyundai,Ioniq 5,"Hyundai Ioniq 5 72.6 kWh, 218hp, 2022",Grey,2022,16150
chl1k1i9io6g00do4is0,2023-05-21 13.17.59,CANCELLED,cgv83ea23akg00cd6m40,251200,Nissan,Leaf,"Nissan Leaf, 150hp, 2021",Black,2021,35420
chl1qbi9io6g00do4k2g,2023-05-21 13.31.26,CANCELLED,ceunsbi23akg00am8i70,705400,Tesla,Model Y,"Tesla Model Y Performance, 450hp, 2022",White,2022,12280
chl44cq9io6g00do4sl0,2023-05-21 16.09.24,COMPLETED,c8kca6d8esvdcptu9uk0,275900,Kia,Ceed,"Kia XCeed Plug-in Hybrid DCT, 141hp, 2021",,2021,29480
chlj3ua9io6g00do7790,2023-05-22 09.12.26,CANCELLED,cd6vo7qtu0di292lkcvg,612700,Tesla,Model Y,"Tesla Model Y Long Range AWD, 345hp, 2021",Grey,2021,24560
chljb729io6g00do7a7g,2023-05-22 09.27.57,COMPLETED,cfj1q4i23akg00c3rnqg,430400,BMW,5 Series,BMW 530e iPerformance Sedan Steptronic,Grey,2019,52060
chljboq9io6g00do7an0,2023-05-22 09.29.07,COMPLETED,cg0rkdq23akg00bkfcs0,468500,Hyundai,Ioniq 5,"Hyundai Ioniq 5 72.6 kWh, 218hp, 2022",White,2022,28860
chll7ca9io6g00cde6s0,2023-05-22 11.36.18,COMPLETED,cfus1j223akg009cd0fg,266600,Kia,Optima,"Kia Optima Sport Wagon Plug-in Hybrid Automatic, 205hp, 2018",Grey,2018,48380
chlmsfa9io6g00cdeogg,2023-05-22 13.29.34,COMPLETED,cfp5a0q23akg00ahnagg,405700,Tesla,Model 3,"Tesla Model 3 Long Range AWD, 440hp, 2020",Grey,2020,88220
chln7k29io6g00b9htr0,2023-05-22 13.53.21,COMPLETED,cgican223akg00c45m9g,234700,Kia,Niro,"Kia Niro P-HEV DCT, 141hp, 2018",Grey,2018,45180
chlnb6q9io6g00b9huqg,2023-05-22 14.01.00,COMPLETED,cdr1q6a6kqm72iq5bccg,282100,Mitsubishi,Outlander,"Mitsubishi Outlander P-HEV 2.4 Hybrid 4WD CVT, 230hp, 2020",Black,2020,54650
chlnoei9io6g00b9i1n0,2023-05-22 14.29.14,COMPLETED,ce3i3d6fe7731uro409g,433500,Tesla,Model 3,"Tesla Model 3 Long Range AWD, 440hp, 2020",Blue,2020,41050
chlot029io6g0087pc2g,2023-05-22 15.47.12,COMPLETED,cduv2etq5vhnmsqg95qg,133700,Renault,ZOE,"Renault ZOE R240 22 kWh, 88hp, 2016",Black,2016,34530
chlqqn29io6g00clp29g,2023-05-22 17.58.53,COMPLETED,cepf6ha23akg00bkdecg,293400,Kia,Ceed,"Kia Ceed Sportswagon Plug-in Hybrid DCT, 141hp, 2021",Blue,2021,29790
chlsa829io6g00clp840,2023-05-22 19.40.17,COMPLETED,cc82rm47p4drtvtf8il0,197600,Volkswagen,up!,"Volkswagen e-up! 32.3 kWh, 83hp, 2020",Black,2020,24560
chm5dna9io6g00clq9tg,2023-05-23 06.02.06,CANCELLED,c9p49umumlmkoi7hb1ug,319100,Kia,Niro,"Kia e-Niro 64 kWh, 204hp, 2019",White,2019,44840
chm6ski9io6g00clqq3g,2023-05-23 07.42.11,CANCELLED,cdb6n844a2a7u35d07lg,340800,Lynk & Co,01,Lynk & Co 01 PHEV Navi Pano Adap Farth Infinity V-hjul,Blue,2021,14430
chm7vha9io6g00d940s0,2023-05-23 08.56.37,COMPLETED,cds90mnpoemtr09psia0,236700,Volkswagen,Passat,"Volkswagen Passat Variant GTE DSG Sequential, 218hp, 2018",White,2018,75690
chmbj929io6g00d95ekg,2023-05-23 13.03.33,CANCELLED,cheah9q9io6g00ekfhk0,572500,Tesla,Model 3,"Tesla Model 3 Long Range AWD, 440hp, 2022",Grey,2022,14760
chmsbaq9io6g00d97nv0,2023-05-24 08.07.07,COMPLETED,cd3th4ojdl4rkp0a49ng,186300,Volkswagen,up!,"Volkswagen e-up! 32.3 kWh, Comfort, Driver Assist, 83hp, 2020",Silver,2020,29010
chmsgfi9io6g00d97pb0,2023-05-24 08.18.06,COMPLETED,cheah9q9io6g00ekfhk0,572500,Tesla,Model 3,"Tesla Model 3 Long Range AWD, 440hp, 2022",Grey,2022,14760
chmsmti9io6g00d97r9g,2023-05-24 08.31.51,COMPLETED,chcgoba9io6g00erkln0,625100,Tesla,Model Y,"Tesla Model Y Long Range AWD, 345hp, 2021",Black,2021,22090
chn0kti9io6g00d99cig,2023-05-24 13.00.38,COMPLETED,ce289tjgfprrpr64q1q0,310900,Fiat,500,"Fiat 500Ce 42 kWh, 118hp, 2022",Blue,2022,10550
chn10va9io6g00d99i00,2023-05-24 13.26.21,RETURNED,cetu89223akg00am78jg,399500,Tesla,Model 3,"Tesla Model 3 Standard Range Plus, 258hp, 2020",Black,2020,32500
chn2tua9io6g008jako0,2023-05-24 15.36.25,COMPLETED,ch3agqq9io6g00bc180g,562200,Volvo,XC60,"Volvo XC60 T6 AWD Recharge T6 TwEn AWD Geartronic, 340hp, 2022",Grey,2022,27730
chn3kf29io6g008janh0,2023-05-24 16.24.29,COMPLETED,chjmjlq9io6g0089gk90,350000,Lynk & Co,01,"Lynk & Co 01 PHEV DCT, 261hp, 2021",Black,2021,30
chn4ctq9io6g008jaqb0,2023-05-24 17.16.39,COMPLETED,ch0gaqq23akg00cblhv0,307800,Kia,Niro,"Kia e-Niro 64 kWh, 204hp, 2019",White,2019,55780
chn5k7a9io6g008jautg,2023-05-24 18.40.29,COMPLETED,cffrt6223akg00b7d2tg,411800,Tesla,Model 3,"Tesla Model 3 Long Range AWD, 440hp, 2019",Blue,2019,52840
chn68qi9io6g008jb1f0,2023-05-24 19.24.26,COMPLETED,cfj5fti23akg00c3s6rg,417000,Tesla,Model 3,"Tesla Model 3 Long Range AWD, 440hp, 2020",White,2020,60690
chn6nd29io6g008jb3dg,2023-05-24 19.55.33,COMPLETED,cg31nuq23akg008885r0,540600,Tesla,Model 3,"Tesla Model 3 Long Range AWD, 440hp, 2021",White,2021,24680
chni3c29io6g00ch2bi0,2023-05-25 08.52.00,COMPLETED,c9a5f6n4ieb83u80o350,412900,Tesla,Model 3,Tesla Model 3 Long Range AWD V-Hjul 440hp,Grey,2019,35730
chni4qq9io6g00ch2bv0,2023-05-25 08.55.08,COMPLETED,cd6vo7qtu0di292lkcvg,612700,Tesla,Model Y,"Tesla Model Y Long Range AWD, 345hp, 2021",Grey,2021,24560
chnjrf29io6g00ch37fg,2023-05-25 10.51.41,COMPLETED,chbtfq29io6g00f4qjvg,463300,Volvo,XC40,"Volvo XC40 T4 Recharge T4 TwEn DCT, 211hp, 2022",Black,2022,32740
chnk38i9io6g00ch3bqg,2023-05-25 11.08.18,COMPLETED,cgrro7223akg00boub50,709500,Tesla,Model Y,"Tesla Model Y Performance, 450hp, 2022",Black,2022,16460
chnkht29io6g00ch3kkg,2023-05-25 11.39.32,CANCELLED,c9irkmppmntpmqs6phtg,431400,Tesla,Model 3,"Tesla Model 3 Performance, 510hp, 2020",White,2020,64700
chnmanq9io6g009rthv0,2023-05-25 13.40.48,COMPLETED,cgt5rvi23akg0099ncj0,648700,BMW,X3,"BMW X3 xDrive30e Steptronic, 292hp, 2022",White,2022,15530
chnmf6i9io6g009rtj7g,2023-05-25 13.50.19,COMPLETED,ch2l23a23akg00dfclug,529300,Tesla,Model 3,"Tesla Model 3 Long Range AWD, 440hp, 2021",White,2021,17470
chnmv129io6g009rtq6g,2023-05-25 14.24.05,COMPLETED,c819hpb1pqelht4nvv60,539700,Polestar,2,"Pilot Plus HK 19"" Värmepump Elstol V-hjul",Grey,2021,35750
chnqa429io6g009rub70,2023-05-25 18.12.32,CANCELLED,cgsjr2223akg00foqvl0,390200,Tesla,Model 3,"Tesla Model 3 Long Range AWD, 440hp, 2019",Red,2019,85250
cho8fei9io6g0083mm1g,2023-05-26 10.19.39,COMPLETED,chd43ga9io6g00dnckbg,535400,Skoda,Enyaq iV,"Skoda Enyaq iV 80 82 kWh, 204hp, 2022",Grey,2022,46980
cho9p0i9io6g0083n450,2023-05-26 11.48.19,CANCELLED,chjmn9i9io6g0089gm7g,371700,Lynk & Co,01,"Lynk & Co 01 PHEV DCT, 261hp, 2022",Black,2022,5980
choa4oa9io6g0083n9vg,2023-05-26 12.13.22,COMPLETED,ce09cgbgfprrpr64pmgg,446900,Polestar,2,"Polestar 2 Standard Range Single Motor, 224hp, 2022",Grey,2022,21300
choc2uq9io6g0083o150,2023-05-26 14.26.04,COMPLETED,chjmmd29io6g0089gl90,371700,Lynk & Co,01,"Lynk & Co 01 PHEV DCT, 261hp, 2022",Black,2022,2740
chocsma9io6g0083obdg,2023-05-26 15.20.57,CANCELLED,ch2i1l223akg00dfceag,648900,Tesla,Model S,"Tesla Model S Long Range AWD, 423hp, 2020",Grey,2020,68810
chod24a9io6g0083ochg,2023-05-26 15.32.34,COMPLETED,cg8rn0q23akg00c9db10,463300,Tesla,Model 3,"Tesla Model 3 Long Range AWD, 440hp, 2020",Grey,2020,33840
chohloa9io6g0083p4cg,2023-05-26 20.47.29,COMPLETED,cgjir8a23akg00ct8h00,246000,Mazda,MX-30,"Mazda MX-30 e-Skyactiv BEV, 143hp, 2021",Grey,2021,42930
chose0q9io6g0083pul0,2023-05-27 09.01.55,CANCELLED,ch5rqn29io6g00e515rg,413900,Tesla,Model 3,"Tesla Model 3 Long Range AWD, 440hp, 2020",White,2020,78750
chovboi9io6g0083qac0,2023-05-27 12.21.55,COMPLETED,ccd25b298cd5mq1dcpr0,561200,Volvo,XC40,"Volvo XC40 P8 AWD Recharge, 408hp, 2021",Grey,2021,29320
chp0rnq9io6g0083qfmg,2023-05-27 14.04.15,COMPLETED,ch71fji9io6g00c28ahg,519000,Tesla,Model 3,"Tesla Model 3 Long Range AWD, 440hp, 2021",White,2021,28090
chp3t4a9io6g0083qqo0,2023-05-27 17.32.02,COMPLETED,ce082s3ka0vb76fsheeg,390200,Tesla,Model 3,"Tesla Model 3 Long Range AWD, 440hp, 2019",Black,2019,82420
chpfknq9io6g0083s04g,2023-05-28 06.53.20,CANCELLED,chd44eq9io6g00dnckq0,540600,Skoda,Enyaq iV,"Skoda Enyaq iV 80 82 kWh, 204hp, 2022",Red,2022,10900
chpmb6i9io6g0083sssg,2023-05-28 14.30.50,COMPLETED,c9gn7dqgil7t7tgp4qlg,512800,Tesla,Model S,Tesla Model S 100D 423hp Uppgr. AP OP supercharger,Grey,2018,78850
chq4qj29io6g0083uj90,2023-05-29 06.59.24,RETURNED,cf81jdi23akg0092rll0,514800,Polestar,2,Polestar 2 Standard Range Single Motor Plus Elstol Pano HK V-hjul,Silver,2022,14220
chq66ni9io6g0083v8vg,2023-05-29 08.33.34,COMPLETED,ch92dcq9io6g00dp2t1g,424200,Volvo,V60,"Volvo V60 T6 TwEn AWD Geartronic, 340hp, 2020",Blue,2020,40800
chq7iuq9io6g00ck64m0,2023-05-29 10.07.55,CANCELLED,ch9r7kq9io6g00f4ifog,499400,Volvo,XC40,"Volvo XC40 Recharge Single Motor, 231hp, 2023",Black,2023,5410
chq8kp29io6g00ck6c7g,2023-05-29 11.20.05,COMPLETED,ccpuckocf4n4hi7dkerg,390200,Tesla,Model 3,"Tesla Model 3 Long Range, 287hp, 2019",Grey,2019,66910
chqa68q9io6g00ck6r8g,2023-05-29 13.05.40,COMPLETED,chd44eq9io6g00dnckq0,535400,Skoda,Enyaq iV,"Skoda Enyaq iV 80 82 kWh, 204hp, 2022",Red,2022,10900
chqqlei9io6g00ck94lg,2023-05-30 07.50.18,CANCELLED,cbvu1mqjnl20thd1apt0,422100,Tesla,Model 3,"Tesla Model 3 Long Range AWD, 440hp, 2019",Black,2019,39940
chqrg9q9io6g00ck9d50,2023-05-30 08.47.36,COMPLETED,cgrapba23akg009at3tg,483900,Tesla,Model 3,"Tesla Model 3 Long Range AWD, 440hp, 2021",White,2021,65900
chqs6h29io6g00ck9in0,2023-05-30 09.35.01,COMPLETED,cfst7eq23akg00d1tc3g,542700,Volvo,S60,"Volvo S60 T8 AWD Polestar Engineered Recharge T8 AWD Geartronic, 405hp, 2022",Silver,2022,31230
chqsbqa9io6g00ck9kq0,2023-05-30 09.46.18,COMPLETED,caks9t6lpk5k71qukq10,506600,Kia,EV6,"Kia EV6 77.4 kWh, 228hp, 2022",White,2022,27530
chqsbta9io6g00ck9l5g,2023-05-30 09.46.30,COMPLETED,cg46i8i23akg00eiiukg,506600,Kia,EV6,"Kia EV6 77.4 kWh, 228hp, 2022",Grey,2022,29380
chqsodq9io6g00ck9osg,2023-05-30 10.13.11,COMPLETED,cgsj54a23akg00foqotg,739400,Tesla,Model S,"Tesla Model S Long Range AWD, 423hp, 2021",Grey,2021,55110
chqtbm29io6g00ck9tu0,2023-05-30 10.54.17,COMPLETED,ch77m4i9io6g00c2918g,354200,Peugeot,3008,"Peugeot 3008 HYBRID4 1.6 + 13.2 kWh 4WD EAT, 300hp, 2021",Grey,2021,27020
chqu0329io6g00cka710,2023-05-30 11.37.48,COMPLETED,ch4e0fi9io6g00dg19m0,456100,Tesla,Model 3,"Tesla Model 3 Long Range AWD, 440hp, 2020",Black,2020,45740
chr0rbq9io6g00ckbcb0,2023-05-30 14.52.31,COMPLETED,cg46adi23akg00eiiscg,542700,Kia,EV6,"Kia EV6 77.4 kWh, 228hp, 2022",Grey,2022,13850
chr1jlq9io6g00ckbfr0,2023-05-30 15.44.24,COMPLETED,c802lvlmmudf9q5l7pq0,448900,Volvo,XC40,"Volvo XC40 T5 Recharge T5 TwEn DCT, 262hp, 2021",Black,2021,40440
chrfbea9io6g00ckd5h0,2023-05-31 07.22.33,COMPLETED,cc199stg1mskjr6rd1m0,450000,Tesla,Model 3,"Tesla Model 3 Long Range AWD, 440hp, 2020",Grey,2020,45140
chrhfqa9io6g00ckdop0,2023-05-31 09.48.26,COMPLETED,chjmn9i9io6g0089gm7g,371700,Lynk & Co,01,"Lynk & Co 01 PHEV DCT, 261hp, 2022",Black,2022,5980
chrieqq9io6g00ckdua0,2023-05-31 10.54.35,COMPLETED,cg8e2ta23akg00af01ag,599300,Audi,Q5,"Audi Q5 55 Sportback TFSI e quattro S Tronic, 367hp, 2021",White,2021,14590
chrl4oa9io6g00a1drlg,2023-05-31 13.57.54,CANCELLED,ch527vi9io6g00e1hmvg,344900,Volkswagen,Passat,"Volkswagen Passat Variant GTE DSG Sequential, 218hp, 2020",Grey,2020,28300
chrmad29io6g00a1e290,2023-05-31 15.18.13,RETURNED,cg1ifmi23akg00d8j1v0,192500,Nissan,Leaf,"Nissan Leaf, 150hp, 2018",Black,2018,75880
chrn4va9io6g00a1e6n0,2023-05-31 16.14.54,COMPLETED,cgv83ea23akg00cd6m40,249100,Nissan,Leaf,"Nissan Leaf, 150hp, 2021",Black,2021,35420
chromkq9io6g00a1ear0,2023-05-31 18.00.51,COMPLETED,caods5aopf6bgvvanpdg,370600,Kia,Niro,"Kia e-Niro 64 kWh, 204hp, 2021",Blue,2021,45310
chs6oeq9io6g00d4hap0,2023-06-01 10.00.27,COMPLETED,ch5rfvq9io6g00evamt0,223400,Hyundai,Ioniq,"Hyundai Ioniq Electric 28 kWh, 120hp, 2019",White,2019,45000
chs7qii9io6g00d4hlpg,2023-06-01 11.13.15,COMPLETED,cge721a23akg0087p2mg,440700,Tesla,Model 3,"Tesla Model 3 Performance, 510hp, 2020",Red,2020,76280
chs90529io6g00d4hu5g,2023-06-01 12.33.24,COMPLETED,ch4i7g29io6g00dg27tg,669300,Tesla,Model Y,"Tesla Model Y Performance, 450hp, 2022",White,2022,26230
chs998a9io6g00d4i0jg,2023-06-01 12.52.50,COMPLETED,cf2qo4i23akg00bk8ha0,298700,Hyundai,Kona,"Hyundai Kona Electric 64 kWh, 204hp, 2019",Grey,2019,57560
chsc9229io6g00d4igeg,2023-06-01 16.17.12,CANCELLED,ch5p1i29io6g00c1a930,334600,Mitsubishi,Outlander,"Mitsubishi Outlander P-HEV 2.4 Hybrid 4WD CVT, 230hp, 2020",White,2020,24900
chsnv4a9io6g00d4jcng,2023-06-02 05.35.14,COMPLETED,c8jhb3t8esvdcptu9t00,455100,Tesla,Model 3,"Tesla Model 3 Performance, 510hp, 2020",,2020,56610
chsovla9io6g00d4jhcg,2023-06-02 06.44.38,COMPLETED,ch41qfa9io6g00d10t30,782600,Tesla,Model X,"Tesla Model X Long Range, 423hp, 2020",Grey,2020,46270
chspr5i9io6g00d4jr3g,2023-06-02 07.43.18,COMPLETED,chjm5gi9io6g0089g7o0,375800,Lynk & Co,01,"Lynk & Co 01 PHEV DCT, 261hp, 2022",Black,2022,12520
chssesi9io6g00cqa4ng,2023-06-02 10.41.55,CANCELLED,cgqi12223akg00fnqud0,229500,Nissan,Leaf,"Nissan Leaf, 150hp, 2019",Grey,2019,24840
chssu829io6g00cqaagg,2023-06-02 11.14.40,COMPLETED,ch527vi9io6g00e1hmvg,355200,Volkswagen,Passat,"Volkswagen Passat Variant GTE DSG Sequential, 218hp, 2020",Grey,2020,28300
chsu66a9io6g00cqb2j0,2023-06-02 12.39.53,CANCELLED,cg46era23akg00eiitvg,513800,Kia,EV6,"Kia EV6 77.4 kWh, 228hp, 2022",Grey,2022,27210
cht16ai9io6g00cqbgt0,2023-06-02 16.04.58,COMPLETED,cfn9bna23akg00d02edg,582800,Tesla,Model Y,"Tesla Model Y Long Range AWD, 514hp, 2021",Black,2021,27860
cht1bii9io6g00cqbi3g,2023-06-02 16.16.10,CANCELLED,cgv86ea23akg00cd6mq0,530300,Kia,Sorento,"Kia Sorento PHEV Automatic, 265hp, 2021",White,2021,61500
cht1oga9io6g00cqbjqg,2023-06-02 16.43.45,CANCELLED,chadk7a9io6g00f4l6e0,638400,Tesla,Model Y,"Tesla Model Y Long Range AWD, 345hp, 2022",Black,2022,16780
cht3o8a9io6g00cqbosg,2023-06-02 18.59.46,COMPLETED,c92tpta62kc4r855kqag,539600,Tesla,Model X,"Tesla Model X 90D, 423hp, 2017",Black,2017,99120
chtcedi9io6g00cqcb00,2023-06-03 04.53.10,COMPLETED,chhrll29io6g00afv6og,164600,Renault,ZOE,"Renault ZOE R110 41 kWh, 109hp, 2019",White,2019,53790
chtgctq9io6g00cqck6g,2023-06-03 09.23.03,COMPLETED,cgrg21223akg00dfvgcg,607500,Tesla,Model Y,"Tesla Model Y Long Range AWD, 345hp, 2021",White,2021,30480
chtgiva9io6g00cqckt0,2023-06-03 09.35.58,COMPLETED,ch0o8rq23akg00cbn8c0,442700,Tesla,Model 3,"Tesla Model 3 Long Range AWD, 440hp, 2020",Grey,2020,45920
chtn8sa9io6g00cqd5d0,2023-06-03 17.12.17,COMPLETED,ceq05sa23akg00bkds8g,212000,Nissan,Leaf,"Nissan Leaf 40 kWh, 149hp, 2019",White,2019,57050
chtpn9a9io6g00cqda6g,2023-06-03 19.59.33,COMPLETED,ca2fnokqpmd6pslp44i0,469500,Tesla,Model 3,"Tesla Model 3 Performance, 510hp, 2020",Grey,2020,50680
chu8bfi9io6g00cqe3v0,2023-06-04 12.38.22,CANCELLED,ch3vqti9io6g00d10p60,339700,Hyundai,Kona,"Hyundai Kona Electric 64 kWh, 204hp, 2020",Blue,2020,54980
chuc2j29io6g00cqebr0,2023-06-04 16.52.29,COMPLETED,cfub2g223akg009cc6qg,629200,Tesla,Model Y,"Tesla Model Y Long Range AWD, 345hp, 2022",White,2022,15420
chuf0329io6g00cqehdg,2023-06-04 20.11.57,COMPLETED,c9p49umumlmkoi7hb1ug,308800,Kia,Niro,"Kia e-Niro 64 kWh, 204hp, 2019",White,2019,44840
chundpa9io6g00cqf1kg,2023-06-05 05.47.18,COMPLETED,c9irkmppmntpmqs6phtg,418000,Tesla,Model 3,"Tesla Model 3 Performance, 510hp, 2020",White,2020,64700
chuo89q9io6g00cqfbl0,2023-06-05 06.43.51,COMPLETED,ce7hetf0c1kr68pfq0f0,404600,Volvo,V90,"Volvo V90 T8 TwEn AWD Geartronic, 392hp, 2020",Grey,2020,77230
chupj6q9io6g008qbijg,2023-06-05 08.15.23,COMPLETED,ch5rqn29io6g00e515rg,401500,Tesla,Model 3,"Tesla Model 3 Long Range AWD, 440hp, 2020",White,2020,78750
chuppj29io6g008qbju0,2023-06-05 08.29.00,COMPLETED,ch2erra23akg00dfc2j0,424200,Mercedes-Benz,C-Class,"Mercedes-Benz C 300 T de 9G-Tronic, 306hp, 2021",Grey,2021,38400
chupr129io6g008qbl1g,2023-06-05 08.32.05,COMPLETED,cdlu0ae69l3bhan4chq0,376800,Tesla,Model 3,"Tesla Model 3 Standard Range Plus, 258hp, 2019",Red,2019,48660
chuqn9q9io6g008qbs00,2023-06-05 09.32.23,COMPLETED,chdoop29io6g00epc4dg,596200,Hyundai,Ioniq 5,"Hyundai Ioniq 5 72.6 kWh AWD, 306hp, 2022",Yellow,2022,11110
chuvorq9io6g008qddng,2023-06-05 15.17.03,COMPLETED,ch922ii9io6g00dp2pqg,629200,Tesla,Model Y,"Tesla Model Y Long Range AWD, 345hp, 2022",White,2022,10580
chvgtq29io6g00cj62og,2023-06-06 10.48.08,COMPLETED,c9k47f0ssg5stb4ot2u0,166700,Renault,ZOE,Renault ZOE R90 41 kWh Intens Friköpt batteri V-hjul,White,2018,57970
chvi3u29io6g00cj66h0,2023-06-06 12.09.29,CANCELLED,cevbnaa23akg00akl180,271800,Mazda,MX-30,"Mazda MX-30 e-Skyactiv BEV, 143hp, 2021",Black,2021,16370
ci03ah29io6g00cj7mh0,2023-06-07 07.44.05,COMPLETED,cce4kao2jeu1faufcgmg,185400,Volkswagen,up!,"Volkswagen e-up! 32.3 kWh, Driver Assist, Design Pack, 83hp, 2020",Silver,2020,30870
ci06pfq9io6g00ect1o0,2023-06-07 11.40.47,COMPLETED,chdmpu29io6g00dnf8pg,880500,BMW,X5,"BMW X5 xDrive45e iPerformance Steptronic, 394hp, 2020",Black,2020,30440
ci0956q9io6g00ectmog,2023-06-07 14.22.20,CANCELLED,cdb6n844a2a7u35d07lg,335600,Lynk & Co,01,Lynk & Co 01 PHEV Navi Pano Adap Farth Infinity V-hjul,Blue,2021,14430
ci098ii9io6g00ectn7g,2023-06-07 14.29.30,COMPLETED,cev85vi23akg00bpnvh0,196600,Hyundai,Ioniq,"Hyundai Ioniq Electric 28 kWh, 120hp, 2018",Orange,2018,76680
ci0agk29io6g00ects2g,2023-06-07 15.54.56,COMPLETED,cdu8lbo5st7c8q9g7ssg,411800,Tesla,Model 3,"Tesla Model 3 Long Range AWD, 440hp, 2019",White,2019,72720
ci0atfi9io6g00ectt70,2023-06-07 16.22.23,COMPLETED,ch40gsi9io6g00d10qh0,633300,Skoda,Enyaq iV,"Škoda Enyaq iV 80X, 265hp, 2022",Silver,2022,12320
ci0cci29io6g00ecu0n0,2023-06-07 18.02.49,COMPLETED,c87oqkb1pqelht4o0310,248100,BMW,i3,"BMW i3s 120 Ah, 183hp, 2019",,2019,47380
ci0pina9io6g008jiu1g,2023-06-08 09.03.26,COMPLETED,cfa2m1i23akg00av95e0,493200,Tesla,Model 3,"Tesla Model 3 Standard Range, 283hp, 2022",Black,2022,7720
ci0sog29io6g008jjhbg,2023-06-08 12.40.33,CANCELLED,cfvin0q23akg009cfi60,557100,Hyundai,Ioniq 5,"Hyundai Ioniq 5 72.6 kWh, 218hp, 2022",White,2022,18880
ci0sq9q9io6g008jjhp0,2023-06-08 12.44.24,COMPLETED,cflkua223akg00ds6fp0,609600,Tesla,Model Y,"Tesla Model Y Long Range AWD, 345hp, 2021",Grey,2021,44700
ci12tmi9io6g008jl8vg,2023-06-08 19.41.14,COMPLETED,cfpmida23akg00aho0ng,500400,Kia,EV6,"Kia EV6 77.4 kWh, 228hp, 2022",White,2022,26060
ci134329io6g008jl9eg,2023-06-08 19.54.52,COMPLETED,cgmjk8i23akg00cdnvi0,265600,Mitsubishi,Outlander,"Mitsubishi Outlander P-HEV 2.0 Hybrid 4WD CVT, 203hp, 2018",Red,2018,50250
ci1ctfq9io6g008jlseg,2023-06-09 07.03.28,COMPLETED,chn1hli9io6g00d99n20,688900,Tesla,Model Y,"Tesla Model Y Long Range AWD, 345hp, 2023",Blue,2023,1920
ci1dohq9io6g008jm590,2023-06-09 08.01.12,COMPLETED,choagfq9io6g0083nfq0,550900,Polestar,2,"Polestar 2 Standard Range Single Motor, 231hp, 2023",Grey,2023,6680
ci1dubq9io6g008jm6r0,2023-06-09 08.13.36,CANCELLED,ch0osi223akg00cbnaf0,387100,Tesla,Model 3,"Tesla Model 3 Standard Range Plus, 258hp, 2020",Black,2020,48740
ci1e2sa9io6g008jm84g,2023-06-09 08.23.14,COMPLETED,ch19si223akg00df8vcg,631200,Tesla,Model Y,"Tesla Model Y Long Range AWD, 345hp, 2022",White,2022,41600
ci1e6mi9io6g008jm910,2023-06-09 08.31.22,CANCELLED,cgsfqji23akg00bp0mj0,359300,Tesla,Model 3,"Tesla Model 3 Standard Range Plus, 258hp, 2019",Black,2019,71010
ci1easa9io6g008jma60,2023-06-09 08.40.17,COMPLETED,cfvikmq23akg009cfhrg,382000,Tesla,Model 3,"Tesla Model 3 Long Range AWD, 440hp, 2020",Red,2020,88880
ci1easq9io6g008jmaf0,2023-06-09 08.40.19,COMPLETED,cbvu1mqjnl20thd1apt0,409800,Tesla,Model 3,"Tesla Model 3 Long Range AWD, 440hp, 2019",Black,2019,39940
ci1eati9io6g008jmapg,2023-06-09 08.40.22,COMPLETED,chnpq2i9io6g009ru8j0,402600,Tesla,Model 3,"Tesla Model 3 Long Range, 287hp, 2019",Grey,2019,37200
ci1ersa9io6g008jme30,2023-06-09 09.16.33,COMPLETED,cg1lc0i23akg00d8j720,236700,Renault,ZOE,"Renault ZOE R135 52 kWh, 136hp, 2021",,2021,43760
ci1fjfq9io6g00f63kbg,2023-06-09 10.06.55,COMPLETED,cg07p5i23akg00b6sqq0,617800,Ford,Mustang Mach-E,"Ford Mustang Mach-E Long Range AWD, 351hp, 2022",Black,2022,6120
ci1fsua9io6g00f63ma0,2023-06-09 10.27.05,COMPLETED,cgsfqji23akg00bp0mj0,359300,Tesla,Model 3,"Tesla Model 3 Standard Range Plus, 258hp, 2019",Black,2019,71010
ci1i2ia9io6g00f64aqg,2023-06-09 12.55.37,CANCELLED,ch3rk5i9io6g009omos0,289300,Nissan,Leaf,"Nissan Leaf, 150hp, 2022",Blue,2022,5050
ci1k6tq9io6g00f64uug,2023-06-09 15.21.28,CANCELLED,cg7d8b223akg009ia6o0,739400,Volvo,XC90,"Volvo XC90 T8 AWD Recharge T8 TwEn AWD Geartronic, 392hp, 2022",Silver,2022,34930
ci1kc7q9io6g00f64vhg,2023-06-09 15.32.48,COMPLETED,chd0fma9io6g00f7a83g,303700,Mitsubishi,Outlander,"Mitsubishi Outlander P-HEV 2.4 Hybrid 4WD CVT, 230hp, 2020",White,2020,46570
ci1koti9io6g00f650e0,2023-06-09 15.59.51,COMPLETED,ce09n12u26ad982ll7o0,581800,Tesla,Model S,"Tesla Model S Long Range AWD, 423hp, 2019",Black,2019,60460
ci1kq429io6g00f650u0,2023-06-09 16.02.25,COMPLETED,cg46l1223akg00eiiv40,643600,BMW,4 Series,"BMW i4 eDrive40 Gran Coupé 83.9 kWh, 340hp, 2023",White,2023,11880
ci1lhri9io6g00f65310,2023-06-09 16.53.02,CANCELLED,cdb6n844a2a7u35d07lg,335600,Lynk & Co,01,Lynk & Co 01 PHEV Navi Pano Adap Farth Infinity V-hjul,Blue,2021,14430
ci1nvvi9io6g00f656vg,2023-06-09 19.39.42,COMPLETED,chdo0529io6g00dnfl70,267600,Kia,Ceed,"Kia Ceed Sportswagon Plug-in Hybrid DCT, 141hp, 2021",White,2021,37490
ci1t98q9io6g0097uit0,2023-06-10 01.40.51,COMPLETED,chs53b29io6g00a1fjr0,371700,Lynk & Co,01,"Lynk & Co 01 PHEV DCT, 261hp, 2022",Black,2022,6150
ci25aii9io6g0097v0fg,2023-06-10 10.49.46,COMPLETED,cflufvq23akg00arlte0,430400,Skoda,Enyaq iV,"Skoda Enyaq iV 60 62 kWh, 180hp, 2021",White,2021,39530
ci2fhsa9io6g0097vn9g,2023-06-10 22.28.01,COMPLETED,ch4gonq9io6g00dg1pc0,614800,Tesla,Model Y,"Tesla Model Y Long Range AWD, 514hp, 2021",White,2021,39700
ci2u1kq9io6g00980c4g,2023-06-11 14.57.23,COMPLETED,cdb3n0ab4fva42i32910,203800,Volkswagen,up!,"Volkswagen e-up! 32.3 kWh,Comfort, Driver assist, 2021",White,2021,12780
ci3cg9q9io6g00981dqg,2023-06-12 07.24.23,COMPLETED,ch3vqti9io6g00d10p60,339700,Hyundai,Kona,"Hyundai Kona Electric 64 kWh, 204hp, 2020",Blue,2020,54980
ci3cpoq9io6g00981h50,2023-06-12 07.44.35,RETURNED,cg46era23akg00eiitvg,500400,Kia,EV6,"Kia EV6 77.4 kWh, 228hp, 2022",Grey,2022,27210
ci3d0q29io6g00981jdg,2023-06-12 07.59.36,COMPLETED,cgvsj1i23akg009dl16g,370600,Tesla,Model 3,"Tesla Model 3 Standard Range Plus, 258hp, 2019",Black,2019,49600
ci3d0si9io6g00981jn0,2023-06-12 07.59.46,COMPLETED,cbtpp5h5pbg9f0fvnl2g,196600,Skoda,Citigo,Skoda Citigo iV E Style V-hjul Farthållare,Blue,2020,10880
ci3d0ti9io6g00981k6g,2023-06-12 07.59.50,COMPLETED,cfgb44a23akg00b7d970,411800,Tesla,Model 3,"Tesla Model 3 Long Range AWD, 440hp, 2019",Red,2019,71720
ci3d0va9io6g00981khg,2023-06-12 07.59.58,COMPLETED,cbvkhrijnl20thd1ana0,227500,Volkswagen,Golf,"Volkswagen e-Golf 35.8 kWh, 136hp, 2020",Blue,2020,38770
ci3d10i9io6g00981ks0,2023-06-12 08.00.03,COMPLETED,c98msq1fntq59iu35l4g,389200,Volvo,V90,"Volvo V90 T8 TwEn AWD Geartronic, 407hp, 2018",Grey,2018,84880
ci3da629io6g00981mvg,2023-06-12 08.19.37,COMPLETED,chs514i9io6g00a1fjdg,376800,Lynk & Co,01,"Lynk & Co 01 PHEV DCT, 261hp, 2022",Blue,2022,12930
ci3ehji9io6g00982fgg,2023-06-12 09.43.43,COMPLETED,ch5p1i29io6g00c1a930,334600,Mitsubishi,Outlander,"Mitsubishi Outlander P-HEV 2.4 Hybrid 4WD CVT, 230hp, 2020",White,2020,24900
ci3grni9io6g009839u0,2023-06-12 12.21.51,COMPLETED,chev7vq9io6g00f1hik0,545700,Skoda,Enyaq iV,"Skoda Enyaq iV 80 82 kWh, 204hp, 2021",Red,2021,46730
ci3gtmq9io6g00983akg,2023-06-12 12.26.04,COMPLETED,ceqllka23akg0095h320,202800,Nissan,Leaf,"Nissan Leaf 40 kWh, 149hp, 2018",White,2018,39880
ci3h1f29io6g00983c6g,2023-06-12 12.34.04,CANCELLED,cg9fnoq23akg00ed3ej0,445800,Kia,Niro,"Kia Niro EV, 204hp, 2023",Grey,2023,9180
ci3h4nq9io6g00983dng,2023-06-12 12.41.03,COMPLETED,cf81kra23akg0092rm20,497300,Polestar,2,"Polestar 2 Standard Range Single Motor, 224hp, 2022",Silver,2022,18710
ci3hea29io6g00983j90,2023-06-12 13.01.28,COMPLETED,cc6bg8apkdqhnkd16100,188300,Volkswagen,up!,"Volkswagen e-up! 32.3 kWh, 83hp, 2020",Grey,2020,27250
ci3j4ja9io6g009842bg,2023-06-12 14.57.18,COMPLETED,cg43isa23akg00eii350,403600,BMW,X1,"BMW X1 xDrive25e Steptronic, 220hp, 2021",White,2021,26830
ci3jbmq9io6g00984c3g,2023-06-12 15.12.27,COMPLETED,cg8s7qi23akg00c9ddc0,751700,Tesla,Model S,"Tesla Model S Long Range AWD, 423hp, 2021",White,2021,34790
ci3llha9io6g00984ilg,2023-06-12 17.49.57,COMPLETED,cf8p2ga23akg00b3p200,391200,Tesla,Model 3,"Tesla Model 3 Standard Range Plus, 258hp, 2019",Grey,2019,46240
ci3m3u29io6g00984la0,2023-06-12 18.20.41,COMPLETED,cdqdv3i9unrpcht1120g,398500,Tesla,Model 3,"Tesla Model 3 Long Range AWD, 440hp, 2019",Red,2019,64610
ci42ph29io6g00985pa0,2023-06-13 08.45.57,COMPLETED,ch3su429io6g009on1og,225400,Nissan,Leaf,"Nissan Leaf, 150hp, 2019",White,2019,28190
ci439029io6g00985v3g,2023-06-13 09.18.57,COMPLETED,cdtjgpvpoemtr09psnmg,463300,Tesla,Model 3,"Tesla Model 3 Performance, 510hp, 2020",White,2020,49290
ci43ck29io6g009860hg,2023-06-13 09.26.41,CANCELLED,chadk7a9io6g00f4l6e0,638400,Tesla,Model Y,"Tesla Model Y Long Range AWD, 345hp, 2022",Black,2022,16780
ci43k5a9io6g00986b00,2023-06-13 09.42.45,COMPLETED,cgqi12223akg00fnqud0,229500,Nissan,Leaf,"Nissan Leaf, 150hp, 2019",Grey,2019,24840
ci43kg29io6g00986bc0,2023-06-13 09.43.29,COMPLETED,cbgj08a2irdkbb363tv0,419100,Tesla,Model 3,Tesla Model 3 Performance 510 Hk Pano Autopilot V-hjul,White,2020,66810
ci44eeq9io6g00986j6g,2023-06-13 10.38.51,CANCELLED,ch4i98q9io6g00dg2890,366500,Kia,Niro,"Kia e-Niro 64 kWh, 204hp, 2020",Red,2020,60250
ci45h6q9io6g00987cv0,2023-06-13 11.52.59,COMPLETED,cg46gna23akg00eiiuag,509700,Kia,EV6,"Kia EV6 77.4 kWh, 228hp, 2022",White,2022,23610
ci4755a9io6g00c2igq0,2023-06-13 13.43.49,CANCELLED,ch3popq9io6g009om3t0,615800,Tesla,Model Y,"Tesla Model Y Long Range AWD, 345hp, 2021",White,2021,23320
ci481029io6g00c7rfsg,2023-06-13 14.43.12,CANCELLED,ceq43qq23akg00bke5ig,578700,Volvo,XC60,"Volvo XC60 T8 AWD Recharge T8 TwEn AWD Geartronic, 392hp, 2022",Black,2022,18270
ci4a7ti9io6g00c7sj1g,2023-06-13 17.14.30,CANCELLED,cg9fnoq23akg00ed3ej0,445800,Kia,Niro,"Kia Niro EV, 204hp, 2023",Grey,2023,9180
ci4ba329io6g00c7sqp0,2023-06-13 18.27.25,COMPLETED,cce1km82jeu1faufcgeg,693000,Tesla,Model S,"Tesla Model S Long Range AWD, 423hp, 2021",Black,2021,78530
ci4d12i9io6g00c7t12g,2023-06-13 20.24.43,CANCELLED,chibb1a9io6g00896mig,545700,Volvo,XC40,"Volvo XC40 P8 AWD Recharge, 408hp, 2021",Blue,2021,53220
ci4m4li9io6g00c7tjf0,2023-06-14 06.46.46,COMPLETED,chs52pa9io6g00a1fjn0,370600,Lynk & Co,01,"Lynk & Co 01 PHEV DCT, 261hp, 2022",Blue,2022,5800
ci4n1329io6g00c7uhdg,2023-06-14 07.47.25,COMPLETED,cfqg6ca23akg00cjqof0,485000,Volvo,XC60,"Volvo XC60 T8 TwEn AWD Geartronic, 392hp, 2020",Red,2020,38570
ci4nbfi9io6g00c7umeg,2023-06-14 08.09.34,COMPLETED,cg9fnoq23akg00ed3ej0,445800,Kia,Niro,"Kia Niro EV, 204hp, 2023",Grey,2023,9180
ci4nkr29io6g00c7vb5g,2023-06-14 08.29.33,COMPLETED,ci0r5rq9io6g008jj6i0,371700,Lynk & Co,01,"Lynk & Co 01 PHEV DCT, 261hp, 2022",Black,2022,7790
ci4nmnq9io6g00c7vc30,2023-06-14 08.33.35,COMPLETED,chdo1ba9io6g00dnflpg,303700,Kia,Niro,"Kia e-Niro 64 kWh, 204hp, 2019",Black,2019,60990
ci4oef29io6g00c7vk2g,2023-06-14 09.24.12,COMPLETED,cg7d8b223akg009ia6o0,739400,Volvo,XC90,"Volvo XC90 T8 AWD Recharge T8 TwEn AWD Geartronic, 392hp, 2022",Silver,2022,34930
ci4ofk29io6g00c7vkl0,2023-06-14 09.26.40,COMPLETED,ci0r7q29io6g008jj7e0,350000,Lynk & Co,01,"Lynk & Co 01 PHEV DCT, 261hp, 2021",Blue,2021,16240
ci4qsc29io6g00c817h0,2023-06-14 12.10.24,COMPLETED,cghi72a23akg00bnse50,432400,Tesla,Model 3,"Tesla Model 3 Long Range AWD, 440hp, 2019",Black,2019,45940
ci4t6a29io6g00fmoa30,2023-06-14 14.48.09,COMPLETED,cbpnduf8kv5crpeb4p80,188300,Seat,Mii,"SEAT Mii electric 36.8 kWh, 83hp, 2021",Silver,2021,16900
ci4tq9a9io6g00fmoefg,2023-06-14 15.30.46,COMPLETED,c81oo4tg88ans7povrc0,493200,Tesla,Model 3,"Tesla Model 3 Performance, 510hp, 2020",White,2020,8290
ci5b06q9io6g00fmp6q0,2023-06-15 06.30.52,COMPLETED,ch0osi223akg00cbnaf0,387100,Tesla,Model 3,"Tesla Model 3 Standard Range Plus, 258hp, 2020",Black,2020,48740
ci5bnsa9io6g00fmpfd0,2023-06-15 07.21.21,COMPLETED,chahsa29io6g00f4mgq0,706400,Tesla,Model Y,"Tesla Model Y Performance, 450hp, 2022",Black,2022,16370
ci5c4lq9io6g00fmpm0g,2023-06-15 07.48.40,CANCELLED,ce67bmbsvc4295bkfco0,391200,Tesla,Model 3,"Tesla Model 3 Standard Range Plus, 258hp, 2020",White,2020,55280
ci5dv2q9io6g00fofqrg,2023-06-15 09.53.16,COMPLETED,ch3popq9io6g009om3t0,615800,Tesla,Model Y,"Tesla Model Y Long Range AWD, 345hp, 2021",White,2021,23320
ci5nb8a9io6g00ces9vg,2023-06-15 20.33.38,COMPLETED,chj2ee29io6g0089bq30,627100,Tesla,Model Y,"Tesla Model Y Long Range AWD, 345hp, 2022",Grey,2022,28720
ci602fq9io6g00cesrsg,2023-06-16 06.29.20,COMPLETED,cgmfjoq23akg00cdn2g0,467500,Skoda,Enyaq iV,"Skoda Enyaq iV 60 62 kWh, 180hp, 2022",Red,2022,13580
ci62no29io6g00cetj00,2023-06-16 09.31.13,COMPLETED,c9trmbbaclahdnj8qumg,813500,Tesla,Model S,"Tesla Model S Ludicrous Performance, 613hp, 2020",Red,2020,67560
ci65gga9io6g00ceupug,2023-06-16 12.40.34,COMPLETED,cevcpsi23akg00akl4tg,443800,Tesla,Model 3,"Tesla Model 3 Long Range AWD, 440hp, 2020",White,2020,44320
ci65pii9io6g00cev1cg,2023-06-16 12.59.55,COMPLETED,chjnfdi9io6g0089gtng,535400,Volvo,V60,"Volvo V60 Polestar T8 TwEn AWD Geartronic, 405hp, 2020",White,2020,81550
ci69jsq9io6g00cevu5g,2023-06-16 17.20.51,COMPLETED,cdnkd85v7top23od20u0,343900,Kia,Niro,"Kia e-Niro 64 kWh, 204hp, 2021",Black,2021,66320
ci6balq9io6g00cf02ug,2023-06-16 19.17.43,COMPLETED,cb95ftd8v5fi6jsumaq0,326400,Hyundai,Kona,"Hyundai Kona Electric 64 kWh, 204hp, 2020",Grey,2020,41930
ci6mpmq9io6g00cf0pgg,2023-06-17 08.20.43,CANCELLED,cdb6n844a2a7u35d07lg,332500,Lynk & Co,01,Lynk & Co 01 PHEV Navi Pano Adap Farth Infinity V-hjul,Blue,2021,14430
ci6n5ca9io6g00cf0rlg,2023-06-17 08.45.37,COMPLETED,ci0r3oq9io6g008jj5a0,349000,Lynk & Co,01,"Lynk & Co 01 PHEV DCT, 261hp, 2021",Blue,2021,10
ci6ncai9io6g00cf0sig,2023-06-17 09.00.26,COMPLETED,chjml4q9io6g0089gko0,380000,Lynk & Co,01,"Lynk & Co 01 PHEV DCT, 261hp, 2022",Blue,2022,10650
ci6uq629io6g00cf1jl0,2023-06-17 17.27.52,CANCELLED,ce8q1hg55i401ljlvmgg,117300,Renault,ZOE,"Renault ZOE R240 22 kWh, 88hp, 2016",Black,2016,90150
ci752mi9io6g00cf20i0,2023-06-18 00.35.39,COMPLETED,cevbnaa23akg00akl180,266600,Mazda,MX-30,"Mazda MX-30 e-Skyactiv BEV, 143hp, 2021",Black,2021,16370
ci7cl4a9io6g00cf2e4g,2023-06-18 09.12.49,COMPLETED,che8ali9io6g00epe0a0,642600,Tesla,Model Y,"Tesla Model Y Long Range AWD, 345hp, 2021",Grey,2021,18610
ci81k2i9io6g00cf59vg,2023-06-19 09.04.11,COMPLETED,ch8e0ki9io6g00c2d5r0,631200,Tesla,Model Y,"Tesla Model Y Long Range AWD, 345hp, 2021",Blue,2021,21350
ci858h29io6g00cf7nmg,2023-06-19 13.12.37,COMPLETED,ch3qmla9io6g009oma00,542700,Volkswagen,ID.4,"Volkswagen ID.4 GTX, 299hp, 2021",Grey,2021,36780
ci85nja9io6g00cf7sc0,2023-06-19 13.44.46,COMPLETED,cajje8rc80obl47q7j8g,365500,Kia,Niro,"Kia e-Niro 64 kWh, 204hp, 2020",White,2020,47570
ci866ci9io6g00cf81pg,2023-06-19 14.16.19,COMPLETED,cfl0odi23akg0088eg20,403600,Tesla,Model 3,"Tesla Model 3 Long Range AWD, 440hp, 2019",Blue,2019,62290
ci872rq9io6g00cf8760,2023-06-19 15.17.04,COMPLETED,ci0r6qq9io6g008jj73g,374800,Lynk & Co,01,"Lynk & Co 01 PHEV DCT, 261hp, 2022",Black,2022,9660
ci8737q9io6g00cf87i0,2023-06-19 15.17.52,COMPLETED,cau4ioci6kfhuc9ouv8g,505600,Tesla,Model 3,"Tesla Model 3 Long Range AWD, 440hp, 2021",White,2021,35710
ci8834i9io6g00cf8aqg,2023-06-19 16.25.54,CANCELLED,chadk7a9io6g00f4l6e0,638400,Tesla,Model Y,"Tesla Model Y Long Range AWD, 345hp, 2022",Black,2022,16780
ci8kvk29io6g00cf8st0,2023-06-20 07.05.52,COMPLETED,cg4bdta23akg00f77ocg,498400,Tesla,Model 3,"Tesla Model 3 Long Range AWD, 440hp, 2021",Black,2021,50190
ci8l2ci9io6g00cf8vd0,2023-06-20 07.11.46,COMPLETED,cfmdlqi23akg008ndk5g,352100,Kia,Niro,"Kia e-Niro 64 kWh, 204hp, 2020",Black,2020,35170
ci8lnoi9io6g00cf96r0,2023-06-20 07.57.22,COMPLETED,cf4qrsq23akg00ffe4kg,481900,Tesla,Model 3,"Tesla Model 3 Long Range AWD, 440hp, 2020",Black,2020,32580
ci8m2ni9io6g00cf9aj0,2023-06-20 08.20.46,COMPLETED,c802kudmmudf9q5l7a40,442700,Tesla,Model S,"Tesla Model S 100D, 423hp, 2017",White,2017,106630
ci8m4q29io6g00cf9bag,2023-06-20 08.25.12,COMPLETED,cdb6n844a2a7u35d07lg,332500,Lynk & Co,01,Lynk & Co 01 PHEV Navi Pano Adap Farth Infinity V-hjul,Blue,2021,14430
ci8mh1i9io6g00cf9gvg,2023-06-20 08.51.19,COMPLETED,cf3gliq23akg00auktd0,394300,MG,Marvel R,"MG Marvel R Performance Automatic, 288hp, 2022",Blue,2022,29560
ci8n84q9io6g008r7pq0,2023-06-20 09.40.36,CANCELLED,ce3lkv9a47e2k1eqaj1g,208900,BMW,i3,"BMW i3 94 Ah Automatic, 170hp, 2017",Silver,2017,56990
ci8ovm29io6g00f1rolg,2023-06-20 11.39.05,COMPLETED,cck7kocv0hpfp5iuaocg,513800,Tesla,Model 3,"Tesla Model 3 Long Range AWD, 440hp, 2021",Blue,2021,40970
ci8qb6q9io6g00f1sb6g,2023-06-20 13.11.56,COMPLETED,ch23v8a23akg00dfb6j0,456100,Tesla,Model 3,"Tesla Model 3 Standard Range Plus, 325hp, 2021",Grey,2021,15630
ci8qbti9io6g00f1sbrg,2023-06-20 13.13.26,CANCELLED,chdohg29io6g00epc0j0,401500,Tesla,Model 3,"Tesla Model 3 Long Range AWD, 440hp, 2019",Grey,2019,90050
ci8tuj29io6g00a58380,2023-06-20 17.18.04,COMPLETED,ch4gntq9io6g00dg1p9g,509700,Tesla,Model 3,"Tesla Model 3 Long Range AWD, 440hp, 2021",White,2021,44820
ci8uj0a9io6g00a58460,2023-06-20 18.01.38,COMPLETED,cg46ita23akg00eiiuq0,512800,Kia,EV6,"Kia EV6 77.4 kWh, 228hp, 2022",Grey,2022,35310
ci9acua9io6g00a59260,2023-06-21 07.27.53,COMPLETED,ch3ubs29io6g00d10k0g,577700,Tesla,Model Y,"Tesla Model Y Long Range AWD, 345hp, 2021",White,2021,39400
ci9fst29io6g00eorkjg,2023-06-21 13.43.16,COMPLETED,chabl5i9io6g00f4k9k0,434500,Tesla,Model 3,"Tesla Model 3 Long Range AWD, 440hp, 2020",Red,2020,43430
ci9h0ni9io6g00eot0q0,2023-06-21 14.59.43,COMPLETED,chnj7ea9io6g00ch2vbg,696100,Tesla,Model Y,"Tesla Model Y Long Range AWD, 345hp, 2023",White,2023,6240
ci9hee29io6g00eot2dg,2023-06-21 15.28.57,CANCELLED,chh7g2i9io6g00buthcg,605500,Tesla,Model Y,"Tesla Model Y Long Range AWD, 345hp, 2021",White,2021,15060
ci9ip6a9io6g00eot9k0,2023-06-21 17.00.09,COMPLETED,cho8s729io6g0083mqe0,197600,Hyundai,Ioniq,"Hyundai Ioniq Electric 28 kWh, 120hp, 2017",White,2017,32910
cia20ga9io6g009507cg,2023-06-22 10.19.46,COMPLETED,cht3q0a9io6g00cqbpb0,562200,Volkswagen,ID.4,"Volkswagen ID.4 GTX, 299hp, 2022",Silver,2022,35960
cia2c8a9io6g00950c40,2023-06-22 10.44.49,COMPLETED,ch2i1l223akg00dfceag,646700,Tesla,Model S,"Tesla Model S Long Range AWD, 423hp, 2020",Grey,2020,68810
cia3cra9io6g00950o2g,2023-06-22 11.54.22,COMPLETED,chji6ia9io6g0089ebog,603400,Tesla,Model Y,"Tesla Model Y Long Range AWD, 345hp, 2021",Blue,2021,43580
cia4vsq9io6g00951c9g,2023-06-22 13.43.15,COMPLETED,churpdq9io6g008qc0ug,602400,Skoda,Enyaq iV,"Skoda Enyaq iV 80, 204hp, 2022",Blue,2022,15500
ciam7nq9io6g00952lhg,2023-06-23 09.20.31,COMPLETED,cd5shb3nudj22rj9gb1g,502600,Mercedes-Benz,EQA,"Mercedes-Benz EQA 250, 190hp, 2021",Blue,2021,25730
ciamh7q9io6g00952mng,2023-06-23 09.40.48,COMPLETED,ch4cl6i9io6g00dg0nr0,632300,Tesla,Model Y,"Tesla Model Y Long Range AWD, 345hp, 2022",Grey,2022,28170
cibbg1i9io6g00953vd0,2023-06-24 09.31.51,COMPLETED,cfj74v223akg00c3sbgg,617800,Volvo,XC40,"Volvo XC40 Recharge Twin motor, 408hp, 2023",White,2023,10100
cibc66i9io6g0095420g,2023-06-24 10.19.07,CANCELLED,chi9eg29io6g00895tvg,398500,Tesla,Model 3,"Tesla Model 3 Long Range AWD, 440hp, 2019",Black,2019,82670
cic38rq9io6g00955h30,2023-06-25 12.34.56,COMPLETED,cetu89223akg00am78jg,400500,Tesla,Model 3,"Tesla Model 3 Standard Range Plus, 258hp, 2020",Black,2020,32500
cic8qa29io6g00ecu79g,2023-06-25 18.53.29,COMPLETED,ce67bmbsvc4295bkfco0,378900,Tesla,Model 3,"Tesla Model 3 Standard Range Plus, 258hp, 2020",White,2020,55280
cic94eq9io6g00ecu8k0,2023-06-25 19.15.08,COMPLETED,ci0q2f29io6g008jj0p0,463300,Tesla,Model S,"Tesla Model S 75D, 333hp, 2018",Blue,2018,62580
cicjk7i9io6g00eih320,2023-06-26 07.11.26,COMPLETED,cflm9uq23akg008t508g,431400,Tesla,Model 3,"Tesla Model 3 Long Range AWD, 440hp, 2020",Grey,2020,47900
cickgga9io6g00eihli0,2023-06-26 08.11.45,COMPLETED,cfl645q23akg009o81r0,555000,Volvo,XC60,"Volvo XC60 T8 AWD Recharge T8 TwEn AWD Geartronic, 392hp, 2021",Silver,2021,16790
cicm1na9io6g00eii28g,2023-06-26 09.56.46,COMPLETED,chirniq9io6g0089aod0,267600,Hyundai,Ioniq,"Hyundai Ioniq Electric 38.3 kWh, 136hp, 2020",Grey,2020,59840
cicm3c29io6g00eii35g,2023-06-26 10.00.16,COMPLETED,cg1ifmi23akg00d8j1v0,195500,Nissan,Leaf,"Nissan Leaf, 150hp, 2018",Black,2018,75880
cicmgci9io6g00eii7g0,2023-06-26 10.28.02,COMPLETED,ch5vhnq9io6g00e525ng,237800,Mitsubishi,Outlander,"Mitsubishi Outlander P-HEV 2.0 Hybrid 4WD CVT, 203hp, 2017",White,2017,89210
cicnpua9io6g00bdn9p0,2023-06-26 11.56.41,COMPLETED,ccbj9c10ff965bilunug,513800,Mercedes-Benz,EQA,"Mercedes-Benz EQA 250, 190hp, 2021",Blue,2021,28570
cicnr5i9io6g00bdna9g,2023-06-26 11.59.19,COMPLETED,ceq43qq23akg00bke5ig,578700,Volvo,XC60,"Volvo XC60 T8 AWD Recharge T8 TwEn AWD Geartronic, 392hp, 2022",Black,2022,18270
cicole29io6g00bdnuh0,2023-06-26 12.55.20,COMPLETED,ci60l5a9io6g00cet17g,380900,Lynk & Co,01,"Lynk & Co 01 PHEV DCT, 261hp, 2022",Blue,2022,7690
cicpgea9io6g00bdo9ig,2023-06-26 13.52.57,COMPLETED,chj4of29io6g0089c5q0,226400,BMW,2 Series Active/Gran Tourer,"BMW 225xe Active Tourer Steptronic, 224hp, 2017",Blue,2017,44700
cicplt29io6g00bdobd0,2023-06-26 14.04.36,COMPLETED,ci60m5q9io6g00cet1lg,360300,Lynk & Co,01,"Lynk & Co 01 PHEV DCT, 261hp, 2021",Black,2021,14800
cicquli9io6g00bdot50,2023-06-26 15.31.34,COMPLETED,ch9r7kq9io6g00f4ifog,499400,Volvo,XC40,"Volvo XC40 Recharge Single Motor, 231hp, 2023",Black,2023,5410
cict0i29io6g00bdp3eg,2023-06-26 17.52.09,COMPLETED,ci86abssfto8gadth570,375800,Lynk & Co,01,"Lynk & Co 01 PHEV DCT, 261hp, 2022",Blue,2022,2200
cicvhaq9io6g00bdpbf0,2023-06-26 20.44.28,COMPLETED,cgn7ofa23akg008j5qt0,703300,Tesla,Model Y,"Tesla Model Y Performance, 534hp, 2022",Black,2022,25860
cid8d7q9io6g00bdpvb0,2023-06-27 06.50.07,COMPLETED,ccjimv4v0hpfp5iuakj0,433500,Tesla,Model 3,"Tesla Model 3 Long Range AWD, 440hp, 2019",Black,2019,27600
cid8r029io6g00bdq3i0,2023-06-27 07.19.28,COMPLETED,ce8q1hg55i401ljlvmgg,117300,Renault,ZOE,"Renault ZOE R240 22 kWh, 88hp, 2016",Black,2016,90150
cid9srq9io6g00bdqdeg,2023-06-27 08.31.44,COMPLETED,ch33oja23akg00dfe2u0,450000,Tesla,Model 3,"Tesla Model 3 Standard Range Plus, 258hp, 2021",White,2021,24120
cid9vlq9io6g00bdqemg,2023-06-27 08.37.44,COMPLETED,cemmrni23akg00fi8fe0,708500,Tesla,Model Y,"Tesla Model Y Performance, 450hp, 2022",Black,2022,14630
cida6o29io6g00bdqing,2023-06-27 08.52.49,COMPLETED,chi9eg29io6g00895tvg,398500,Tesla,Model 3,"Tesla Model 3 Long Range AWD, 440hp, 2019",Black,2019,82670
cidd3ba9io6g00c29vug,2023-06-27 12.10.21,CANCELLED,chdohg29io6g00epc0j0,401500,Tesla,Model 3,"Tesla Model 3 Long Range AWD, 440hp, 2019",Grey,2019,90050
cidf7ha9io6g00c2agdg,2023-06-27 14.35.50,COMPLETED,chibb1a9io6g00896mig,545700,Volvo,XC40,"Volvo XC40 P8 AWD Recharge, 408hp, 2021",Blue,2021,53220
cidffva9io6g00c2ai1g,2023-06-27 14.53.50,CANCELLED,cct9pac8pflda8lnsmsg,385100,Tesla,Model 3,"Tesla Model 3 Standard Range Plus, 258hp, 2019",Grey,2019,52670
cie04ja9io6g00c9c510,2023-06-28 09.50.06,COMPLETED,cep84ta23akg00f9kh5g,340800,Kia,Niro,"Kia e-Niro 64 kWh, 204hp, 2020",Grey,2020,52820
cie3d0a9io6g00c1llkg,2023-06-28 13.32.49,COMPLETED,cfnt74a23akg00ahml70,535400,Tesla,Model 3,"Tesla Model 3 Long Range AWD, 440hp, 2021",Grey,2021,35500
cie3dca9io6g00c1llv0,2023-06-28 13.33.38,COMPLETED,chdohg29io6g00epc0j0,401500,Tesla,Model 3,"Tesla Model 3 Long Range AWD, 440hp, 2019",Grey,2019,90050
cie58qq9io6g00c1mai0,2023-06-28 15.40.27,COMPLETED,ch9n6hi9io6g00f4h60g,269700,Kia,Optima,"Kia Optima Sport Wagon Plug-in Hybrid Automatic, 205hp, 2018",White,2018,26460
cie6hiq9io6g00c1mevg,2023-06-28 17.07.23,COMPLETED,cfvin0q23akg009cfi60,544700,Hyundai,Ioniq 5,"Hyundai Ioniq 5 72.6 kWh, 218hp, 2022",White,2022,18880
ciejvsq9io6g00c1nsig,2023-06-29 08.25.23,COMPLETED,cgu0kga23akg0099q18g,635400,Skoda,Enyaq iV,"Skoda Enyaq iV 80X 82 kWh AWD, 265hp, 2022",Black,2022,17900
cielooq9io6g00c1ostg,2023-06-29 10.26.44,CANCELLED,ci60nbi9io6g00cet22g,374800,Lynk & Co,01,"Lynk & Co 01 PHEV DCT, 261hp, 2022",Black,2022,11160
cieoqoa9io6g00eu8ccg,2023-06-29 13.55.46,COMPLETED,ci86enssfto8gadth6r0,374800,Lynk & Co,01,"Lynk & Co 01 PHEV DCT, 261hp, 2022",Blue,2022,1540
cieuo8i9io6g00eu8vng,2023-06-29 20.40.03,COMPLETED,ch8cpg29io6g00c2cpm0,709500,Tesla,Model Y,"Tesla Model Y Performance, 450hp, 2022",White,2022,14080
cif6d6a9io6g00eu9fvg,2023-06-30 05.22.33,CANCELLED,cf8h33223akg00a5pdfg,240900,Kia,Niro,"Kia Niro P-HEV DCT, 141hp, 2019",Red,2019,59890
cifc9hq9io6g00eudlq0,2023-06-30 12.04.23,COMPLETED,chj4eca9io6g0089c490,474700,Tesla,Model 3,"Tesla Model 3 Long Range AWD, 440hp, 2021",Grey,2021,66490
cifcvga9io6g00ehbtrg,2023-06-30 12.51.13,COMPLETED,chhibdi9io6g00f7oe40,564300,Tesla,Model Y,"Tesla Model Y Long Range AWD, 514hp, 2021",Blue,2021,68660
cifd7o29io6g00ehc5hg,2023-06-30 13.08.49,CANCELLED,ch8k1ri9io6g008bl0i0,631200,Tesla,Model Y,"Tesla Model Y Long Range AWD, 345hp, 2022",White,2022,23310
cifeo6q9io6g00ehe6d0,2023-06-30 14.52.12,CANCELLED,cdh6lgnqiosk63pjn6ng,450000,Tesla,Model 3,"Tesla Model 3 Performance, 510hp, 2019",Black,2019,46740
ciff40q9io6g00ehej1g,2023-06-30 15.17.24,CANCELLED,ci86f2ssfto8gadth6vg,374800,Lynk & Co,01,"Lynk & Co 01 PHEV DCT, 261hp, 2022",Black,2022,7430
cifft2q9io6g00ehfiag,2023-06-30 16.10.52,CANCELLED,cdh6lgnqiosk63pjn6ng,450000,Tesla,Model 3,"Tesla Model 3 Performance, 510hp, 2019",Black,2019,46740
cifgusa9io6g00ehgq2g,2023-06-30 17.22.57,COMPLETED,cgk4q4a23akg00ct95a0,539600,Volvo,C40,"Volvo C40 Recharge Single Motor, 231hp, 2023",Black,2023,11510
cifiop29io6g0084va1g,2023-06-30 19.26.29,COMPLETED,cesppbi23akg00cq7gg0,591100,Polestar,2,"Polestar 2 Long Range Dual Motor, 408hp, 2021",Black,2021,31740
cifjii29io6g008506p0,2023-06-30 20.21.28,COMPLETED,cg322tq23akg008886l0,510700,Volvo,XC60,"Volvo XC60 T6 AWD Recharge T6 TwEn AWD Geartronic, 340hp, 2021",Grey,2021,45940
cifmqtq9io6g00853kc0,2023-07-01 00.04.07,COMPLETED,chh0nsa9io6g00burhk0,232600,Volvo,V60,"Volvo V60 D5 Plug-in Hybrid AWD Geartronic, 231hp, 2017",Silver,2017,86890
cifu7oa9io6g0085bu40,2023-07-01 08.29.22,CANCELLED,ci8789csfto8gadthp3g,355200,Lynk & Co,01,"Lynk & Co 01 PHEV DCT, 261hp, 2021",Black,2021,3850
cifvsg29io6g0085ds2g,2023-07-01 10.21.53,COMPLETED,ceunsbi23akg00am8i70,691000,Tesla,Model Y,"Tesla Model Y Performance, 450hp, 2022",White,2022,12280
cig1sii9io6g0085g72g,2023-07-01 12.38.35,COMPLETED,cgqhuai23akg00fbobb0,680700,Tesla,Model Y,"Tesla Model Y Performance, 450hp, 2022",Black,2022,14720
cig2dhq9io6g0085gq5g,2023-07-01 13.14.47,COMPLETED,ce5ug3903mj172sj6c9g,509700,Volvo,XC60,"Volvo XC60 T8 TwEn AWD Geartronic, 392hp, 2020",Grey,2020,53120
cig2mci9io6g0085h49g,2023-07-01 13.33.38,RETURNED,cguloaa23akg0099tqr0,413900,Volvo,V60,"Volvo V60 T6 AWD Recharge T6 TwEn AWD Geartronic, 340hp, 2021",Black,2021,42650
cig34r29io6g0085hkhg,2023-07-01 14.04.28,COMPLETED,ch5quaa9io6g00evaicg,219200,Hyundai,Ioniq,"Hyundai Ioniq Electric 28 kWh, 120hp, 2019",White,2019,43380
cig3a6i9io6g0085hr00,2023-07-01 14.15.54,CANCELLED,chbitra9io6g00f4pk9g,859900,BMW,4 Series,"BMW i4 M50 83.9 kWh, 544hp, 2022",Green,2022,2670
cig3q5i9io6g0085ido0,2023-07-01 14.49.58,COMPLETED,cfss33a23akg00d1taog,481900,Volkswagen,ID.4,"Volkswagen ID.4 Pro Performance, 204hp, 2022",Grey,2022,12540
cig3r729io6g0085iff0,2023-07-01 14.52.13,COMPLETED,chadk7a9io6g00f4l6e0,635400,Tesla,Model Y,"Tesla Model Y Long Range AWD, 345hp, 2022",Black,2022,16780
cig5h929io6g0085ke10,2023-07-01 16.47.32,COMPLETED,ci86odksfto8gadthcp0,355200,Lynk & Co,01,"Lynk & Co 01 PHEV DCT, 261hp, 2021",Blue,2021,4410
cig5rl29io6g0085kqf0,2023-07-01 17.09.40,RETURNED,cfqbuta23akg00cjq260,441700,Tesla,Model S,"Tesla Model S 75D, 333hp, 2018",Black,2018,71710
cigiqu29io6g00bjq1s0,2023-07-02 07.55.36,CANCELLED,ci642ha9io6g00ceu0j0,885600,BMW,X5,"BMW X5 xDrive45e iPerformance Steptronic, 394hp, 2020",White,2020,35300
cigj4829io6g00bjq390,2023-07-02 08.15.28,COMPLETED,cbtj93p5pbg9f0fvnj60,420100,Tesla,Model 3,"Tesla Model 3 Long Range AWD, 440hp, 2019",Blue,2019,41210
cigjcoq9io6g00bjq4lg,2023-07-02 08.33.40,CANCELLED,chmc5pq9io6g00d95mqg,593100,Volvo,XC40,"Volvo XC40 Recharge Single Motor, 231hp, 2023",Black,2023,5430
cigoh2q9io6g00bjqjag,2023-07-02 14.24.12,CANCELLED,ch8hgs29io6g008bkf0g,746600,Tesla,Model X,"Tesla Model X Long Range, 423hp, 2020",White,2020,61800
cigto8i9io6g00bjr3eg,2023-07-02 20.20.51,COMPLETED,ccu1c68le33vbotj5a90,560200,Tesla,Model 3,"Tesla Model 3 Long Range AWD, 440hp, 2022",Black,2022,24630
cih8p2a9io6g00adbfu0,2023-07-03 08.53.30,CANCELLED,cgrslj223akg00boui1g,579700,Tesla,Model Y,"Tesla Model Y Long Range AWD, 514hp, 2021",White,2021,49150
cih8uf29io6g00adbj60,2023-07-03 09.05.00,COMPLETED,chcga0a9io6g00erkimg,607500,Tesla,Model Y,"Tesla Model Y Long Range AWD, 345hp, 2021",White,2021,35150
cih9c0q9io6g00adbufg,2023-07-03 09.33.55,CANCELLED,cg6p2kq23akg009i9o7g,569400,Tesla,Model 3,"Tesla Model 3 Performance, 513hp, 2022",Blue,2022,18150
cih9dqq9io6g00adc0fg,2023-07-03 09.37.47,COMPLETED,ceu16aa23akg00am7fkg,691000,Tesla,Model Y,"Tesla Model Y Performance, 450hp, 2022",White,2022,11880
ciha6ci9io6g00adccvg,2023-07-03 10.30.10,RETURNED,ce3lkv9a47e2k1eqaj1g,205800,BMW,i3,"BMW i3 94 Ah Automatic, 170hp, 2017",Silver,2017,56990
cihae9i9io6g00adcfi0,2023-07-03 10.47.02,COMPLETED,cgj8gpa23akg00ct70lg,589000,Tesla,Model 3,"Tesla Model 3 Performance, 513hp, 2022",Red,2022,19250
cihahda9io6g00adcgj0,2023-07-03 10.53.41,COMPLETED,cf8h33223akg00a5pdfg,240900,Kia,Niro,"Kia Niro P-HEV DCT, 141hp, 2019",Red,2019,59890
cihbf2a9io6g009b0grg,2023-07-03 11.56.57,COMPLETED,ch8k1ri9io6g008bl0i0,631200,Tesla,Model Y,"Tesla Model Y Long Range AWD, 345hp, 2022",White,2022,23310
cihc4hq9io6g009b0ta0,2023-07-03 12.42.47,COMPLETED,ceu6t7223akg00am7rcg,444800,Tesla,Model 3,"Tesla Model 3 Long Range AWD, 440hp, 2019",Black,2019,64820
cihdhti9io6g009b1peg,2023-07-03 14.19.34,COMPLETED,ci8789csfto8gadthp3g,355200,Lynk & Co,01,"Lynk & Co 01 PHEV DCT, 261hp, 2021",Black,2021,3850
cihs7si9io6g009b3fu0,2023-07-04 07.02.11,COMPLETED,chq76ra9io6g00ck5uq0,455100,Tesla,Model 3,"Tesla Model 3 Long Range AWD, 440hp, 2020",White,2020,40450
cihsiva9io6g009b3i70,2023-07-04 07.25.49,COMPLETED,chevtri9io6g00f1hod0,385100,Tesla,Model 3,"Tesla Model 3 Standard Range Plus, 258hp, 2020",Black,2020,32960
cihu2ha9io6g009b4cc0,2023-07-04 09.07.18,COMPLETED,ch6f95a9io6g00e53dmg,701300,BMW,4 Series,"BMW i4 eDrive40 Gran Coupé 83.9 kWh, 340hp, 2022",White,2022,11520
cihugga9io6g009b4jn0,2023-07-04 09.37.06,COMPLETED,cg469ji23akg00eiis5g,506600,Kia,EV6,"Kia EV6 77.4 kWh, 228hp, 2022",White,2022,33720
cii27uq9io6g00cectfg,2023-07-04 13.51.56,COMPLETED,cgrecji23akg00dfvd6g,588000,Tesla,Model Y,"Tesla Model Y Long Range AWD, 345hp, 2021",Grey,2021,39730
cii2d3a9io6g00cecv8g,2023-07-04 14.02.54,COMPLETED,cfjaeuq23akg00c3sdu0,444800,Tesla,Model 3,"Tesla Model 3 Standard Range Plus, 258hp, 2021",Grey,2021,9400
cii3u229io6g00cedm00,2023-07-04 15.47.21,COMPLETED,cg2q8gq23akg00d8kbf0,407700,Tesla,Model 3,"Tesla Model 3 Long Range AWD, 440hp, 2020",Blue,2020,81990
ciihhma9io6g00cef9dg,2023-07-05 07.16.41,COMPLETED,cgkj20i23akg00ameh0g,240900,Renault,ZOE,"Renault ZOE R135 52 kWh, 136hp, 2020",Black,2020,38070
ciijjt29io6g00bq5afg,2023-07-05 09.37.57,COMPLETED,cfj6d9a23akg00c3s9v0,223400,Volkswagen,Golf,"Volkswagen e-Golf 35.8 kWh, 136hp, 2019",Blue,2019,38730
ciijs629io6g00bq5ceg,2023-07-05 09.55.37,COMPLETED,cgrslj223akg00boui1g,579700,Tesla,Model Y,"Tesla Model Y Long Range AWD, 514hp, 2021",White,2021,49150
ciim5ai9io6g00bq6hq0,2023-07-05 12.31.39,CANCELLED,chtilla9io6g00cqcr80,617800,Kia,EV6,"Kia EV6 77.4 kWh AWD, 325hp, 2022",Black,2022,17020
ciim8gi9io6g00bq6ji0,2023-07-05 12.38.26,COMPLETED,ci86f2ssfto8gadth6vg,374800,Lynk & Co,01,"Lynk & Co 01 PHEV DCT, 261hp, 2022",Black,2022,7430
ciimhkq9io6g00bq6n20,2023-07-05 12.57.55,COMPLETED,cgsjr2223akg00foqvl0,393300,Tesla,Model 3,"Tesla Model 3 Long Range AWD, 440hp, 2019",Red,2019,85250
ciint1i9io6g00bq776g,2023-07-05 14.30.30,CANCELLED,chf2rh29io6g00f1j1dg,444800,Tesla,Model 3,"Tesla Model 3 Standard Range Plus, 325hp, 2021",White,2021,21690
ciiokhi9io6g00bq7md0,2023-07-05 15.20.39,COMPLETED,ci4m33q9io6g00c7tis0,247000,Volvo,V60,"Volvo V60 D5 Plug-in Hybrid AWD Geartronic, 231hp, 2018",Black,2018,83020
ciipuh29io6g00bq7qu0,2023-07-05 16.50.12,COMPLETED,ci86lg4sfto8gadthag0,355200,Lynk & Co,01,"Lynk & Co 01 PHEV DCT, 261hp, 2021",Blue,2021,9560
ciirfpa9io6g00bq7v40,2023-07-05 18.35.17,COMPLETED,cg2u2si23akg00887bj0,234700,Mitsubishi,Outlander,"Mitsubishi Outlander P-HEV 2.0 Hybrid 4WD CVT, 203hp, 2017",White,2017,87270
ciirlsa9io6g00bq800g,2023-07-05 18.48.18,COMPLETED,chbcibi9io6g00f4p56g,513800,Tesla,Model 3,"Tesla Model 3 Long Range AWD, 440hp, 2021",Grey,2021,45350
cij6ll29io6g00bq928g,2023-07-06 07.18.45,COMPLETED,cgpcn7a23akg00fbksq0,503500,Volvo,V60,"Volvo V60 T8 AWD Recharge T8 TwEn AWD Geartronic, 392hp, 2021",Black,2021,25940
cij7ota9io6g00bq9nc0,2023-07-06 08.33.57,COMPLETED,chmgt3i9io6g00d96brg,751700,Tesla,Model X,"Tesla Model X Long Range, 423hp, 2020",Grey,2020,53960
cij833i9io6g00bqa6k0,2023-07-06 08.55.43,COMPLETED,cgcr0v223akg008p5npg,604500,Tesla,Model Y,"Tesla Model Y Long Range AWD, 345hp, 2021",White,2021,25050
cij92pi9io6g00bqb470,2023-07-06 10.03.19,CANCELLED,cg9elg223akg00ed39fg,436600,Tesla,Model 3,"Tesla Model 3 Long Range AWD, 440hp, 2020",White,2020,37440
cijatva9io6g00bqc7g0,2023-07-06 12.09.33,RETURNED,ci8a5di9io6g00cf8ecg,235700,Kia,Niro,"Kia Niro P-HEV DCT, 141hp, 2019",Black,2019,60730
cijcf529io6g00bqdb30,2023-07-06 13.54.29,CANCELLED,chv1o9a9io6g008qdjp0,240900,Volkswagen,Passat,"Volkswagen Passat Variant GTE DSG Sequential, 218hp, 2017",White,2017,78420
cijcftq9io6g00bqdblg,2023-07-06 13.56.08,CANCELLED,ceo3gd223akg00ac22s0,545700,Mercedes-Benz,EQC,Mercedes-Benz EQC 400 4M Electric Art Premium Sound Drag V-hjul,White,2020,12480
cijd2va9io6g00df82l0,2023-07-06 14.36.45,COMPLETED,ci4sfh29io6g00c81tpg,417000,Tesla,Model 3,"Tesla Model 3 Long Range AWD, 440hp, 2019",Blue,2019,56010
cijebtq9io6g00df8cf0,2023-07-06 16.04.07,COMPLETED,chqbd7i9io6g00ck78c0,339700,Volkswagen,ID.3,"Volkswagen ID.3 Pro Performance, 204hp, 2021",White,2021,42010
cijfgfa9io6g00df8i0g,2023-07-06 17.22.06,COMPLETED,chdljti9io6g00dnevg0,595200,Tesla,Model Y,"Tesla Model Y Long Range AWD, 345hp, 2021",Grey,2021,25630
cijhd2q9io6g00df8ol0,2023-07-06 19.31.23,COMPLETED,cgvejtq23akg00fohj0g,510700,Toyota,RAV4,"Toyota RAV4 Plug-in Hybrid E-CVT, 306hp, 2021",Grey,2021,42200
cijrp129io6g00dfa510,2023-07-07 07.19.33,COMPLETED,ci4sr1a9io6g00fmo7qg,226400,MG,ZS SUV,"MG ZS EV, 143hp, 2020",White,2020,24340
ciju95a9io6g00dfbf90,2023-07-07 10.10.30,COMPLETED,chupdl29io6g008qbh50,576600,Tesla,Model 3,"Tesla Model 3 Long Range AWD, 440hp, 2022",White,2022,17170
cijvaoa9io6g00dfbq60,2023-07-07 11.22.09,COMPLETED,ci86jqksfto8gadth9hg,370600,Lynk & Co,01,"Lynk & Co 01 PHEV DCT, 261hp, 2022",Black,2022,18180
cijvtc29io6g00dfbuig,2023-07-07 12.01.53,COMPLETED,chbvivi9io6g00f4qrvg,489100,Tesla,Model 3,"Tesla Model 3 Performance, 513hp, 2021",White,2021,86780
cik088q9io6g00dfc1j0,2023-07-07 12.25.08,CANCELLED,ci86k54sfto8gadth9o0,345900,Lynk & Co,01,"Lynk & Co 01 PHEV DCT, 261hp, 2021",Blue,2021,11510
cik0oea9io6g00dfc6fg,2023-07-07 12.59.37,COMPLETED,ci86a8ksfto8gadth52g,380900,Lynk & Co,1,"Lynk & Co 01 PHEV DCT, 261hp, 2022",Blue,2022,8080
cik4ffa9io6g00dfd2ag,2023-07-07 17.13.34,COMPLETED,cgp5foa23akg00fbk950,345900,Volkswagen,Golf,"Volkswagen Golf GTE DSG Sequential, 245hp, 2021",Black,2021,28770
cikk1ki9io6g00a463pg,2023-07-08 10.56.19,COMPLETED,c9ttj3jaclahdnj8qvag,463300,Tesla,Model 3,"Tesla Model 3 Long Range AWD 19"" FSD Pano V-hjul",Black,2020,46600
cikk6qq9io6g00a464ug,2023-07-08 11.07.23,CANCELLED,chbaeea9io6g00f4ovrg,303700,Kia,Optima,"Kia Optima Sport Wagon Plug-in Hybrid Automatic, 205hp, 2020",White,2020,28630
cikkeai9io6g00a4660g,2023-07-08 11.23.23,COMPLETED,cg6p2kq23akg009i9o7g,569400,Tesla,Model 3,"Tesla Model 3 Performance, 513hp, 2022",Blue,2022,18150
cikl8p29io6g00a46900,2023-07-08 12.19.48,COMPLETED,ci21r729io6g0097unj0,604500,Hyundai,Ioniq 5,"Hyundai Ioniq 5 72.6 kWh AWD, 306hp, 2022",White,2022,23800
cil94na9io6g00a48c40,2023-07-09 10.56.30,CANCELLED,cfljnma23akg00ds6au0,501500,Polestar,2,"Polestar 2 Long Range Dual Motor, 408hp, 2021",White,2021,75250
cilq10q9io6g00a4a91g,2023-07-10 06.09.08,COMPLETED,chv1o9a9io6g008qdjp0,240900,Volkswagen,Passat,"Volkswagen Passat Variant GTE DSG Sequential, 218hp, 2017",White,2017,78420
cilqt129io6g00a4aivg,2023-07-10 07.08.53,COMPLETED,chkv9hq9io6g00do48tg,262500,BMW,3 Series,"BMW 330e Sedan Steptronic, 252hp, 2017",Blue,2017,74070
cilsapq9io6g00crr2fg,2023-07-10 08.46.31,COMPLETED,chh65ji9io6g00butcrg,332500,Kia,Niro,"Kia e-Niro 64 kWh, 204hp, 2019",Grey,2019,44990
cilsd429io6g00crr66g,2023-07-10 08.51.29,COMPLETED,cct9pac8pflda8lnsmsg,376800,Tesla,Model 3,"Tesla Model 3 Standard Range Plus, 258hp, 2019",Grey,2019,52670
cilt2kq9io6g00crsfd0,2023-07-10 09.37.24,COMPLETED,cgpgv2223akg00fbl7jg,609600,Tesla,Model Y,"Tesla Model Y Long Range AWD, 345hp, 2021",Grey,2021,20260
cilt6h29io6g00crsjb0,2023-07-10 09.45.40,COMPLETED,ci1om629io6g00f6589g,432400,Tesla,Model 3,"Tesla Model 3 Standard Range Plus, 325hp, 2021",White,2021,58360
cilue0i9io6g00cruhd0,2023-07-10 11.09.54,COMPLETED,cfljnma23akg00ds6au0,501500,Polestar,2,"Polestar 2 Long Range Dual Motor, 408hp, 2021",White,2021,75250
cim0d9a9io6g00cs22eg,2023-07-10 13.24.53,COMPLETED,cgvr0mi23akg009dkmg0,442700,Tesla,Model 3,"Tesla Model 3 Long Range AWD, 440hp, 2019",Blue,2019,57730
cim0uqa9io6g00fivogg,2023-07-10 14.02.18,COMPLETED,chtilla9io6g00cqcr80,617800,Kia,EV6,"Kia EV6 77.4 kWh AWD, 325hp, 2022",Black,2022,17020
cim1omq9io6g00fj0no0,2023-07-10 14.57.32,CANCELLED,chhm6dq9io6g00aftp10,187300,Renault,ZOE,"Renault ZOE R110 41 kWh, 109hp, 2019",,2019,19850
cim2htq9io6g00fj1tig,2023-07-10 15.51.19,COMPLETED,ch4desa9io6g00dg10mg,519000,Tesla,Model 3,"Tesla Model 3 Performance, 513hp, 2021",Red,2021,31440
cimkks29io6g00fjrar0,2023-07-11 12.26.25,COMPLETED,chlonea9io6g0087pb20,533400,Tesla,Model 3,"Tesla Model 3 Long Range AWD, 440hp, 2021",White,2021,18860
ciml4g29io6g00fjs69g,2023-07-11 12.59.45,COMPLETED,cgvta0i23akg009dl91g,438600,Volvo,V60,"Volvo V60 Recharge T8 AWD Geartronic, 390hp, 2021",Grey,2021,53740
cimnpmq9io6g00fk00lg,2023-07-11 16.01.31,COMPLETED,cfn59va23akg00d0287g,173900,Renault,ZOE,"Renault ZOE R110 41 kWh, 109hp, 2019",White,2019,28310
cimp93i9io6g00fk1qm0,2023-07-11 17.42.38,COMPLETED,checumq9io6g00ekg620,692000,Tesla,Model Y,"Tesla Model Y Performance, 450hp, 2022",Black,2022,28830
cimq0k29io6g00fk2ob0,2023-07-11 18.32.49,CANCELLED,cdh6lgnqiosk63pjn6ng,450000,Tesla,Model 3,"Tesla Model 3 Performance, 510hp, 2019",Black,2019,46740
cin9rtq9io6g00fubd70,2023-07-12 12.35.03,COMPLETED,cgmp2ia23akg00f0pnsg,249100,Hyundai,Ioniq,"Hyundai Ioniq Plug-in 1.6 + 8.9 kWh DCT, 164hp, 2019",Black,2019,39740
cinak2a9io6g00fucjgg,2023-07-12 13.26.33,CANCELLED,cg5fum223akg00e0pjjg,419100,Volvo,V90,"Volvo V90 Recharge T8 AWD Geartronic, 392hp, 2019",Black,2019,59430
cinao0i9io6g00fucq00,2023-07-12 13.34.58,CANCELLED,ci134gq9io6g008jl9m0,262500,Kia,Ceed,"Kia Ceed Sportswagon Plug-in Hybrid DCT, 141hp, 2020",White,2020,32560
cinavla9io6g00fudbl0,2023-07-12 13.51.18,COMPLETED,chrceji9io6g00ckcdug,308800,Volkswagen,ID.3,"Volkswagen ID.3 Pro Performance, 204hp, 2021",White,2021,49050
cinb7ha9io6g00fudn0g,2023-07-12 14.08.05,COMPLETED,chn0v429io6g00d99h0g,256300,Kia,Niro,"Kia Niro P-HEV DCT, 141hp, 2019",White,2019,22770
cinbp2a9io6g00fuegl0,2023-07-12 14.45.30,COMPLETED,cg5fum223akg00e0pjjg,411800,Volvo,V90,"Volvo V90 Recharge T8 AWD Geartronic, 392hp, 2019",Black,2019,59430
cinpaci9io6g00fuv960,2023-07-13 06.09.55,CANCELLED,ci462b29io6g00c2hg80,638400,Skoda,Enyaq iV,"Skoda Enyaq iV 80X, 265hp, 2022",Grey,2022,24970
cinq57i9io6g00fv0fgg,2023-07-13 07.07.11,COMPLETED,chp7u7q9io6g0083r7og,525100,Tesla,Model 3,"Tesla Model 3 Long Range AWD, 440hp, 2022",Grey,2022,52890
cinsthi9io6g00clrrjg,2023-07-13 10.15.35,COMPLETED,ch8fd3a9io6g008bjmk0,232600,Renault,ZOE,"Renault ZOE R110 52 kWh, 109hp, 2022",White,2022,21190
cinu0va9io6g00clsdm0,2023-07-13 11.31.09,COMPLETED,cevb44q23akg00akkubg,468500,Polestar,2,"Polestar 2 Standard Range Single Motor, 224hp, 2022",Blue,2022,14030
cio09rq9io6g00fdkbk0,2023-07-13 14.06.39,CANCELLED,cgmr6ri23akg00egbhrg,565300,Tesla,Model 3,"Tesla Model 3 Long Range AWD, 440hp, 2022",White,2022,19230
cio0fka9io6g00fdkgu0,2023-07-13 14.18.57,COMPLETED,cigoiva9io6g00bjqji0,473600,Tesla,Model 3,"Tesla Model 3 Standard Range, 283hp, 2022",White,2022,8580
ciog4ci9io6g00b6e7j0,2023-07-14 08.07.14,CANCELLED,cg9elg223akg00ed39fg,430400,Tesla,Model 3,"Tesla Model 3 Long Range AWD, 440hp, 2020",White,2020,37440
ciogsla9io6g00b6ekj0,2023-07-14 08.59.01,CANCELLED,ci48ioq9io6g00c7rkj0,389200,Tesla,Model 3,"Tesla Model 3 Standard Range Plus, 258hp, 2020",White,2020,61390
cioh39q9io6g00b6et40,2023-07-14 09.13.11,COMPLETED,ci26v429io6g0097v3lg,458200,Volkswagen,ID.4,"Volkswagen ID.4 Pro Performance, 204hp, 2021",Grey,2021,31600
cioh95q9io6g00b6evm0,2023-07-14 09.25.44,COMPLETED,ci60nbi9io6g00cet22g,374800,Lynk & Co,01,"Lynk & Co 01 PHEV DCT, 261hp, 2022",Black,2022,11160
cioi0oi9io6g00b6f90g,2023-07-14 10.16.03,COMPLETED,cci6thhchvc2hfpufpkg,463300,Tesla,Model 3,"Tesla Model 3 Performance, 510hp, 2020",Grey,2020,33530
ciojsmq9io6g00b6g0u0,2023-07-14 12.23.56,COMPLETED,cg0ukfa23akg00drc7r0,705400,BMW,4 Series,"BMW i4 eDrive40 Gran Coupé 83.9 kWh, 340hp, 2023",Black,2023,11870
ciok7ga9io6g00b6g68g,2023-07-14 12.46.57,RETURNED,cgn6v7q23akg008j5m1g,677600,Tesla,Model Y,"Tesla Model Y Performance, 450hp, 2022",Black,2022,18130
cioknvi9io6g00b6ghig,2023-07-14 13.22.07,COMPLETED,ci5mrr29io6g00ces81g,442700,Volvo,V60,"Volvo V60 T6 TwEn AWD Geartronic, 340hp, 2020",White,2020,47490
ciolc3q9io6g00f500mg,2023-07-14 14.05.03,COMPLETED,chjsp529io6g0089hvsg,494200,BMW,5 Series,"BMW 530e xDrive iPerformance Sedan Steptronic, 252hp, 2020",Black,2020,27780
ciomja29io6g00f509m0,2023-07-14 15.28.41,COMPLETED,ci65gbi9io6g00ceupgg,597200,Polestar,2,"Polestar 2 Long Range Single Motor, 231hp, 2023",White,2023,5940
ciorkna9io6g00f50osg,2023-07-14 21.13.02,COMPLETED,ceo3gd223akg00ac22s0,545700,Mercedes-Benz,EQC,Mercedes-Benz EQC 400 4M Electric Art Premium Sound Drag V-hjul,White,2020,12480
cip8qs29io6g00f520n0,2023-07-15 12.13.37,COMPLETED,chiub7a9io6g0089b5q0,361400,Tesla,Model 3,"Tesla Model 3 Standard Range Plus, 258hp, 2019",Black,2019,74880
cip91029io6g00f521h0,2023-07-15 12.26.40,COMPLETED,ci424j29io6g00985h90,262500,Kia,Niro,"Kia Niro P-HEV DCT, 141hp, 2020",Grey,2020,33390
ciptd9q9io6g00f5492g,2023-07-16 11.38.15,CANCELLED,cidcqva9io6g00c29sdg,352100,Volkswagen,ID.3,"Volkswagen ID.3 Pro Performance, 204hp, 2022",Grey,2022,34720
cipuoma9io6g00f54ei0,2023-07-16 13.10.50,COMPLETED,cg342si23akg00888a70,418000,Tesla,Model 3,"Tesla Model 3 Long Range AWD, 440hp, 2019",White,2019,75880
cipvqri9io6g00f54jh0,2023-07-16 14.23.43,COMPLETED,cf81jdi23akg0092rll0,509700,Polestar,2,Polestar 2 Standard Range Single Motor Plus Elstol Pano HK V-hjul,Silver,2022,14220
ciq3v4q9io6g00f55330,2023-07-16 19.05.55,COMPLETED,chngc029io6g008jc5rg,418000,Tesla,Model 3,"Tesla Model 3 Long Range AWD, 440hp, 2020",Grey,2020,52810
ciqdj8a9io6g00f568e0,2023-07-17 06.03.14,COMPLETED,cifurma9io6g0085clr0,565300,Tesla,Model 3,"Tesla Model 3 Long Range AWD, 440hp, 2022",Grey,2022,15210
ciqej3q9io6g00f56qp0,2023-07-17 07.11.11,COMPLETED,ch15c9i23akg00df75i0,554000,Volkswagen,ID.4,"Volkswagen ID.4 GTX, 299hp, 2022",Black,2022,17270
ciqeu3a9io6g00f56v70,2023-07-17 07.34.37,COMPLETED,chh7g2i9io6g00buthcg,602400,Tesla,Model Y,"Tesla Model Y Long Range AWD, 345hp, 2021",White,2021,15060
ciqfc4a9io6g00f575lg,2023-07-17 08.04.33,COMPLETED,chuvgfi9io6g008qdcmg,324300,Fiat,500,"Fiat 500Ce 42 kWh, 118hp, 2021",Yellow,2021,14920
ciqhcna9io6g00944vt0,2023-07-17 10.22.22,COMPLETED,c8s7dbb5r6j98njui130,460300,Tesla,Model 3,Tesla Model 3 Performance Pano Autopilot V-hjul,Grey,2020,41870
ciqkb0a9io6g00946hg0,2023-07-17 13.43.30,COMPLETED,cbvl37dg1mskjr6rcpog,479800,Volkswagen,ID.4,Volkswagen ID.4 Pro Performance,Grey,2021,33850
ciql6u29io6g00946r5g,2023-07-17 14.43.04,COMPLETED,c82jlab1pqelht4o002g,500400,Tesla,Model 3,"Tesla Model 3 Performance, 513hp, 2021",,2021,42140
ciqmc7i9io6g0094739g,2023-07-17 16.02.38,COMPLETED,ci8pudq9io6g00f1s8d0,514800,Skoda,Enyaq iV,"Skoda Enyaq iV 80, 204hp, 2021",Blue,2021,43710
ciqpjri9io6g00947fgg,2023-07-17 19.43.43,COMPLETED,cg340sq23akg00888a00,420100,Tesla,Model 3,"Tesla Model 3 Long Range AWD, 440hp, 2020",Black,2020,63240
cir3g329io6g00can9p0,2023-07-18 06.58.20,COMPLETED,ch5dcfi9io6g00c18rj0,566300,Tesla,Model Y,"Tesla Model Y Long Range AWD, 345hp, 2021",Grey,2021,42990
cir3orq9io6g00cangug,2023-07-18 07.17.03,COMPLETED,chn44si9io6g008jap1g,229500,Renault,ZOE,"Renault ZOE R135 52 kWh, 136hp, 2020",,2020,36380
cir4mci9io6g00caoifg,2023-07-18 08.20.03,COMPLETED,chl7mra9io6g00do5bd0,638400,Tesla,Model Y,"Tesla Model Y Long Range AWD, 345hp, 2022",Red,2022,20200
cir5aki9io6g00caoqmg,2023-07-18 09.03.14,CANCELLED,ci87s84sfto8gadti7g0,375800,Lynk & Co,01,"Lynk & Co 01 PHEV DCT, 261hp, 2022",Blue,2022,1050
cir5daa9io6g00caos40,2023-07-18 09.08.57,COMPLETED,ci44k6a9io6g00986lo0,514800,Polestar,2,"Polestar 2 Standard Range Single Motor, 224hp, 2022",Black,2022,18160
cir5qpi9io6g00cap94g,2023-07-18 09.37.43,COMPLETED,ci3ohri9io6g00984pt0,695100,Tesla,Model Y,"Tesla Model Y Performance, 450hp, 2022",Black,2022,14150
cir6koi9io6g00capk30,2023-07-18 10.33.07,COMPLETED,cervabq23akg00cq770g,412900,Tesla,Model 3,"Tesla Model 3 Performance, 510hp, 2019",White,2019,58390
cir7kh29io6g00caq2n0,2023-07-18 11.40.52,COMPLETED,ch4vngi9io6g00dg3bh0,538500,Skoda,Enyaq iV,"Skoda Enyaq iV 80 82 kWh, 204hp, 2022",Grey,2022,15910
cir8pba9io6g00caqkvg,2023-07-18 12.59.25,COMPLETED,cgnuena23akg00cm5a90,438600,Tesla,Model 3,"Tesla Model 3 Long Range AWD, 440hp, 2020",Grey,2020,44930
cir9mi29io6g00car3p0,2023-07-18 14.01.44,COMPLETED,ch3olk29io6g009olksg,244000,Kia,Niro,"Kia Niro P-HEV DCT, 141hp, 2018",Grey,2018,35500
ciralsi9io6g00carb70,2023-07-18 15.08.35,COMPLETED,ce8qbi59rj7e66dm8t8g,298500,BMW,i3,"BMW i3s 120 Ah, 183hp, 2019",Blue,2019,54380
cirau2a9io6g00cardeg,2023-07-18 15.26.01,COMPLETED,ci86gfssfto8gadth7f0,367600,Lynk & Co,01,"Lynk & Co 01 PHEV DCT, 261hp, 2022",Blue,2022,6580
cirgq5i9io6g00case70,2023-07-18 22.07.19,COMPLETED,cid97ua9io6g00bdq6b0,254300,Renault,ZOE,"Renault ZOE R135 52 kWh, 136hp, 2020",Black,2020,11370
cirqek29io6g009g336g,2023-07-19 09.05.20,COMPLETED,ci2aoba9io6g0097vbvg,581800,Polestar,2,"Polestar 2 Long Range Dual Motor, 408hp, 2021",Silver,2021,25830
cirs1529io6g009g43g0,2023-07-19 10.53.08,COMPLETED,ci87s84sfto8gadti7g0,375800,Lynk & Co,01,"Lynk & Co 01 PHEV DCT, 261hp, 2022",Blue,2022,1050
cirsnlq9io6g009g4npg,2023-07-19 11.41.11,COMPLETED,chf2rh29io6g00f1j1dg,444800,Tesla,Model 3,"Tesla Model 3 Standard Range Plus, 325hp, 2021",White,2021,21690
cirsr7i9io6g009g4os0,2023-07-19 11.48.46,CANCELLED,cidfblq9io6g00c2ahdg,550900,Skoda,Enyaq iV,"škoda Enyaq iV 80, 204hp, 2022",White,2022,11760
cirt64a9io6g009g4tp0,2023-07-19 12.12.01,CANCELLED,chk7mg29io6g0089j200,390200,Tesla,Model 3,"Tesla Model 3 Long Range, 287hp, 2019",White,2019,66620
cirt9vi9io6g009g4v50,2023-07-19 12.20.15,COMPLETED,cidfblq9io6g00c2ahdg,545700,Skoda,Enyaq iV,"škoda Enyaq iV 80, 204hp, 2022",White,2022,11760
cirtar29io6g009g500g,2023-07-19 12.22.04,COMPLETED,chk7mg29io6g0089j200,386100,Tesla,Model 3,"Tesla Model 3 Long Range, 287hp, 2019",White,2019,66620
ciruvd29io6g00d75h0g,2023-07-19 14.14.12,COMPLETED,cfn1p5223akg00bhjsbg,443800,Tesla,Model 3,"Tesla Model 3 Long Range AWD, 440hp, 2019",White,2019,37720
cirvc6a9io6g00d75kjg,2023-07-19 14.41.29,COMPLETED,chmhj8i9io6g00d96e60,320200,BMW,i3,"BMW i3s 120 Ah, 183hp, 2020",Blue,2020,30670
cirvlfa9io6g00d75ncg,2023-07-19 15.01.17,COMPLETED,cgfvo2223akg00dmc9tg,283100,Kia,xCeed,"xceed plug-in hybrid, 141hp, 2021",Red,2021,32370
cirvpja9io6g00d75omg,2023-07-19 15.10.05,COMPLETED,cg8ck6223akg00af00dg,432400,Tesla,Model 3,"Tesla Model 3 Long Range AWD, 440hp, 2019",White,2019,74190
cis04hi9io6g00d75rug,2023-07-19 15.33.26,COMPLETED,ci87qjssfto8gadti6bg,375800,Lynk & Co,01,"Lynk & Co 01 PHEV DCT, 261hp, 2022",Blue,2022,2740
cis4gp29io6g00d76f40,2023-07-19 20.32.37,COMPLETED,ch8flvq9io6g008bjpig,377900,Tesla,Model 3,"Tesla Model 3 Standard Range Plus, 258hp, 2019",Black,2019,68340
cisfv4i9io6g009do57g,2023-07-20 09.34.10,COMPLETED,ci9bq1a9io6g00chai90,617800,Mercedes-Benz,EQC,"Mercedes-Benz EQC 400, 408hp, 2021",Grey,2021,33320
cisidci9io6g009dpbgg,2023-07-20 12.21.07,CANCELLED,chclp5q9io6g00erl880,396400,Tesla,Model 3,"Tesla Model 3 Long Range, 287hp, 2019",White,2019,87310
cisl0cq9io6g00fpn3t0,2023-07-20 15.18.11,COMPLETED,ch3b7b29io6g00bc1af0,531300,Tesla,Model 3,"Tesla Model 3 Long Range AWD, 440hp, 2021",Red,2021,28780
cismqjq9io6g00fpnflg,2023-07-20 17.22.23,CANCELLED,chbaeea9io6g00f4ovrg,298500,Kia,Optima,"Kia Optima Sport Wagon Plug-in Hybrid Automatic, 205hp, 2020",White,2020,28630
cispijq9io6g00fpnsq0,2023-07-20 20.30.08,COMPLETED,ch4i98q9io6g00dg2890,329400,Kia,Niro,"Kia e-Niro 64 kWh, 204hp, 2020",Red,2020,60250
cit2j6q9io6g00fppe9g,2023-07-21 06.45.48,CANCELLED,chnk7cq9io6g00ch3fp0,221300,Nissan,Leaf,"Nissan Leaf, 150hp, 2021",Red,2021,41200
cit4dha9io6g00fpqbt0,2023-07-21 08.50.14,COMPLETED,cf5dqb223akg00b34k60,456100,Polestar,2,"Polestar 2 Standard Range Single Motor, 224hp, 2022",Blue,2022,10400
ciu3r9i9io6g00fq115g,2023-07-22 20.35.50,CANCELLED,cguidkq23akg0099smh0,748700,Volvo,XC90,"Volvo XC90 Recharge T8 AWD Geartronic, 390hp, 2021",Black,2021,31360
ciui5ra9io6g00fq2t80,2023-07-23 12.54.05,COMPLETED,cgv86ea23akg00cd6mq0,516900,Kia,Sorento,"Kia Sorento PHEV Automatic, 265hp, 2021",White,2021,61500
civ1k8i9io6g00fq54lg,2023-07-24 06.28.51,CANCELLED,chnm2ei9io6g009rtf60,450000,Tesla,Model 3,"Tesla Model 3 Performance, 510hp, 2019",Black,2019,45790
civ2i329io6g00fq5s30,2023-07-24 07.32.28,COMPLETED,chebq2i9io6g00ekfui0,615800,Polestar,2,"Polestar 2 Long Range Dual Motor, 408hp, 2021",Grey,2021,41500
civ38ra9io6g009cmtn0,2023-07-24 08.21.02,COMPLETED,cg3256q23akg00888730,714700,Tesla,Model X,"Tesla Model X Long Range, 423hp, 2019",Black,2019,82390
civ447q9io6g009co0vg,2023-07-24 09.19.28,CANCELLED,c802kqtmmudf9q5l78hg,202800,Nissan,Leaf,"Nissan Leaf, 150hp, 2018",Black,2018,65610
civ4jrq9io6g009comm0,2023-07-24 09.52.48,COMPLETED,cgvctna23akg00fohd30,364500,Tesla,Model 3,"Tesla Model 3 Standard Range Plus, 258hp, 2020",Blue,2020,82510
civ4oqi9io6g009cos7g,2023-07-24 10.03.22,COMPLETED,ch3rk5i9io6g009omos0,282100,Nissan,Leaf,"Nissan Leaf, 150hp, 2022",Blue,2022,5050
civ6vp29io6g009cs2jg,2023-07-24 12.34.45,COMPLETED,cdg1dga5ife4c0s6960g,659000,Tesla,Model Y,"Tesla Model Y Performance, 450hp, 2022",Black,2022,22060
civ8vuq9io6g009cuvtg,2023-07-24 14.51.39,CANCELLED,ciihtdq9io6g00cefe7g,525100,Skoda,Enyaq iV,"Škoda Enyaq iV 80, 204hp, 2021",Black,2021,45050
civqe8q9io6g00de74bg,2023-07-25 10.42.44,COMPLETED,cf66da223akg00b34v80,311900,Kia,Niro,"Kia e-Niro 64 kWh, 204hp, 2019",Red,2019,72000
civrnsa9io6g00de8qg0,2023-07-25 12.11.29,COMPLETED,ci87tacsfto8gadti87g,380900,Lynk & Co,01,"Lynk & Co 01 PHEV DCT, 261hp, 2022",Black,2022,2900
civtemq9io6g00deb2k0,2023-07-25 14.08.27,COMPLETED,cfh4mbq23akg00dcl02g,134800,Renault,ZOE,"Renault ZOE R240 22 kWh, 88hp, 2016",Grey,2016,31400
civv17i9io6g00ded2cg,2023-07-25 15.56.14,COMPLETED,ci65o4q9io6g00cev0qg,251200,Nissan,Leaf,"Nissan Leaf, 150hp, 2020",Blue,2020,49680
civvhoq9io6g00dedjsg,2023-07-25 16.31.31,COMPLETED,cdh6lgnqiosk63pjn6ng,450000,Tesla,Model 3,"Tesla Model 3 Performance, 510hp, 2019",Black,2019,46740
cj0ck7a9io6g00deri0g,2023-07-26 07.24.13,COMPLETED,chbs8v29io6g00f4qgr0,422600,Tesla,Model 3,"Tesla Model 3 Long Range AWD, 440hp, 2021",Black,2021,38510
cj0cudi9io6g00des4jg,2023-07-26 07.45.59,COMPLETED,ci5cbn29io6g00fmpndg,559100,Tesla,Model 3,"Tesla Model 3 Long Range AWD, 440hp, 2021",White,2021,12830
cj0dc929io6g00desnd0,2023-07-26 08.15.33,CANCELLED,ch557529io6g00e1ied0,287200,Hyundai,Kona,"Hyundai Kona Electric 64 kWh, 204hp, 2020",Blue,2020,72750
cj0gk8q9io6g00df1730,2023-07-26 11.57.23,COMPLETED,chbrigi9io6g00f4qeg0,617800,Audi,Q4 e-tron,"Audi Q4 45 e-tron quattro, 265hp, 2022",White,2022,16450
cj0ih0i9io6g00df3pjg,2023-07-26 14.06.59,CANCELLED,chnk7cq9io6g00ch3fp0,221300,Nissan,Leaf,"Nissan Leaf, 150hp, 2021",Red,2021,41200
cj11ja29io6g00dfkcng,2023-07-27 07.15.52,COMPLETED,ch557529io6g00e1ied0,287200,Hyundai,Kona,"Hyundai Kona Electric 64 kWh, 204hp, 2020",Blue,2020,72750
cj12t9a9io6g00dfm4dg,2023-07-27 08.45.26,COMPLETED,chnk7cq9io6g00ch3fp0,221300,Nissan,Leaf,"Nissan Leaf, 150hp, 2021",Red,2021,41200
cj15pk29io6g00dfq230,2023-07-27 12.02.24,COMPLETED,ci424ta9io6g00985he0,269700,Kia,Niro,"Kia Niro P-HEV DCT, 141hp, 2020",Red,2020,36350
cj16n6q9io6g00dfr9k0,2023-07-27 13.05.32,CANCELLED,chcfjoq9io6g00erkcbg,422100,Tesla,Model 3,"Tesla Model 3 Long Range AWD, 440hp, 2019",Grey,2019,71580
cj178tq9io6g00dfs00g,2023-07-27 13.43.20,CANCELLED,cf83s4223akg0092rnpg,628100,Tesla,Model S,"Tesla Model S P100D Ludicrous, 761hp, 2017",Black,2017,53390
cj1aumi9io6g00dfvp10,2023-07-27 17.54.34,CANCELLED,cil4eia9io6g00a47pr0,237800,Hyundai,Ioniq,"Hyundai Ioniq Electric 28 kWh, 120hp, 2019",Blue,2019,18450
cj1bc0i9io6g00dg06o0,2023-07-27 18.22.59,CANCELLED,cg9elg223akg00ed39fg,430400,Tesla,Model 3,"Tesla Model 3 Long Range AWD, 440hp, 2020",White,2020,37440
cj1n54a9io6g00f4b0ng,2023-07-28 07.47.30,COMPLETED,ch9pf1a9io6g00f4hrs0,560200,Kia,Sorento,"Kia Sorento PHEV Automatic, 265hp, 2021",White,2021,20850
cj1nuji9io6g00f4c7m0,2023-07-28 08.41.50,CANCELLED,cg9elg223akg00ed39fg,430400,Tesla,Model 3,"Tesla Model 3 Long Range AWD, 440hp, 2020",White,2020,37440
cj1tk2i9io6g00f4kdcg,2023-07-28 15.08.59,COMPLETED,ch0gbl223akg00cbli80,201700,Nissan,Leaf,"Nissan Leaf, 150hp, 2018",White,2018,46690
cj1tmri9io6g00f4kg0g,2023-07-28 15.14.54,RETURNED,ci87ajcsfto8gadthqt0,347000,Lynk & Co,01,"Lynk & Co 01 PHEV DCT, 261hp, 2021",Blue,2021,7240
cj1udt29io6g00f4l5rg,2023-07-28 16.04.05,CANCELLED,ci622c29io6g00cetbd0,442700,Volvo,XC40,"Volvo XC40 T5 Recharge T5 TwEn DCT, 262hp, 2021",Grey,2021,59320
cj2d0mi9io6g00f529o0,2023-07-29 08.39.54,COMPLETED,ci991qq9io6g00a58fd0,354200,Kia,Niro,"Kia e-Niro 64 kWh, 204hp, 2020",Grey,2020,56900
cj2g07q9io6g00f553l0,2023-07-29 12.03.43,COMPLETED,chustdi9io6g008qc6pg,556000,Tesla,Model 3,"Tesla Model 3 Performance, 513hp, 2022",White,2022,26520
cj2j6mi9io6g00f58250,2023-07-29 15.42.19,CANCELLED,ci87jscsfto8gadti1g0,348000,Lynk & Co,01,"Lynk & Co 01 PHEV DCT, 261hp, 2021",Black,2021,11250
cj34pb29io6g00f5nq90,2023-07-30 11.42.36,COMPLETED,cijecca9io6g00df8cj0,406700,Tesla,Model 3,"Tesla Model 3 Long Range AWD, 440hp, 2019",Grey,2019,75660
cj39iaq9io6g00f5s8n0,2023-07-30 17.09.00,CANCELLED,cgptmeq23akg00fbm59g,321200,Kia,Niro,"Kia e-Niro 64 kWh, 204hp, 2020",White,2020,62250
cj3mj4a9io6g00f68h5g,2023-07-31 07.58.09,COMPLETED,chrm2fq9io6g00a1e110,448900,Tesla,Model 3,"Tesla Model 3 Long Range AWD, 440hp, 2020",White,2020,32890
cj3o9ei9io6g00f6afpg,2023-07-31 09.54.02,COMPLETED,cguie1223akg0099smu0,397400,Volvo,V60,"Volvo V60 Recharge T6 AWD Geartronic, 340hp, 2021",Grey,2021,27480
cj3p6o29io6g00f6bh40,2023-07-31 10.56.32,COMPLETED,cg309fi23akg00887mcg,710500,Tesla,Model Y,"Tesla Model Y Performance, 534hp, 2022",White,2022,28170
cj3pmk29io6g00a9sjlg,2023-07-31 11.30.25,COMPLETED,cgj8oh223akg00ct72ug,267600,Mini,Countryman,"MINI Cooper SE ALL4 Countryman Automatic, 224hp, 2019",Black,2019,36250
cj3ptpi9io6g00a9squ0,2023-07-31 11.45.42,COMPLETED,cihecli9io6g009b2030,1091600,BMW,iX,"BMW iX xDrive50, 524hp, 2022",Grey,2022,9810
cj3qd6a9io6g00a9tgt0,2023-07-31 12.18.34,COMPLETED,chmtvdi9io6g00d9887g,696100,Tesla,Model Y,"Tesla Model Y Performance, 534hp, 2022",Black,2022,22640
cj3shaa9io6g00fl0m90,2023-07-31 14.43.54,COMPLETED,chhm6dq9io6g00aftp10,187300,Renault,ZOE,"Renault ZOE R110 41 kWh, 109hp, 2019",,2019,19850
cj3tdtq9io6g00fl0sfg,2023-07-31 15.44.55,COMPLETED,chrm2qi9io6g00a1e150,433500,Tesla,Model 3,"Tesla Model 3 Long Range AWD, 440hp, 2020",White,2020,56140
cj3tiva9io6g00fl0thg,2023-07-31 15.55.41,COMPLETED,chm89tq9io6g00d944r0,442700,Tesla,Model 3,"Tesla Model 3 Long Range AWD, 440hp, 2019",Black,2019,43550
cj3tr4q9io6g00fl0umg,2023-07-31 16.13.07,CANCELLED,cc1pfia58hsf5p8b6or0,604500,Tesla,Model X,"Tesla Model X 100D, 423hp, 2018",White,2018,93270
cj4dbgq9io6g00fl3ut0,2023-08-01 09.52.03,COMPLETED,ch370129io6g0094q9c0,507600,Volvo,XC60,"Volvo XC60 T6 AWD Recharge T6 TwEn AWD Geartronic, 340hp, 2021",Red,2021,39080
cj4di8a9io6g00fl40ig,2023-08-01 10.06.25,RETURNED,chjspt29io6g0089i03g,1006200,Land Rover,Range Rover Sport,"Land Rover Range Rover Sport P400e Automatic, 400hp, 2022",Grey,2022,15300
cj4gava9io6g00fl52cg,2023-08-01 13.15.41,COMPLETED,chi5mji9io6g00ag042g,489100,Tesla,Model 3,"Tesla Model 3 Long Range AWD, 440hp, 2021",White,2021,50610
cj4h1dq9io6g00fl58u0,2023-08-01 14.03.36,COMPLETED,ch8hgs29io6g008bkf0g,720800,Tesla,Model X,"Tesla Model X Long Range, 423hp, 2020",White,2020,61800
cj4h2d29io6g00fl59g0,2023-08-01 14.05.40,CANCELLED,chevrsq9io6g00f1hnv0,577700,Kia,EV6,"Kia EV6 77.4 kWh, 228hp, 2022",Grey,2022,16430
cj4im6i9io6g00fl5k50,2023-08-01 15.56.11,COMPLETED,chopdqq9io6g0083plag,253200,Renault,ZOE,"Renault ZOE R135 52 kWh, 136hp, 2021",Grey,2021,21770
cj52e8a9io6g00a395jg,2023-08-02 09.51.29,COMPLETED,cg9elg223akg00ed39fg,430400,Tesla,Model 3,"Tesla Model 3 Long Range AWD, 440hp, 2020",White,2020,37440
cj53h7a9io6g00a39ii0,2023-08-02 11.06.06,COMPLETED,chlnmni9io6g00b9i18g,512800,Tesla,Model 3,"Tesla Model 3 Long Range AWD, 440hp, 2021",Grey,2021,37770
cj547va9io6g00a39r3g,2023-08-02 11.54.37,CANCELLED,ci8chua9io6g00cf8hg0,422100,Tesla,Model 3,"Tesla Model 3 Long Range AWD, 440hp, 2020",Black,2020,71900
cj54rh29io6g00a3a0t0,2023-08-02 12.36.21,COMPLETED,cc1pfia58hsf5p8b6or0,604500,Tesla,Model X,"Tesla Model X 100D, 423hp, 2018",White,2018,93270
cj55odi9io6g00a3ai70,2023-08-02 13.37.59,COMPLETED,cfulsaq23akg009cclrg,540600,Skoda,Enyaq iV,"Skoda Enyaq iV 80 82 kWh, 204hp, 2023",White,2023,19180
cj5m83a9io6g00ap16u0,2023-08-03 08.23.41,COMPLETED,civagbi9io6g009d12i0,229500,Volkswagen,Golf,"Volkswagen e-Golf 35.8 kWh, 136hp, 2019",White,2019,65840
cj5mkmq9io6g00ap1cjg,2023-08-03 08.50.35,CANCELLED,chbaeea9io6g00f4ovrg,298500,Kia,Optima,"Kia Optima Sport Wagon Plug-in Hybrid Automatic, 205hp, 2020",White,2020,28630
cj5n2ma9io6g00ap1so0,2023-08-03 09.20.25,COMPLETED,chbaeea9io6g00f4ovrg,298500,Kia,Optima,"Kia Optima Sport Wagon Plug-in Hybrid Automatic, 205hp, 2020",White,2020,28630
cj5nehi9io6g00ap22rg,2023-08-03 09.45.43,CANCELLED,cgu1e2i23akg0099q4q0,540600,Skoda,Enyaq iV,"Skoda Enyaq iV 80 82 kWh, 204hp, 2022",Grey,2022,25610
cj5o1bq9io6g00ap29m0,2023-08-03 10.25.51,COMPLETED,cc706hipkdqhnkd167j0,345900,Lynk & Co,01,Lynk & Co 01 PHEV Navi Pano Adap Farth Infinity V-hjul,Blue,2021,15710
cj5ohmi9io6g00ap2idg,2023-08-03 11.00.43,COMPLETED,cider9a9io6g00c2adi0,308800,MG,HS,"MG EHS Automatic, 258hp, 2021",Grey,2021,9340
cj5q5d29io6g00ccctfg,2023-08-03 12.51.01,CANCELLED,cid92vi9io6g00bdq5gg,288200,BMW,i3,"BMW i3s 120 Ah, 183hp, 2020",Red,2020,33500
cj5qcoq9io6g00ccd4l0,2023-08-03 13.06.44,COMPLETED,ci8chua9io6g00cf8hg0,422100,Tesla,Model 3,"Tesla Model 3 Long Range AWD, 440hp, 2020",Black,2020,71900
cj5r7529io6g00ccdlpg,2023-08-03 14.03.01,CANCELLED,cga2p2q23akg00e9cpug,535400,Polestar,2,"Polestar 2 Standard Range Single Motor, 231hp, 2023",White,2023,10580
cj5rika9io6g00ccdpk0,2023-08-03 14.27.30,CANCELLED,ci87jscsfto8gadti1g0,348000,Lynk & Co,01,"Lynk & Co 01 PHEV DCT, 261hp, 2021",Black,2021,11250
cj5see29io6g00ccduu0,2023-08-03 15.26.49,COMPLETED,ci134gq9io6g008jl9m0,262500,Kia,Ceed,"Kia Ceed Sportswagon Plug-in Hybrid DCT, 141hp, 2020",White,2020,32560
cj5svoa9io6g00cce1u0,2023-08-03 16.03.46,COMPLETED,cisgn729io6g009dof9g,214100,Nissan,Leaf,"Nissan Leaf, 150hp, 2018",Black,2018,59410
cj69iai9io6g00ccg1vg,2023-08-04 06.22.34,COMPLETED,chcfjoq9io6g00erkcbg,422100,Tesla,Model 3,"Tesla Model 3 Long Range AWD, 440hp, 2019",Grey,2019,71580
cj6at3a9io6g00ccgl10,2023-08-04 07.53.49,COMPLETED,ch6187q9io6g00e52bb0,673500,Tesla,Model Y,"Tesla Model Y Long Range AWD, 345hp, 2023",White,2023,21030
cj6e9i29io6g00b0sujg,2023-08-04 11.45.13,COMPLETED,cidcqva9io6g00c29sdg,352100,Volkswagen,ID.3,"Volkswagen ID.3 Pro Performance, 204hp, 2022",Grey,2022,34720
cj6f9pq9io6g00b0t9pg,2023-08-04 12.53.59,COMPLETED,chlq4n29io6g00clovo0,679600,Tesla,Model Y,"Tesla Model Y Performance, 450hp, 2022",Black,2022,16480
cj6h0fa9io6g00b0uu50,2023-08-04 14.50.38,COMPLETED,ci42j9i9io6g00985m50,262500,Kia,Niro,"Kia Niro P-HEV DCT, 141hp, 2020",Black,2020,41600
cj6hidi9io6g00b0v210,2023-08-04 15.28.55,COMPLETED,ci87jscsfto8gadti1g0,348000,Lynk & Co,01,"Lynk & Co 01 PHEV DCT, 261hp, 2021",Black,2021,11250
cj6hs3i9io6g00b0v3s0,2023-08-04 15.49.34,COMPLETED,ci86b54sfto8gadth5g0,367600,Lynk & Co,01,"Lynk & Co 01 PHEV DCT, 261hp, 2022",Blue,2022,13940
cj6ibh29io6g00b0v70g,2023-08-04 16.22.28,COMPLETED,cg8ac4i23akg00aevtig,188300,Renault,ZOE,"Renault ZOE R110 52 kWh, 109hp, 2020",White,2020,44510
cj6vvia9io6g00b118q0,2023-08-05 07.52.42,CANCELLED,cieje6a9io6g00c1nor0,411800,Tesla,Model 3,"Tesla Model 3 Long Range AWD, 440hp, 2019",Blue,2019,73800
cj73i329io6g00b122j0,2023-08-05 11.57.00,COMPLETED,cacbc586r948cu6bevpg,293400,Mini,Countryman,MINI Cooper SE ALL4 Countryman MAXIMIZE,Red,2019,41960
cj7kee29io6g00b14ebg,2023-08-06 07.09.45,COMPLETED,chrlrc29io6g00a1dvf0,430400,Tesla,Model 3,"Tesla Model 3 Long Range AWD, 440hp, 2020",White,2020,67640
cj88hrq9io6g00b186c0,2023-08-07 06.02.24,COMPLETED,chm0j3a9io6g00clpm60,308800,Mitsubishi,Outlander,"Mitsubishi Outlander P-HEV 2.4 Hybrid 4WD CVT, 230hp, 2020",White,2020,57790
cj899629io6g00b18k70,2023-08-07 06.52.09,COMPLETED,cie0ohi9io6g00c9c9dg,555000,Tesla,Model 3,"Tesla Model 3 Long Range AWD, 440hp, 2021",Grey,2021,5190
cj8ajji9io6g008bgn5g,2023-08-07 08.22.39,COMPLETED,cfc0ceq23akg00d3k91g,335600,Kia,Niro,"Kia e-Niro 64 kWh, 204hp, 2019",Grey,2019,23700
cj8fugi9io6g008bjps0,2023-08-07 14.27.14,COMPLETED,cimdd6i9io6g00fjeru0,298500,Kia,Ceed,"Kia Ceed Sportswagon Plug-in Hybrid DCT, 141hp, 2021",Blue,2021,32100
cj8ghoa9io6g008bk750,2023-08-07 15.08.17,COMPLETED,ciruglq9io6g00d75cq0,567400,Tesla,Model Y,"Tesla Model Y Standard Range, 299hp, 2023",White,2023,10210
cj8pd6i9io6g008blvfg,2023-08-08 01.12.59,CANCELLED,cik3kbi9io6g00dfcugg,358300,Lynk & Co,01,"Lynk & Co 01 PHEV DCT, 261hp, 2021",Blue,2021,17280
cj9371q9io6g009t7100,2023-08-08 12.22.32,COMPLETED,ci86upksfto8gadthhag,353100,Lynk & Co,01,"Lynk & Co 01 PHEV DCT, 261hp, 2021",Blue,2021,5700
cj93l129io6g009t77lg,2023-08-08 12.52.20,CANCELLED,cgu1e2i23akg0099q4q0,540600,Skoda,Enyaq iV,"Skoda Enyaq iV 80 82 kWh, 204hp, 2022",Grey,2022,25610
cj949dq9io6g009t7ir0,2023-08-08 13.35.51,CANCELLED,cfqbuta23akg00cjq260,453000,Tesla,Model S,"Tesla Model S 75D, 333hp, 2018",Black,2018,71710
cj951s29io6g009t7q4g,2023-08-08 14.28.01,COMPLETED,cik3kbi9io6g00dfcugg,358300,Lynk & Co,01,"Lynk & Co 01 PHEV DCT, 261hp, 2021",Blue,2021,17280
cj95drq9io6g009t7tsg,2023-08-08 14.53.36,COMPLETED,ci45ajq9io6g009870ig,250100,Kia,Niro,"Kia Niro P-HEV DCT, 141hp, 2019",White,2019,53740
cj9l8ki9io6g0088fkvg,2023-08-09 08.54.42,COMPLETED,chnrtpi9io6g009ruggg,262500,BMW,3 Series,"BMW 330e Sedan Steptronic, 252hp, 2017",Grey,2017,81010
cj9loja9io6g0088fs7g,2023-08-09 09.28.45,COMPLETED,ci86kfssfto8gadth9tg,367600,Lynk & Co,01,"Lynk & Co 01 PHEV DCT, 261hp, 2022",Blue,2022,12100
cj9m9b29io6g0088g2qg,2023-08-09 10.04.29,COMPLETED,chevrsq9io6g00f1hnv0,577700,Kia,EV6,"Kia EV6 77.4 kWh, 228hp, 2022",Grey,2022,16430
cj9o7fi9io6g0088h6p0,2023-08-09 12.17.02,CANCELLED,cgunv6q23akg0099u42g,299600,Kia,Ceed,"Kia XCeed Plug-in Hybrid DCT, 141hp, 2021",Red,2021,26460
cj9phdi9io6g0088hvug,2023-08-09 13.46.31,COMPLETED,ci53pki9io6g00fmoso0,369600,Tesla,Model 3,"Tesla Model 3 Standard Range Plus, 258hp, 2019",Grey,2019,81420
cj9pida9io6g0088i09g,2023-08-09 13.48.37,CANCELLED,ci873p4sfto8gadthlfg,350000,Lynk & Co,01,"Lynk & Co 01 PHEV DCT, 261hp, 2021",Black,2021,9440
cj9qmsq9io6g0088ibgg,2023-08-09 15.06.27,COMPLETED,cclg9lmdm13r6ukq3isg,280000,BMW,3 Series,"BMW 330e Sedan Steptronic, 252hp, 2018",Black,2018,52590
cja9fda9io6g0088kqb0,2023-08-10 07.54.30,COMPLETED,ci4pa529io6g00c80410,600300,Skoda,Enyaq iV,"Skoda Enyaq iV 80X, 265hp, 2022",Grey,2022,19530
cja9qqi9io6g0088kuq0,2023-08-10 08.18.51,CANCELLED,ci86h6ksfto8gadth7t0,363400,Lynk & Co,01,"Lynk & Co 01 PHEV DCT, 261hp, 2022",Blue,2022,10280
cjaa11q9io6g0088l2g0,2023-08-10 08.32.08,CANCELLED,cga2p2q23akg00e9cpug,525100,Polestar,2,"Polestar 2 Standard Range Single Motor, 231hp, 2023",White,2023,10580
cjad31q9io6g0088m4cg,2023-08-10 12.01.11,CANCELLED,cesabdq23akg00cq7b20,330500,BMW,5 Series,"BMW 530e iPerformance Sedan Steptronic, 252hp, 2018",Grey,2018,80910
cjad3hq9io6g0088m4n0,2023-08-10 12.02.16,COMPLETED,cieje6a9io6g00c1nor0,403600,Tesla,Model 3,"Tesla Model 3 Long Range AWD, 440hp, 2019",Blue,2019,73800
cjad4fq9io6g0088m540,2023-08-10 12.04.15,COMPLETED,c9krmqjra9ugfbi15vtg,239800,BMW,i3,"BMW i3s 94 Ah Comfort Advanced Navi 20"" Vhjul",Black,2018,54680
cjadg0a9io6g0088m94g,2023-08-10 12.28.50,RETURNED,cf83s4223akg0092rnpg,617800,Tesla,Model S,"Tesla Model S P100D Ludicrous, 761hp, 2017",Black,2017,53390
cjadqbq9io6g0088mckg,2023-08-10 12.50.56,COMPLETED,ci3eiea9io6g00982g00,586900,Tesla,Model S,"Tesla Model S 100D, 423hp, 2019",Grey,2019,62530
cjae4ka9io6g0088mfo0,2023-08-10 13.12.50,COMPLETED,ci8a5di9io6g00cf8ecg,233700,Kia,Niro,"Kia Niro P-HEV DCT, 141hp, 2019",Black,2019,60730
cjafcji9io6g0088mstg,2023-08-10 14.38.07,COMPLETED,cil4eia9io6g00a47pr0,232600,Hyundai,Ioniq,"Hyundai Ioniq Electric 28 kWh, 120hp, 2019",Blue,2019,18450
cjafeh29io6g0088mu5g,2023-08-10 14.42.12,CANCELLED,caah7asqpmd6pslp4tq0,443800,Tesla,Model 3,"Tesla Model 3 Long Range AWD, 440hp, 2020",White,2020,47840
cjafhga9io6g0088musg,2023-08-10 14.48.34,COMPLETED,cgunv6q23akg0099u42g,299600,Kia,Ceed,"Kia XCeed Plug-in Hybrid DCT, 141hp, 2021",Red,2021,26460
cjatghq9io6g0088p10g,2023-08-11 06.42.15,COMPLETED,cgmr6ri23akg00egbhrg,559100,Tesla,Model 3,"Tesla Model 3 Long Range AWD, 440hp, 2022",White,2022,19230
cjauaia9io6g0088p9v0,2023-08-11 07.37.46,COMPLETED,cguidkq23akg0099smh0,721900,Volvo,XC90,"Volvo XC90 Recharge T8 AWD Geartronic, 390hp, 2021",Black,2021,31360
cjauh129io6g0088peb0,2023-08-11 07.51.32,CANCELLED,chuc10q9io6g00cqebc0,252200,Volkswagen,Passat,"Volkswagen Passat Variant GTE DSG Sequential, 218hp, 2017",White,2017,68390
cjauh7a9io6g0088pep0,2023-08-11 07.51.58,CANCELLED,cie2gni9io6g00c1kfkg,220300,Nissan,Leaf,"Nissan Leaf, 150hp, 2018",Green,2018,45280
cjb00r29io6g0088q3gg,2023-08-11 09.33.33,COMPLETED,cir3i3i9io6g00canb40,503500,Volvo,XC40,"Volvo XC40 P6 Recharge, 231hp, 2022",Blue,2022,24510
cjb1bta9io6g00c1nn20,2023-08-11 11.05.25,COMPLETED,ci48boq9io6g00c7rjng,437600,Kia,Niro,"Kia Niro EV, 204hp, 2023",Grey,2023,19550
cjb45hi9io6g00c1obeg,2023-08-11 14.16.38,COMPLETED,cff5h6223akg00b7cn40,535400,Tesla,Model 3,"Tesla Model 3 Long Range AWD, 440hp, 2021",Grey,2021,35050
cjb4api9io6g00c1odeg,2023-08-11 14.27.51,COMPLETED,ch5d88a9io6g00c18qrg,451000,BMW,3 Series,"BMW 330e Sedan Steptronic, 292hp, 2020",Blue,2020,56700
cjb4kua9io6g00c1og1g,2023-08-11 14.49.29,COMPLETED,cig051q9io6g0085e5lg,210000,Nissan,Leaf,"Nissan Leaf, 150hp, 2019",Grey,2019,70150
cjbjusa9io6g00c1q8sg,2023-08-12 08.14.42,CANCELLED,caah7asqpmd6pslp4tq0,443800,Tesla,Model 3,"Tesla Model 3 Long Range AWD, 440hp, 2020",White,2020,47840
cjbloji9io6g00c1qhtg,2023-08-12 10.17.50,CANCELLED,cidl4aq9io6g00c2bbag,503500,Tesla,Model 3,"Tesla Model 3 Long Range AWD, 440hp, 2021",Black,2021,50030
cjbmt4i9io6g00c1qvm0,2023-08-12 11.35.47,CANCELLED,ci87v1csfto8gadti9fg,375800,Lynk & Co,01,"Lynk & Co 01 PHEV DCT, 261hp, 2022",Black,2022,5990
cjbov129io6g00c1r8s0,2023-08-12 13.56.21,CANCELLED,ci3eh1q9io6g00982fbg,537500,Tesla,Model S,"Tesla Model S 100D, 423hp, 2018",White,2018,54850
cjbpohi9io6g00c1rdgg,2023-08-12 14.50.47,CANCELLED,ci60k8q9io6g00cet130,358300,Lynk & Co,01,"Lynk & Co 01 PHEV DCT, 261hp, 2021",Black,2021,18180
cjcdr5q9io6g00c1tteg,2023-08-13 13.41.43,COMPLETED,cgmmdvi23akg00cdola0,576600,Tesla,Model S,"Tesla Model S Long Range AWD, 423hp, 2019",Grey,2019,66740
cjcsn629io6g00c20hsg,2023-08-14 06.37.13,COMPLETED,cii0sua9io6g00cec3vg,271800,Hyundai,Ioniq,"Hyundai Ioniq Plug-in 1.6 + 8.9 kWh DCT, 164hp, 2020",Grey,2020,26600
cjcspia9io6g00c20ing,2023-08-14 06.42.17,COMPLETED,cbvn5n5g1mskjr6rcqjg,289300,Mitsubishi,Outlander,"Mitsubishi Outlander P-HEV 2.4 Hybrid 4WD CVT, 230hp, 2019",White,2019,87190
cjcuqfq9io6g00c21f7g,2023-08-14 09.00.47,COMPLETED,cfqbuta23akg00cjq260,453000,Tesla,Model S,"Tesla Model S 75D, 333hp, 2018",Black,2018,71710
cjcv1fq9io6g00c21j9g,2023-08-14 09.15.44,COMPLETED,cijv1gi9io6g00dfbnr0,310900,Kia,Soul,"Kia e-Soul 64 kWh, 204hp, 2020",Blue,2020,26630
cjcvasi9io6g00c21oo0,2023-08-14 09.35.47,COMPLETED,cg46era23akg00eiitvg,524100,Kia,EV6,"Kia EV6 77.4 kWh, 228hp, 2022",Grey,2022,27210
cjd23hi9io6g008ifi4g,2023-08-14 12.44.55,CANCELLED,cio1h5q9io6g00fdkoo0,172900,Renault,ZOE,"Renault ZOE R90 41 kWh, 92hp, 2018",White,2018,23680
cjd2anq9io6g008iflmg,2023-08-14 13.00.16,COMPLETED,ce4v1pvekulp82jedpv0,220300,Volkswagen,Golf,"Volkswagen e-Golf 35.8 kWh, 136hp, 2020",Blue,2020,68180
cjd37ta9io6g00b08if0,2023-08-14 14.02.30,CANCELLED,c802malmmudf9q5l7v00,522100,Tesla,Model 3,"Tesla Model 3 Long Range AWD, 440hp, 2021",Grey,2021,44980
cjd6cka9io6g00aj2acg,2023-08-14 17.37.21,CANCELLED,ci6n4t29io6g00cf0rb0,572500,Tesla,Model 3,"Tesla Model 3 Long Range AWD, 440hp, 2022",Grey,2022,13060
cjdc7ga9io6g00aj2vv0,2023-08-15 00.16.02,CANCELLED,cgueofi23akg0099rggg,436600,Volvo,V60,"Volvo V60 T8 TwEn AWD Geartronic, 392hp, 2020",Blue,2020,47120
cjdhvsa9io6g00ac423g,2023-08-15 06.49.21,CANCELLED,c802malmmudf9q5l7v00,522100,Tesla,Model 3,"Tesla Model 3 Long Range AWD, 440hp, 2021",Grey,2021,44980
cjdio2a9io6g00ac4fu0,2023-08-15 07.40.57,COMPLETED,c87pqtvb2nn2nv5k3na0,440700,Tesla,Model 3,"Tesla Model 3 Long Range AWD, 440hp, 2020",,2020,67640
cjdjjfa9io6g00ac4r80,2023-08-15 08.39.25,COMPLETED,cin94ia9io6g00fua11g,589000,Volvo,XC40,"Volvo XC40 Recharge Single Motor, 231hp, 2023",White,2023,11500
cjdlmqq9io6g00ac63eg,2023-08-15 11.03.07,COMPLETED,cebk4g223akg00cbjcag,541600,Tesla,Model 3,"Tesla Model 3 Long Range AWD, 440hp, 2021",Blue,2021,34670
cjdp6229io6g00b1ii90,2023-08-15 15.00.24,COMPLETED,chus06i9io6g008qc1g0,550900,Kia,EV6,"Kia EV6 77.4 kWh, 228hp, 2022",Black,2022,34560
cjdtnkq9io6g00b1j79g,2023-08-15 20.11.00,COMPLETED,cidl6ra9io6g00c2bbog,267600,Nissan,Leaf,"Nissan Leaf, 150hp, 2022",Grey,2022,14390
cjdu46i9io6g00b1j8h0,2023-08-15 20.37.47,COMPLETED,chrm28q9io6g00a1e0u0,504500,Tesla,Model 3,"Tesla Model 3 Long Range AWD, 440hp, 2021",White,2021,51650
cje85uq9io6g00b1l2d0,2023-08-16 08.04.12,COMPLETED,ci4tp4i9io6g00fmoe00,426300,Tesla,Model 3,"Tesla Model 3 Standard Range Plus, 258hp, 2021",White,2021,53280
cje8tsi9io6g00b1ln9g,2023-08-16 08.55.15,COMPLETED,cihidnq9io6g009b2d50,371700,Kia,Niro,"Kia e-Niro 64 kWh, 204hp, 2021",Grey,2021,36830
cjea0u29io6g00f71b80,2023-08-16 10.10.00,CANCELLED,ci60k8q9io6g00cet130,358300,Lynk & Co,01,"Lynk & Co 01 PHEV DCT, 261hp, 2021",Black,2021,18180
cjea49q9io6g00f71fq0,2023-08-16 10.17.11,RETURNED,ci6rq9a9io6g00cf1ap0,283100,BMW,i3,"BMW i3s 120 Ah, 183hp, 2019",Blue,2019,65470
cjeal6q9io6g00f71p8g,2023-08-16 10.53.16,COMPLETED,cio1h5q9io6g00fdkoo0,172900,Renault,ZOE,"Renault ZOE R90 41 kWh, 92hp, 2018",White,2018,23680
cjeau4q9io6g00f71tfg,2023-08-16 11.12.19,COMPLETED,cig75s29io6g0085maqg,211000,Kia,Niro,"Kia Niro P-HEV DCT, 141hp, 2019",White,2019,83790
cjecdg29io6g00ebkbpg,2023-08-16 12.53.20,COMPLETED,chuucoq9io6g008qd2bg,734200,Tesla,Model S,"Tesla Model S Long Range AWD, 423hp, 2021",Black,2021,45760
cjechfa9io6g00ebkdag,2023-08-16 13.01.49,CANCELLED,ci4837a9io6g00c7rhcg,475800,Tesla,Model 3,"Tesla Model 3, 325hp, 2022",Grey,2022,8540
cjecnp29io6g00ebkfk0,2023-08-16 13.15.17,COMPLETED,chcl4u29io6g00erl68g,423200,Tesla,Model 3,"Tesla Model 3 Long Range AWD, 440hp, 2019",Black,2019,50800
cjedari9io6g00ebkpu0,2023-08-16 13.55.58,COMPLETED,ch0jqji23akg00cbmmdg,445900,BMW,X3,"BMW X3 xDrive30e Steptronic, 292hp, 2020",White,2020,65050
cjefh429io6g00cvhkdg,2023-08-16 16.25.52,CANCELLED,chuvpui9io6g008qde0g,721900,Tesla,Model Y,"Tesla Model Y Performance, 450hp, 2022",Black,2022,16870
cjes6n29io6g008p9bug,2023-08-17 06.51.08,COMPLETED,ce3lkv9a47e2k1eqaj1g,201700,BMW,i3,"BMW i3 94 Ah Automatic, 170hp, 2017",Silver,2017,56990
cjespmi9io6g008p9k3g,2023-08-17 07.31.39,COMPLETED,cij8a4a9io6g00bqa9m0,267600,Nissan,Leaf,"Nissan Leaf, 150hp, 2022",Grey,2022,16030
cjetlm29io6g008p9vj0,2023-08-17 08.31.20,CANCELLED,chn3i129io6g008jamt0,423200,Tesla,Model 3,"Tesla Model 3 Long Range AWD, 440hp, 2020",Grey,2020,71550
cjeuhui9io6g008pal10,2023-08-17 09.31.39,COMPLETED,chh4p3i9io6g00but6kg,582800,Tesla,Model Y,"Tesla Model Y Long Range AWD, 514hp, 2021",Blue,2021,29880
cjeuil29io6g008palcg,2023-08-17 09.33.08,CANCELLED,cj007oi9io6g00dee9og,443800,Tesla,Model 3,"Tesla Model 3 Long Range AWD, 440hp, 2020",Grey,2020,51850
cjf1ft29io6g008pc5sg,2023-08-17 12.52.05,COMPLETED,cii3hli9io6g00cedka0,246000,Volvo,V60,"Volvo V60 D5 Plug-in Hybrid AWD Geartronic, 231hp, 2018",Blue,2018,85420
cjf2gra9io6g00cd3i7g,2023-08-17 14.02.21,COMPLETED,ci4837a9io6g00c7rhcg,475800,Tesla,Model 3,"Tesla Model 3, 325hp, 2022",Grey,2022,8540
cjf2ns29io6g00cd3k90,2023-08-17 14.17.21,CANCELLED,chcn7kq9io6g00erlc8g,419100,Volvo,XC40,"Volvo XC40 T4 Recharge T4 TwEn DCT, 211hp, 2021",White,2021,18130
cjf2qn29io6g00cd3lc0,2023-08-17 14.23.24,COMPLETED,ci6n4t29io6g00cf0rb0,572500,Tesla,Model 3,"Tesla Model 3 Long Range AWD, 440hp, 2022",Grey,2022,13060
cjf3p9q9io6g00cd3sog,2023-08-17 15.28.39,COMPLETED,ca58me5soffcrakf09r0,588000,Tesla,Model Y,"Tesla Model Y Long Range AWD, 345hp, 2021",White,2021,47320
cjfjdfi9io6g00938ip0,2023-08-18 09.15.42,CANCELLED,chhmlaq9io6g00aftu3g,427300,Tesla,Model 3,"Tesla Model 3 Long Range AWD, 440hp, 2020",White,2020,77530
cjfln129io6g00939ibg,2023-08-18 11.52.37,COMPLETED,cirbjni9io6g00carp4g,520000,Tesla,Model 3,"Tesla Model 3 Long Range AWD, 440hp, 2021",Grey,2021,29230
cjfm2iq9io6g00e4fg0g,2023-08-18 12.17.16,COMPLETED,chcn7kq9io6g00erlc8g,419100,Volvo,XC40,"Volvo XC40 T4 Recharge T4 TwEn DCT, 211hp, 2021",White,2021,18130
cjfmqoa9io6g00e4fpdg,2023-08-18 13.08.49,COMPLETED,cidl4aq9io6g00c2bbag,493200,Tesla,Model 3,"Tesla Model 3 Long Range AWD, 440hp, 2021",Black,2021,50030
cjfo1rq9io6g00e4gbi0,2023-08-18 14.32.15,COMPLETED,ciomqhi9io6g00f50bhg,499400,Polestar,2,"Polestar 2 Standard Range Single Motor, 231hp, 2023",Silver,2023,5850
cjfo20i9io6g00e4gbt0,2023-08-18 14.32.34,RETURNED,cac7j77hagiohktuk610,652900,Polestar,2,"Polestar 2 Long Range Dual, 408hp, 2022",White,2022,7980
cjfo27a9io6g00e4gcc0,2023-08-18 14.33.01,CANCELLED,cihtfla9io6g009b45kg,298500,Volkswagen,Passat,"Volkswagen Passat Variant GTE DSG Sequential, 218hp, 2018",White,2018,23250
cjfr33i9io6g00e4gv6g,2023-08-18 17.59.42,COMPLETED,ci0vmii9io6g008jl30g,401500,Tesla,Model 3,"Tesla Model 3 Standard Range Plus, 258hp, 2020",Grey,2020,30720
cjft8na9io6g00b665eg,2023-08-18 20.28.13,COMPLETED,cg885ca23akg00aevfjg,399500,Tesla,Model 3,"Tesla Model 3 Long Range AWD, 440hp, 2019",Red,2019,80310
cjg74nq9io6g00b675t0,2023-08-19 07.42.23,COMPLETED,cidvrs29io6g00c9bvcg,252200,Kia,Optima,"Kia Optima Sport Wagon Plug-in Hybrid Automatic, 205hp, 2019",White,2019,71800
cjgc3u29io6g00b67vs0,2023-08-19 13.22.01,COMPLETED,chhmlaq9io6g00aftu3g,411800,Tesla,Model 3,"Tesla Model 3 Long Range AWD, 440hp, 2020",White,2020,77530
cjgcj4i9io6g00b682sg,2023-08-19 13.54.26,COMPLETED,cie01ra9io6g00c9c24g,671400,Tesla,Model Y,"Tesla Model Y Performance, 450hp, 2022",White,2022,17140
cjgcpnq9io6g00b684ag,2023-08-19 14.08.32,COMPLETED,cg4beaa23akg00f77og0,513800,Tesla,Model 3,"Tesla Model 3 Long Range AWD, 440hp, 2021",Grey,2021,46410
cjgd47q9io6g00b686eg,2023-08-19 14.30.56,CANCELLED,chfkqki9io6g00etbvtg,445800,Tesla,Model 3,"Tesla Model 3 Long Range AWD, 440hp, 2020",White,2020,33870
cjggviq9io6g00b68mqg,2023-08-19 18.54.03,COMPLETED,ci7fi029io6g00cf2q6g,256300,Kia,Optima,"Kia Optima Sport Wagon Plug-in Hybrid Automatic, 205hp, 2018",Grey,2018,54960
cjgi0ea9io6g00b68rpg,2023-08-19 20.04.10,CANCELLED,ci87r5ssfto8gadti6p0,374800,Lynk & Co,01,"Lynk & Co 01 PHEV DCT, 261hp, 2022",Blue,2022,2960
cjgvqta9io6g00b6aia0,2023-08-20 11.48.06,COMPLETED,chhjjna9io6g00f7otdg,507600,Tesla,Model X,"Tesla Model X 60D, 313hp, 2016",White,2016,89990
cjh009q9io6g00b6aj6g,2023-08-20 11.59.35,CANCELLED,calkfq9k8icri89092lg,401500,Tesla,Model S,"Tesla Model S 75, 320hp, 2017",Blue,2017,71280
cjh05ji9io6g00b6akn0,2023-08-20 12.10.54,CANCELLED,ci87spksfto8gadti7sg,375800,Lynk & Co,01,"Lynk & Co 01 PHEV DCT, 261hp, 2022",Blue,2022,5370
cjh0giq9io6g00b6amig,2023-08-20 12.34.19,COMPLETED,ci9h7hi9io6g00eot1k0,718800,Tesla,Model Y,"Tesla Model Y Performance, 450hp, 2022",Black,2022,14960
cjh377i9io6g00b6b4qg,2023-08-20 15.39.10,COMPLETED,chnm2ei9io6g009rtf60,428300,Tesla,Model 3,"Tesla Model 3 Performance, 510hp, 2019",Black,2019,45790
cjh545a9io6g00b6bdqg,2023-08-20 17.49.09,CANCELLED,ce46id9a47e2k1eqane0,615800,Tesla,Model 3,"Tesla Model 3 Long Range AWD, 440hp, 2022",White,2022,21690
cjh7kfa9io6g00b6boq0,2023-08-20 20.40.29,RETURNED,ci48ioq9io6g00c7rkj0,383000,Tesla,Model 3,"Tesla Model 3 Standard Range Plus, 258hp, 2020",White,2020,61390
cjhiemi9io6g009pol70,2023-08-21 08.59.06,RETURNED,cgtgqj223akg0099of9g,374800,Tesla,Model 3,"Tesla Model 3 Standard Range Plus, 258hp, 2020",Grey,2020,63900
cjhl6s29io6g009u942g,2023-08-21 12.07.13,CANCELLED,ci86h6ksfto8gadth7t0,353100,Lynk & Co,01,"Lynk & Co 01 PHEV DCT, 261hp, 2022",Blue,2022,10280
cjhlpfq9io6g009v9e5g,2023-08-21 12.46.55,CANCELLED,chclp5q9io6g00erl880,384000,Tesla,Model 3,"Tesla Model 3 Long Range, 287hp, 2019",White,2019,87310
cjhmv9i9io6g00ck0rm0,2023-08-21 14.07.35,COMPLETED,cj007oi9io6g00dee9og,443800,Tesla,Model 3,"Tesla Model 3 Long Range AWD, 440hp, 2020",Grey,2020,51850
cjhoe8q9io6g00ck1f5g,2023-08-21 15.47.47,RETURNED,chrm1ti9io6g00a1e0i0,412900,Tesla,Model 3,"Tesla Model 3 Long Range AWD, 440hp, 2020",White,2020,74910
cjhosba9io6g00ck1lbg,2023-08-21 16.17.50,COMPLETED,cg7klv223akg00ebfa60,221300,Nissan,Leaf,"Nissan Leaf, 150hp, 2020",Grey,2020,50710
cjhp0fq9io6g00ck1mf0,2023-08-21 16.26.39,COMPLETED,citu9bi9io6g00fq0680,550900,Polestar,2,"Polestar 2 Long Range Dual Motor, 408hp, 2021",White,2021,43060
cjhpalq9io6g00ck1r30,2023-08-21 16.48.24,COMPLETED,cf6p83i23akg00b35a90,489100,Audi,e-tron,"Audi e-tron 50 quattro, 313hp, 2020",Black,2020,62470
cjhpdni9io6g00ck1t60,2023-08-21 16.54.54,COMPLETED,chiusoa9io6g0089ba60,539600,Tesla,Model 3,"Tesla Model 3 Long Range AWD, 440hp, 2022",Black,2022,15990
cjhpo8a9io6g00ck2400,2023-08-21 17.17.22,COMPLETED,cj5prsa9io6g00cccn3g,664200,Tesla,Model Y,"Tesla Model Y Long Range AWD, 345hp, 2022",Grey,2022,19540
cjhri6a9io6g00ck2m90,2023-08-21 19.20.57,COMPLETED,ci080329io6g00ectdfg,495300,Tesla,Model 3,"Tesla Model 3 Long Range AWD, 440hp, 2021",Grey,2021,37180
cjhs69a9io6g00ck30s0,2023-08-21 20.03.49,COMPLETED,ci9bok29io6g00chahp0,698200,Tesla,Model X,"Tesla Model X Long Range, 423hp, 2019",White,2019,84880
cjhse4i9io6g00ck39k0,2023-08-21 20.20.35,COMPLETED,ci87v1csfto8gadti9fg,371700,Lynk & Co,01,"Lynk & Co 01 PHEV DCT, 261hp, 2022",Black,2022,5990
cji6dpa9io6g00au1ivg,2023-08-22 07.42.30,COMPLETED,ci8040q9io6g00cf4esg,614800,Tesla,Model X,"Tesla Model X 100D, 423hp, 2018",White,2018,86530
cji6m8a9io6g00av4pkg,2023-08-22 08.00.34,COMPLETED,cj5orsa9io6g00ap2p1g,561200,BMW,5 Series,"BMW 530e xDrive Touring Steptronic, 292hp, 2021",Grey,2021,29680
cji6r329io6g00av4sag,2023-08-22 08.10.53,COMPLETED,ci81b4a9io6g00cf566g,295500,BMW,i3,"BMW i3s 120 Ah, 183hp, 2021",White,2021,15410
cji86n29io6g0093ph2g,2023-08-22 09.43.57,RETURNED,chij11a9io6g00899png,283100,Kia,Optima,"Kia Optima Sport Wagon Plug-in Hybrid Automatic, 205hp, 2019",Black,2019,48110
cjia6ba9io6g0093r0qg,2023-08-22 11.59.41,COMPLETED,ci86mpcsfto8gadthbj0,353100,Lynk & Co,01,"Lynk & Co 01 PHEV DCT, 261hp, 2021",Black,2021,21260
cjiagj29io6g0093r9p0,2023-08-22 12.21.33,COMPLETED,cihtnvq9io6g009b48o0,612700,Skoda,Enyaq iV,"Škoda Enyaq iV 80X, 265hp, 2022",Grey,2022,23310
cjiakha9io6g0093ramg,2023-08-22 12.29.57,COMPLETED,ci6um0q9io6g00cf1j40,298500,Seat,León,"SEAT León Sportstourer e-Hybrid DSG Sequential, 204hp, 2021",Grey,2021,24860
cjiau6i9io6g0093rgbg,2023-08-22 12.50.35,COMPLETED,ci462b29io6g00c2hg80,619900,Skoda,Enyaq iV,"Skoda Enyaq iV 80X, 265hp, 2022",Grey,2022,24970
cjiavpi9io6g0093rhpg,2023-08-22 12.53.58,COMPLETED,cgu1e2i23akg0099q4q0,514800,Skoda,Enyaq iV,"Skoda Enyaq iV 80 82 kWh, 204hp, 2022",Grey,2022,25610
cjib6hq9io6g0093rmtg,2023-08-22 13.08.23,COMPLETED,cga2p2q23akg00e9cpug,511800,Polestar,2,"Polestar 2 Standard Range Single Motor, 231hp, 2023",White,2023,10580
cjibl8i9io6g0093s9qg,2023-08-22 13.39.46,COMPLETED,ci1kk229io6g00f64vu0,358300,Tesla,Model 3,"Tesla Model 3 Standard Range Plus, 258hp, 2019",Black,2019,68220
cjibos29io6g0093sfk0,2023-08-22 13.47.29,CANCELLED,cii4j029io6g00cedq80,529300,Tesla,Model 3,"Tesla Model 3 Long Range AWD, 440hp, 2021",White,2021,27600
cjibsfi9io6g0093smrg,2023-08-22 13.55.11,COMPLETED,chp13dq9io6g0083qgvg,366500,Kia,Niro,"Kia e-Niro 64 kWh, 204hp, 2021",Grey,2021,42260
cjicj729io6g0093t8b0,2023-08-22 14.43.40,COMPLETED,ccoerc10aomdaeptvna0,451000,BMW,5 Series,"BMW 530e xDrive iPerformance Sedan Steptronic, 252hp, 2020",Blue,2020,53730
cjicpbq9io6g0093takg,2023-08-22 14.56.47,COMPLETED,cit337a9io6g00fppk80,638400,Skoda,Enyaq iV,"Škoda Enyaq iV 80X, 265hp, 2023",Grey,2023,15680
cjicpda9io6g0093tau0,2023-08-22 14.56.53,COMPLETED,cii4j029io6g00cedq80,529300,Tesla,Model 3,"Tesla Model 3 Long Range AWD, 440hp, 2021",White,2021,27600
cjicpfi9io6g0093tb9g,2023-08-22 14.57.02,COMPLETED,civoahi9io6g00de49q0,630200,Skoda,Enyaq iV,"Škoda Enyaq iV 80X, 265hp, 2022",Black,2022,33100
cjidm729io6g0093tji0,2023-08-22 15.58.20,CANCELLED,c8rhjeonoc5qnlj5ufn0,470600,Tesla,Model 3,"Tesla Model 3 Long Range AWD, 440hp, 2020",White,2020,45890
cjidpj29io6g0093tl1g,2023-08-22 16.05.32,CANCELLED,ciiht4i9io6g00cefe5g,579700,Volkswagen,ID.4,"Volkswagen ID.4 GTX, 299hp, 2023",White,2023,12450
cjiqohq9io6g008e04g0,2023-08-23 06.50.47,CANCELLED,ci3eh1q9io6g00982fbg,521000,Tesla,Model S,"Tesla Model S 100D, 423hp, 2018",White,2018,54850
cjj09l29io6g00e1rt7g,2023-08-23 13.08.36,COMPLETED,cj9769i9io6g009t87k0,567400,Polestar,2,"Polestar 2 Long Range Single Motor, 231hp, 2022",White,2022,32900
cjjgggi9io6g00d2gj6g,2023-08-24 07.35.30,COMPLETED,chia0qi9io6g008969ug,681700,BMW,4 Series,"BMW i4 eDrive40 Gran Coupé 83.9 kWh, 340hp, 2023",Black,2023,13490
cjji6o29io6g00d2hir0,2023-08-24 09.31.12,COMPLETED,ci87r5ssfto8gadti6p0,374800,Lynk & Co,01,"Lynk & Co 01 PHEV DCT, 261hp, 2022",Blue,2022,2960
cjjij3a9io6g00d2hqvg,2023-08-24 09.57.34,COMPLETED,cgptmeq23akg00fbm59g,311900,Kia,Niro,"Kia e-Niro 64 kWh, 204hp, 2020",White,2020,62250
cjjil5a9io6g009a6eeg,2023-08-24 10.01.58,CANCELLED,ci44r929io6g00986p4g,370600,Volvo,V60,"Volvo V60 T8 TwEn AWD Geartronic, 392hp, 2019",White,2019,89660
cjjivmq9io6g009a6i5g,2023-08-24 10.24.28,COMPLETED,cimgmaa9io6g00fjk0c0,230600,Volkswagen,Golf,"Volkswagen e-Golf 35.8 kWh, 136hp, 2020",Black,2020,70750
cjjj65q9io6g009a6l70,2023-08-24 10.38.16,COMPLETED,cf2krf223akg00bk86ag,526200,Hyundai,Ioniq 5,"Hyundai Ioniq 5 72.6 kWh, 218hp, 2022",Grey,2022,26450
cjjjjua9io6g009a6ru0,2023-08-24 11.07.38,COMPLETED,c802malmmudf9q5l7v00,506600,Tesla,Model 3,"Tesla Model 3 Long Range AWD, 440hp, 2021",Grey,2021,44980
cjjjnta9io6g009a6uqg,2023-08-24 11.16.05,COMPLETED,cifa09a9io6g00eubbg0,286200,Volkswagen,ID.3,"Volkswagen ID.3 Pro Performance, 204hp, 2021",Grey,2021,82000
cjjjvui9io6g009a73vg,2023-08-24 11.33.14,COMPLETED,ci87spksfto8gadti7sg,375800,Lynk & Co,01,"Lynk & Co 01 PHEV DCT, 261hp, 2022",Blue,2022,5370
cjjk0na9io6g009a74jg,2023-08-24 11.34.53,COMPLETED,chbv0kq9io6g00f4qpm0,303700,Kia,Niro,"Kia e-Niro 64 kWh, 204hp, 2019",Grey,2019,60620
cjjk4e29io6g009a78r0,2023-08-24 11.42.49,COMPLETED,ch8mfqi9io6g008blap0,362400,Kia,Niro,"Kia e-Niro 64 kWh, 204hp, 2020",Black,2020,51470
cjjlpi29io6g0089qelg,2023-08-24 13.36.08,COMPLETED,chebjeq9io6g00ekfsl0,496300,Hyundai,Ioniq 5,"Hyundai Ioniq 5 72.6 kWh, 218hp, 2022",Black,2022,43830
cjjm4o29io6g0089qo90,2023-08-24 14.00.00,COMPLETED,cc8aebapkdqhnkd16l20,509700,Tesla,Model 3,"Tesla Model 3 Long Range AWD, 440hp, 2021",Blue,2021,20030
cjjo6nq9io6g0089rea0,2023-08-24 16.20.48,CANCELLED,chqckd29io6g00ck7e1g,465400,Tesla,Model 3,"Tesla Model 3 Long Range AWD, 440hp, 2021",White,2021,89370
cjk4osq9io6g00cksctg,2023-08-25 06.38.44,COMPLETED,cj5niji9io6g00ap2400,398500,Cupra,Born,"Cupra Born 58 58 kWh, 204hp, 2023",Grey,2023,15200
cjk50i29io6g00cksh8g,2023-08-25 06.55.05,COMPLETED,chclp5q9io6g00erl880,376800,Tesla,Model 3,"Tesla Model 3 Long Range, 287hp, 2019",White,2019,87310
cjk6aoa9io6g00cktcdg,2023-08-25 08.25.06,COMPLETED,ci87ajcsfto8gadthqt0,347000,Lynk & Co,01,"Lynk & Co 01 PHEV DCT, 261hp, 2021",Blue,2021,7240
cjk6h6i9io6g00cktjfg,2023-08-25 08.38.51,COMPLETED,cii7baq9io6g00cee1r0,472600,Tesla,Model 3,"Tesla Model 3 Standard Range Plus, 325hp, 2021",Black,2021,30650
cjk964a9io6g00ehrisg,2023-08-25 11.40.01,CANCELLED,cj5mebq9io6g00ap18dg,620900,Volkswagen,ID.4,"Volkswagen ID.4 GTX, 299hp, 2022",Grey,2022,15670
cjk977q9io6g00ehrk40,2023-08-25 11.42.24,CANCELLED,ci87b2csfto8gadthr8g,335600,Lynk & Co,01,"Lynk & Co 01 PHEV DCT, 261hp, 2021",Blue,2021,15450
cjk981q9io6g00ehrkj0,2023-08-25 11.44.07,CANCELLED,ci876ussfto8gadtho3g,335600,Lynk & Co,01,"Lynk & Co 01 PHEV DCT, 261hp, 2021",Blue,2021,15970
cjk9s1a9io6g00ehrvfg,2023-08-25 12.26.46,COMPLETED,chqckd29io6g00ck7e1g,465400,Tesla,Model 3,"Tesla Model 3 Long Range AWD, 440hp, 2021",White,2021,89370
cjkajsa9io6g00ehso70,2023-08-25 13.17.37,COMPLETED,cgl8kjq23akg00amfnp0,284200,Citroën,C4,"Citroën ë-C4, 136hp, 2022",White,2022,14600
cjkarkq9io6g00eht2c0,2023-08-25 13.34.12,COMPLETED,cide1j29io6g00c2a760,331500,BMW,i3,"BMW i3 120 Ah, 170hp, 2021",Blue,2021,13430
cjkb4va9io6g00eht7c0,2023-08-25 13.54.05,COMPLETED,chupua29io6g008qblj0,431400,Tesla,Model 3,"Tesla Model 3 Long Range AWD, 440hp, 2019",White,2019,40830
cjkb53q9io6g00eht7ng,2023-08-25 13.54.23,COMPLETED,chuvpui9io6g008qde0g,703300,Tesla,Model Y,"Tesla Model Y Performance, 450hp, 2022",Black,2022,16870
cjkbthi9io6g00ehtjhg,2023-08-25 14.46.31,COMPLETED,caah7asqpmd6pslp4tq0,426300,Tesla,Model 3,"Tesla Model 3 Long Range AWD, 440hp, 2020",White,2020,47840
cjkp0qq9io6g00bjsj00,2023-08-26 05.40.59,CANCELLED,ci86h6ksfto8gadth7t0,353100,Lynk & Co,01,"Lynk & Co 01 PHEV DCT, 261hp, 2022",Blue,2022,10280
cjkraiq9io6g00bjsts0,2023-08-26 08.18.20,COMPLETED,cj182rq9io6g00dfstpg,499400,Volvo,XC40,"Volvo XC40 Recharge Single Motor, 231hp, 2023",Black,2023,8290
cjkre9q9io6g00bjsut0,2023-08-26 08.26.15,COMPLETED,ch0kndq23akg00cbmsn0,402600,Tesla,Model 3,"Tesla Model 3 Long Range AWD, 440hp, 2019",Grey,2019,62530
cjksghq9io6g00bjt6tg,2023-08-26 09.39.20,COMPLETED,ciil2ga9io6g00bq62v0,642600,Skoda,Enyaq iV,"Škoda Enyaq iV 80X, 265hp, 2023",Blue,2023,9100
cjkug0i9io6g00arau2g,2023-08-26 11.54.42,COMPLETED,chv2kn29io6g008qdlvg,538500,Tesla,Model 3,"Tesla Model 3 Long Range AWD, 440hp, 2022",White,2022,30630
cjl3eji9io6g00arbojg,2023-08-26 17.33.02,COMPLETED,cij86ri9io6g00bqa7q0,362400,Volkswagen,ID.3,"Volkswagen ID.3 Pro Performance, 204hp, 2022",Grey,2022,13900
cjlidc29io6g00dro5d0,2023-08-27 10.34.25,COMPLETED,cinrjia9io6g00euue40,596200,Audi,e-tron,"Audi e-tron 55 quattro, 408hp, 2020",White,2020,48700
cjlijlq9io6g00dro720,2023-08-27 10.47.51,COMPLETED,chmhch29io6g00d96d9g,375800,Hyundai,Kona,"Hyundai Kona Electric 64 kWh, 204hp, 2021",Grey,2021,23270
cjljab29io6g00droc20,2023-08-27 11.36.13,COMPLETED,chs33qa9io6g00a1f73g,170800,Renault,ZOE,"Renault ZOE R90 41 kWh, 92hp, 2018",Black,2018,37140
cjlk1i29io6g00drogc0,2023-08-27 12.25.45,COMPLETED,ciql8729io6g00946rtg,465400,Volkswagen,ID.4,"Volkswagen ID.4 Pro Performance, 204hp, 2021",White,2021,39680
cjll4t29io6g00dron00,2023-08-27 13.41.09,COMPLETED,ciqeqj29io6g00f56tp0,577700,Audi,Q4 e-tron,"Audi Q4 40 e-tron, 204hp, 2022",Grey,2022,23260
cjlncp29io6g00drp3og,2023-08-27 16.14.29,COMPLETED,ci6ru5q9io6g00cf1bh0,203800,Nissan,Leaf,"Nissan Leaf S, 150hp, 2018",White,2018,43690
cjm3c2q9io6g00bsvqd0,2023-08-28 05.52.12,CANCELLED,c802kqtmmudf9q5l78hg,194500,Nissan,Leaf,"Nissan Leaf, 150hp, 2018",Black,2018,65610
cjm3dm29io6g00bsvr00,2023-08-28 05.55.37,CANCELLED,c802kqtmmudf9q5l78hg,194500,Nissan,Leaf,"Nissan Leaf, 150hp, 2018",Black,2018,65610
cjm3i1i9io6g00bsvs5g,2023-08-28 06.04.55,CANCELLED,c802kqtmmudf9q5l78hg,194500,Nissan,Leaf,"Nissan Leaf, 150hp, 2018",Black,2018,65610
cjm4p8a9io6g00bt0g3g,2023-08-28 07.28.34,COMPLETED,cgmm0ji23akg00cdohe0,605500,Tesla,Model Y,"Tesla Model Y Long Range AWD, 345hp, 2021",White,2021,43990
cjm5g8q9io6g00bt103g,2023-08-28 08.17.40,CANCELLED,choccpa9io6g0083o760,499400,Tesla,Model 3,"Tesla Model 3 Long Range AWD, 440hp, 2021",White,2021,47470
cjm7oca9io6g00bt25ng,2023-08-28 10.51.29,CANCELLED,chfkqki9io6g00etbvtg,445800,Tesla,Model 3,"Tesla Model 3 Long Range AWD, 440hp, 2020",White,2020,33870
cjm8kl29io6g00bt2kf0,2023-08-28 11.51.48,COMPLETED,cj4bbfq9io6g00fl31vg,530300,Tesla,Model 3,"Tesla Model 3 Long Range AWD, 440hp, 2021",White,2021,32100
cjm94da9io6g009oihcg,2023-08-28 12.25.26,CANCELLED,chjnoti9io6g0089h01g,411800,Tesla,Model 3,"Tesla Model 3 Long Range AWD, 440hp, 2019",Red,2019,83650
cjm9b8i9io6g009oimeg,2023-08-28 12.40.02,COMPLETED,chud30a9io6g00cqedd0,573600,Skoda,Enyaq iV,"Skoda Enyaq iV 80X, 265hp, 2022",Grey,2022,25270
cjma0cq9io6g009oj3tg,2023-08-28 13.25.07,CANCELLED,cgmioua23akg00cdnneg,393300,Tesla,Model 3,"Tesla Model 3 Long Range AWD, 440hp, 2019",White,2019,72850
cjmbd2a9io6g009ok150,2023-08-28 15.00.25,COMPLETED,chbitra9io6g00f4pk9g,806300,BMW,4 Series,"BMW i4 M50 83.9 kWh, 544hp, 2022",Green,2022,2670
cjmbf5q9io6g009ok26g,2023-08-28 15.04.56,CANCELLED,cgmioua23akg00cdnneg,393300,Tesla,Model 3,"Tesla Model 3 Long Range AWD, 440hp, 2019",White,2019,72850
cjmbrlq9io6g009ok790,2023-08-28 15.31.36,COMPLETED,cjcc3ea9io6g00c1tjo0,610600,Kia,EV6,"Kia EV6 77.4 kWh AWD, 325hp, 2022",Grey,2022,26580
cjmbv4a9io6g009ok850,2023-08-28 15.38.57,COMPLETED,ci86h6ksfto8gadth7t0,353100,Lynk & Co,01,"Lynk & Co 01 PHEV DCT, 261hp, 2022",Blue,2022,10280
cjmpe3q9io6g00fik0dg,2023-08-29 06.58.23,COMPLETED,ciihtdq9io6g00cefe7g,525100,Skoda,Enyaq iV,"Škoda Enyaq iV 80, 204hp, 2021",Black,2021,45050
cjmph7a9io6g00fik3e0,2023-08-29 07.05.01,COMPLETED,ci622c29io6g00cetbd0,427300,Volvo,XC40,"Volvo XC40 T5 Recharge T5 TwEn DCT, 262hp, 2021",Grey,2021,59320
cjmppma9io6g00fik81g,2023-08-29 07.23.06,COMPLETED,ci44r929io6g00986p4g,370600,Volvo,V60,"Volvo V60 T8 TwEn AWD Geartronic, 392hp, 2019",White,2019,89660
cjmq2e29io6g00fikau0,2023-08-29 07.41.45,COMPLETED,cia0k5a9io6g0094vmbg,385100,Tesla,Model 3,"Tesla Model 3 Standard Range Plus, 258hp, 2019",Blue,2019,37740
cjmsh2i9io6g00bp79h0,2023-08-29 10.29.31,COMPLETED,chfkqki9io6g00etbvtg,445800,Tesla,Model 3,"Tesla Model 3 Long Range AWD, 440hp, 2020",White,2020,33870
cjmu5pa9io6g00bp87pg,2023-08-29 12.21.58,COMPLETED,ci4rin29io6g00c81hcg,588000,Tesla,Model 3,"Tesla Model 3 Performance, 513hp, 2022",White,2022,14140
cjmuqsq9io6g00bp8kh0,2023-08-29 13.06.59,CANCELLED,ciejjvq9io6g00c1nq50,406700,Tesla,Model 3,"Tesla Model 3 Long Range AWD, 440hp, 2019",Red,2019,52640
cjmuuoa9io6g00bp8nlg,2023-08-29 13.15.13,CANCELLED,cevdkmi23akg00akl6m0,470600,Tesla,Model 3,"Tesla Model 3, 325hp, 2022",White,2022,10410
cjmv5029io6g00bp8u20,2023-08-29 13.28.32,CANCELLED,ci867rq9io6g00cf82ig,706400,Tesla,Model Y,"Tesla Model Y Performance, 450hp, 2022",Black,2022,11670
cjmvcoq9io6g00bp922g,2023-08-29 13.45.07,COMPLETED,cbjvlnv2uqok8l6rhq8g,408800,Tesla,Model 3,"Tesla Model 3 Long Range AWD, 440hp, 2019",White,2019,80560
cjmvd5i9io6g00bp92h0,2023-08-29 13.45.58,COMPLETED,choccpa9io6g0083o760,499400,Tesla,Model 3,"Tesla Model 3 Long Range AWD, 440hp, 2021",White,2021,47470
cjmvomi9io6g00bp998g,2023-08-29 14.10.35,COMPLETED,ci3eh1q9io6g00982fbg,521000,Tesla,Model S,"Tesla Model S 100D, 423hp, 2018",White,2018,54850
cjnehhq9io6g00col5ag,2023-08-30 06.59.19,COMPLETED,cj6ea4a9io6g00b0sv10,460300,Volkswagen,ID.4,"Volkswagen ID.4 Pro Performance, 204hp, 2022",Grey,2022,34950
cjnfqoi9io6g00colkdg,2023-08-30 08.27.14,COMPLETED,cisb4229io6g008vtgjg,482900,Cupra,Born,"Cupra Born 77 e-boost 77 kWh, 231hp, 2023",Grey,2023,5730
cjnfrmq9io6g00colkvg,2023-08-30 08.29.16,COMPLETED,ciqjm3i9io6g00946490,476700,Cupra,Born,"Cupra Born 77 e-boost 77 kWh, 231hp, 2023",White,2023,13000
cjnfvsq9io6g00coln9g,2023-08-30 08.38.12,COMPLETED,ciscul29io6g009dlvhg,530300,Skoda,Enyaq iV,"Škoda Enyaq iV 80, 204hp, 2021",Black,2021,55540
cjnhq429io6g00dc99lg,2023-08-30 10.42.25,COMPLETED,chn3i129io6g008jamt0,423200,Tesla,Model 3,"Tesla Model 3 Long Range AWD, 440hp, 2020",Grey,2020,71550
cjni4pa9io6g00dc9efg,2023-08-30 11.05.09,CANCELLED,ci9e9la9io6g00ecbu50,1332700,Tesla,Model X,"Tesla Model X Plaid, 1020hp, 2023",White,2023,16310
cjnj5ua9io6g00dca32g,2023-08-30 12.15.54,COMPLETED,ci4bpja9io6g00c7ssa0,433500,Tesla,Model 3,"Tesla Model 3 Long Range AWD, 440hp, 2019",Grey,2019,66280
cjnk54q9io6g00dcal60,2023-08-30 13.22.28,COMPLETED,ci3d0sq9io6g00981js0,240900,Nissan,Leaf,"Nissan Leaf, 150hp, 2020",Black,2020,32760
cjnkaaa9io6g00dcapc0,2023-08-30 13.33.29,COMPLETED,cid92vi9io6g00bdq5gg,277900,BMW,i3,"BMW i3s 120 Ah, 183hp, 2020",Red,2020,33500
cjnki3q9io6g00dcavng,2023-08-30 13.50.08,CANCELLED,cguh0ja23akg0099s8ag,313000,Kia,Niro,"Kia e-Niro 64 kWh, 204hp, 2020",White,2020,77750
cjnnkna9io6g0082208g,2023-08-30 17.20.30,COMPLETED,cdt5bafpoemtr09pslsg,457200,Volvo,V60,"Volvo V60 T8 TwEn AWD Geartronic, 392hp, 2020",Grey,2020,48210
cjnntti9io6g008222f0,2023-08-30 17.40.07,COMPLETED,ch4doea9io6g00dg17j0,574600,Tesla,Model 3,"Tesla Model 3 Long Range AWD, 440hp, 2022",Black,2022,17380
cjnobui9io6g008225eg,2023-08-30 18.10.02,COMPLETED,ci4nhpq9io6g00c7upgg,328400,Kia,Niro,"Kia e-Niro 64 kWh, 204hp, 2021",Blue,2021,49210
cjo4e6i9io6g00824q70,2023-08-31 07.54.02,COMPLETED,cimor729io6g00fk18v0,594200,Hyundai,Ioniq 5,"Hyundai Ioniq 5 72.6 kWh AWD, 306hp, 2022",Grey,2022,16390
cjo57929io6g0091djc0,2023-08-31 08.47.32,COMPLETED,chcf8li9io6g00erk95g,246000,Nissan,Leaf,"Nissan Leaf, 150hp, 2020",Silver,2020,29280
cjo863i9io6g009b8sg0,2023-08-31 12.09.51,COMPLETED,ci87grcsfto8gadthv9g,348000,Lynk & Co,01,"Lynk & Co 01 PHEV DCT, 261hp, 2021",Black,2021,5770
cjo93ei9io6g009b9hi0,2023-08-31 13.12.26,COMPLETED,civ754i9io6g009cscf0,512800,Tesla,Model 3,"Tesla Model 3 Long Range AWD, 440hp, 2021",Grey,2021,26050
cjoaknq9io6g009bakbg,2023-08-31 14.57.35,COMPLETED,c802kqtmmudf9q5l78hg,193500,Nissan,Leaf,"Nissan Leaf, 150hp, 2018",Black,2018,65610
cjoaqd29io6g009banrg,2023-08-31 15.09.40,COMPLETED,cir4f929io6g00caocag,240900,Mini,Countryman,"MINI Cooper SE ALL4 Countryman Automatic, 224hp, 2018",Grey,2018,63930
cjoc2mq9io6g009bb0ig,2023-08-31 16.35.40,COMPLETED,cispi729io6g00fpnse0,406700,Tesla,Model 3,"Tesla Model 3 Long Range AWD, 440hp, 2019",Black,2019,81030
cjoddfq9io6g00969ap0,2023-08-31 18.06.55,CANCELLED,cf0irs223akg00dv5730,532400,Tesla,Model 3,"Tesla Model 3 Performance, 513hp, 2021",White,2021,44360
cjof4ui9io6g00969klg,2023-08-31 20.05.15,COMPLETED,ci60k8q9io6g00cet130,350000,Lynk & Co,01,"Lynk & Co 01 PHEV DCT, 261hp, 2021",Black,2021,18180
cjong629io6g00f2jbh0,2023-09-01 05.35.20,COMPLETED,ciejjvq9io6g00c1nq50,406700,Tesla,Model 3,"Tesla Model 3 Long Range AWD, 440hp, 2019",Red,2019,52640
cjonh429io6g00f2jbsg,2023-09-01 05.37.21,COMPLETED,cijvcs29io6g00dfbqo0,396400,Volvo,XC60,"Volvo XC60 T8 TwEn AWD Geartronic, 392hp, 2019",White,2019,68660
cjorpr29io6g00f2lsm0,2023-09-01 10.29.00,COMPLETED,cicl9dq9io6g00eihr40,692000,Tesla,Model Y,"Tesla Model Y Performance, 450hp, 2022",Black,2022,21400
cjosgiq9io6g00a66h4g,2023-09-01 11.17.32,COMPLETED,cf406ha23akg00dtfv60,611700,Mercedes-Benz,GLC,"Mercedes-Benz GLC 300 de 4MATIC 9G-Tronic, 306hp, 2022",Grey,2022,30750
cjosl0i9io6g00a66im0,2023-09-01 11.26.58,COMPLETED,c8rhjeonoc5qnlj5ufn0,461300,Tesla,Model 3,"Tesla Model 3 Long Range AWD, 440hp, 2020",White,2020,45890
cjotqj29io6g00a673v0,2023-09-01 12.47.08,CANCELLED,che8tk29io6g00epe2ng,433500,Audi,e-tron,"Audi e-tron 50 quattro, 313hp, 2020",Grey,2020,43460
cjoum9q9io6g00a6819g,2023-09-01 13.46.16,CANCELLED,c802lp5mmudf9q5l7mpg,386100,Tesla,Model 3,"Tesla Model 3 Standard Range Plus, 258hp, 2019",Black,2019,65710
cjp0d7i9io6g00cfaojg,2023-09-01 15.43.27,COMPLETED,cir4p3q9io6g00caojk0,626100,Kia,EV6,"Kia EV6 77.4 kWh AWD, 325hp, 2022",White,2022,18220
cjp1lb29io6g00cfavpg,2023-09-01 17.09.00,COMPLETED,cgsg2li23akg00bp0oo0,230600,Renault,ZOE,"Renault ZOE R135 52 kWh, 136hp, 2020",Black,2020,36740
cjpkbni9io6g00cvrrdg,2023-09-02 14.25.35,CANCELLED,cged73q23akg00defg30,551900,Tesla,Model 3,"Tesla Model 3 Performance, 513hp, 2021",White,2021,26010
cjq4gb29io6g00f4go70,2023-09-03 08.47.41,COMPLETED,chjspt29io6g0089i03g,1016500,Land Rover,Range Rover Sport,"Land Rover Range Rover Sport P400e Automatic, 400hp, 2022",Grey,2022,15300
cjq6dnq9io6g00f4h400,2023-09-03 10.58.39,COMPLETED,chhvuja9io6g00afvlgg,489100,Hyundai,Ioniq 5,"Hyundai Ioniq 5 72.6 kWh, 218hp, 2022",Black,2022,54900
cjqa72q9io6g00f4hog0,2023-09-03 15.17.32,COMPLETED,ci8716csfto8gadthji0,376800,Lynk & Co,01,"Lynk & Co 01 PHEV DCT, 261hp, 2022",Black,2022,10090
cjqdbi29io6g00f4ib70,2023-09-03 18.51.52,COMPLETED,cj6d8q29io6g00b0sgc0,321200,Volkswagen,ID.3,"Volkswagen ID.3 Pro Performance, 204hp, 2021",Grey,2021,41880
cjqng629io6g0097gjl0,2023-09-04 06.24.24,COMPLETED,cepc0l223akg00f9knsg,557100,Volkswagen,ID.4,"Volkswagen ID.4 GTX, 299hp, 2022",Black,2022,28000
cjqok929io6g0097h8e0,2023-09-04 07.41.24,CANCELLED,cjaie729io6g0088nf90,618900,Skoda,Enyaq iV,"Škoda Enyaq iV 80X, 265hp, 2022",White,2022,27030
cjqqpg29io6g00f1ujrg,2023-09-04 10.09.04,COMPLETED,chuc10q9io6g00cqebc0,242900,Volkswagen,Passat,"Volkswagen Passat Variant GTE DSG Sequential, 218hp, 2017",White,2017,68390
cjr0tr29io6g00bmcpq0,2023-09-04 17.07.57,CANCELLED,chgcpqa9io6g00a494fg,575600,Tesla,Model X,"Tesla Model X 90D, 423hp, 2017",Black,2017,83550
cjrenea9io6g00cc2okg,2023-09-05 08.50.01,COMPLETED,cisgrja9io6g009dogvg,642600,Mercedes-Benz,EQC,"Mercedes-Benz EQC 400, 408hp, 2021",Grey,2021,27890
cjreqoi9io6g00cc2rq0,2023-09-05 08.57.06,CANCELLED,chv0bjq9io6g008qdfcg,682700,Volvo,C40,"Volvo C40 Recharge Twin motor, 408hp, 2023",Black,2023,6770
cjrfrka9io6g00cf1a30,2023-09-05 10.07.13,COMPLETED,che8tk29io6g00epe2ng,433500,Audi,e-tron,"Audi e-tron 50 quattro, 313hp, 2020",Grey,2020,43460
cjrh5029io6g00d5b5bg,2023-09-05 11.35.29,CANCELLED,chjnoti9io6g0089h01g,411800,Tesla,Model 3,"Tesla Model 3 Long Range AWD, 440hp, 2019",Red,2019,83650
cjrhcj29io6g00d5bar0,2023-09-05 11.51.41,COMPLETED,cj0e57q9io6g00dett90,427300,Tesla,Model 3,"Tesla Model 3 Standard Range Plus, 325hp, 2021",White,2021,59730
cjrjeoi9io6g00d5d0h0,2023-09-05 14.12.50,COMPLETED,cj5lf9a9io6g00ap0rj0,446900,Tesla,Model 3,"Tesla Model 3 Standard Range Plus, 325hp, 2021",Grey,2021,33420
cjrjubi9io6g00d5ddgg,2023-09-05 14.46.06,COMPLETED,cjaie729io6g0088nf90,618900,Skoda,Enyaq iV,"Škoda Enyaq iV 80X, 265hp, 2022",White,2022,27030
cjrk9bq9io6g00d5dh0g,2023-09-05 15.09.36,COMPLETED,cicn8b29io6g00bdn4kg,498400,Volkswagen,ID.4,"Volkswagen ID.4 Pro Performance, 204hp, 2023",Grey,2023,12590
cjrkmc29io6g00d5dmr0,2023-09-05 15.37.20,COMPLETED,cimmm4a9io6g00fjuihg,426300,Tesla,Model 3,"Tesla Model 3 Long Range AWD, 440hp, 2020",White,2020,77520
cjrkphq9io6g00d5dnvg,2023-09-05 15.44.07,CANCELLED,cj7o0di9io6g00b15670,401500,Tesla,Model 3,"Tesla Model 3 Standard Range Plus, 258hp, 2020",White,2020,45200
cjrm55a9io6g00bh5jn0,2023-09-05 17.17.10,COMPLETED,cisi10a9io6g009dp3d0,499400,Polestar,2,"Polestar 2 Standard Range Single Motor, 224hp, 2022",Black,2022,34300
cjs2jka9io6g00erlqo0,2023-09-06 07.27.14,COMPLETED,cgueofi23akg0099rggg,425200,Volvo,V60,"Volvo V60 T8 TwEn AWD Geartronic, 392hp, 2020",Blue,2020,47120
cjs3b7q9io6g00ermfb0,2023-09-06 08.17.36,COMPLETED,cjaainq9io6g0088laf0,428300,Volkswagen,Passat,"Volkswagen Passat Variant GTE DSG Sequential, 218hp, 2022",Blue,2022,12960
cjs433i9io6g00ehpc90,2023-09-06 09.08.31,CANCELLED,ciqmkhi9io6g009474ng,406700,BMW,5 Series,"BMW 530e xDrive iPerformance Sedan Steptronic, 252hp, 2020",Blue,2020,39000
cjs4hpi9io6g00ehpn40,2023-09-06 09.39.51,COMPLETED,chjnoti9io6g0089h01g,409800,Tesla,Model 3,"Tesla Model 3 Long Range AWD, 440hp, 2019",Red,2019,83650
cjs5nni9io6g00ehq8jg,2023-09-06 11.00.47,COMPLETED,ch4de1i9io6g00dg10fg,287200,Mitsubishi,Outlander,"Mitsubishi Outlander P-HEV 2.0 Hybrid 4WD CVT, 203hp, 2018",White,2018,17690
cjs5usq9io6g00ehqbig,2023-09-06 11.16.03,COMPLETED,ciht6ei9io6g009b3o1g,390200,Cupra,Leon,"Cupra Leon Sportstourer e-Hybrid DSG Sequential, 245hp, 2022",Grey,2022,14870
cjs6b5a9io6g00ehqks0,2023-09-06 11.42.13,COMPLETED,chena529io6g00f1gppg,647700,Tesla,Model Y,"Tesla Model Y Long Range AWD, 345hp, 2022",White,2022,20570
cjs74sa9io6g00ehr1n0,2023-09-06 12.37.05,COMPLETED,cio2c4q9io6g00fdkrtg,581800,Skoda,Enyaq iV,"Škoda Enyaq iV 80X, 265hp, 2022",Grey,2022,26120
cjs7ehi9io6g0097an5g,2023-09-06 12.57.43,CANCELLED,caov21n7c5450ge5g3hg,630200,Tesla,Model Y,"Tesla Model Y Long Range AWD, 345hp, 2021",White,2021,32850
cjs8p7a9io6g0097bhog,2023-09-06 14.28.46,COMPLETED,cil8m629io6g00a48ak0,413900,BMW,X2,"BMW X2 xDrive25e Steptronic, 220hp, 2021",Black,2021,35630
cjs8uji9io6g0097bki0,2023-09-06 14.40.15,COMPLETED,cfrmm6223akg0088p880,182200,Renault,ZOE,"Renault ZOE R110 41 kWh, 109hp, 2019",White,2019,44450
cjseob29io6g00cdleb0,2023-09-06 21.16.29,COMPLETED,ci877qksfto8gadthoo0,341800,Lynk & Co,01,"Lynk & Co 01 PHEV DCT, 261hp, 2021",Black,2021,20910
cjst3h29io6g00dbqo6g,2023-09-07 13.36.05,COMPLETED,cj7o0di9io6g00b15670,401500,Tesla,Model 3,"Tesla Model 3 Standard Range Plus, 258hp, 2020",White,2020,45200
cjsuq229io6g00dbrs1g,2023-09-07 15.32.24,COMPLETED,cj3o4e29io6g00f6aav0,530300,Tesla,Model 3,"Tesla Model 3 Long Range AWD, 440hp, 2021",Grey,2021,32570
cjsvlga9io6g00dbs03g,2023-09-07 16.30.58,COMPLETED,cgdg8fi23akg00cma9qg,737300,Kia,EV6,"Kia EV6 GT, 585hp, 2023",Blue,2023,11220
cjt1smi9io6g00dbs800,2023-09-07 19.02.51,COMPLETED,ci710i29io6g00cf1oag,213100,Hyundai,Ioniq,"Hyundai Ioniq Electric 28 kWh, 120hp, 2017",Orange,2017,44710
cjtbbva9io6g00cg1fqg,2023-09-08 05.49.50,COMPLETED,cht3r1q9io6g00cqbphg,214100,Renault,ZOE,"Renault ZOE R135 52 kWh, 136hp, 2020",Grey,2020,44940
cjtdkpq9io6g00cg2o00,2023-09-08 08.25.12,COMPLETED,ci87b2csfto8gadthr8g,333600,Lynk & Co,01,"Lynk & Co 01 PHEV DCT, 261hp, 2021",Blue,2021,15450
cjtea7i9io6g00cg37vg,2023-09-08 09.10.55,COMPLETED,cguh0ja23akg0099s8ag,299600,Kia,Niro,"Kia e-Niro 64 kWh, 204hp, 2020",White,2020,77750
cjthiiq9io6g00cg41ng,2023-09-08 12.53.31,CANCELLED,chit5li9io6g0089avn0,947400,Audi,e-tron GT,"Audi e-tron GT quattro Automatic, 476hp, 2022",Grey,2022,22440
cjthvma9io6g00cg4400,2023-09-08 13.21.29,CANCELLED,ci4mm7a9io6g00c7u51g,494200,Tesla,Model 3,"Tesla Model 3 Long Range AWD, 440hp, 2021",White,2021,63870
cjtii0a9io6g00cg4cc0,2023-09-08 14.00.34,CANCELLED,chssho29io6g00cqa64g,468500,Polestar,2,"Polestar 2 Long Range Single Motor, 231hp, 2022",Black,2022,56690
cjtilii9io6g00cg4ffg,2023-09-08 14.08.11,COMPLETED,c8uq9aeqgl5c5729lhkg,429400,Tesla,Model 3,"Tesla Model 3 Long Range AWD, 440hp, 2020",White,2020,54220
cjtivmq9io6g00cg4j20,2023-09-08 14.29.47,CANCELLED,cj5mebq9io6g00ap18dg,598300,Volkswagen,ID.4,"Volkswagen ID.4 GTX, 299hp, 2022",Grey,2022,15670
cjtjkdi9io6g008efpdg,2023-09-08 15.13.59,CANCELLED,cj8k21a9io6g008bkv40,846500,BMW,4 Series,"BMW i4 M50 83.9 kWh, 544hp, 2023",Red,2023,11210
cjtjogq9io6g008efqkg,2023-09-08 15.22.44,RETURNED,cg291vq23akg00d8jt60,419100,Tesla,Model 3,"Tesla Model 3 Long Range, 287hp, 2019",Black,2019,72460
cjtkns29io6g008eg080,2023-09-08 16.29.37,COMPLETED,ci9a6k29io6g00a58lt0,283100,Peugeot,208,"Peugeot e-208, 136hp, 2022",Yellow,2022,10180
cju4hh29io6g00elce40,2023-09-09 10.28.21,COMPLETED,ci4nf429io6g00c7uomg,400500,Tesla,Model 3,"Tesla Model 3 Long Range AWD, 440hp, 2019",Black,2019,64370
cju75hq9io6g0098jcbg,2023-09-09 13.27.36,COMPLETED,ci867rq9io6g00cf82ig,703300,Tesla,Model Y,"Tesla Model Y Performance, 450hp, 2022",Black,2022,11670
cju7s9i9io6g0098jhi0,2023-09-09 14.16.07,COMPLETED,ciejf9q9io6g00c1np0g,579700,Tesla,Model X,"Tesla Model X 75D, 333hp, 2018",Black,2018,61760
cjuas2a9io6g0098jv0g,2023-09-09 17.40.25,COMPLETED,ciei6ga9io6g00c1nfl0,246000,Volkswagen,Golf,"Volkswagen Golf GTE 1.4 TSI DSG Sequential, 204hp, 2018",Black,2018,82230
cjuqa8q9io6g00a0qe1g,2023-09-10 11.14.43,COMPLETED,ciejbvq9io6g00c1nodg,395400,Tesla,Model 3,"Tesla Model 3 Long Range AWD, 440hp, 2019",Black,2019,73210
cjuqt2q9io6g00a0qid0,2023-09-10 11.54.51,COMPLETED,cin9ini9io6g00fuat6g,614800,Polestar,2,"Polestar 2 Long Range Dual Motor, 408hp, 2023",Black,2023,16410
cjuv2v29io6g00a0r5l0,2023-09-10 16.40.29,COMPLETED,ci876ussfto8gadtho3g,333600,Lynk & Co,01,"Lynk & Co 01 PHEV DCT, 261hp, 2021",Blue,2021,15970
cjv1rjq9io6g00a0rhkg,2023-09-10 19.49.35,RETURNED,cjjs0gq9io6g00c36270,637400,Skoda,Enyaq iV,"Škoda Enyaq iV 80X, 265hp, 2022",Blue,2022,16700
cjvb1qa9io6g00f1j0b0,2023-09-11 06.17.13,COMPLETED,ciuo7sq9io6g00fq3pa0,176000,Renault,ZOE,"Renault ZOE R110 41 kWh, 109hp, 2019",Silver,2019,59060
cjvb6qi9io6g00f1j2og,2023-09-11 06.27.54,COMPLETED,cc9lcq47p4drtvtf8u6g,267600,Volkswagen,Passat,"Volkswagen Passat Variant GTE DSG Sequential, 218hp, 2018",White,2018,74980
cjvcpo29io6g008t8sjg,2023-09-11 08.16.32,COMPLETED,cjj5v7i9io6g00e1u6jg,977300,BMW,X5,"BMW X5 xDrive45e iPerformance Steptronic, 394hp, 2022",Brown,2022,22380
cjviabq9io6g00bapsgg,2023-09-11 14.33.19,CANCELLED,chssho29io6g00cqa64g,468500,Polestar,2,"Polestar 2 Long Range Single Motor, 231hp, 2022",Black,2022,56690
cjvidfi9io6g00bapt80,2023-09-11 14.39.58,CANCELLED,chmc5pq9io6g00d95mqg,527200,Volvo,XC40,"Volvo XC40 Recharge Single Motor, 231hp, 2023",Black,2023,5430
cjvigoa9io6g00bapud0,2023-09-11 14.46.57,COMPLETED,cgt4rk223akg0099n8n0,555000,Tesla,Model 3,"Tesla Model 3 Performance, 513hp, 2021",Grey,2021,31720
ck015c29io6g00aj586g,2023-09-12 07.26.40,COMPLETED,cisgsd29io6g009dohdg,414900,Volkswagen,ID.3,"Volkswagen ID.3 Pro Performance, 204hp, 2023",Grey,2023,6590
ck018e29io6g00aj5aeg,2023-09-12 07.33.12,CANCELLED,cgmioua23akg00cdnneg,377900,Tesla,Model 3,"Tesla Model 3 Long Range AWD, 440hp, 2019",White,2019,72850
ck01i729io6g00aj5gd0,2023-09-12 07.54.04,COMPLETED,cijfb429io6g00df8gog,483900,Cupra,Born,"Cupra Born 77 e-boost 77 kWh, 231hp, 2023",Grey,2023,11380
ck038ii9io6g00e3fkng,2023-09-12 09.50.02,COMPLETED,chmc5pq9io6g00d95mqg,527200,Volvo,XC40,"Volvo XC40 Recharge Single Motor, 231hp, 2023",Black,2023,5430
ck092gi9io6g00ckpu80,2023-09-12 16.26.43,COMPLETED,civqh729io6g00de7790,264600,Nissan,Leaf,"Nissan Leaf, 150hp, 2021",Grey,2021,30880
ck0a8ri9io6g00ckq3q0,2023-09-12 17.48.31,COMPLETED,ciarv2a9io6g009535s0,437600,Tesla,Model 3,"Tesla Model 3 Standard Range Plus, 325hp, 2021",White,2021,26490
ck0luvq9io6g00cogqbg,2023-09-13 07.06.40,COMPLETED,chqvnn29io6g00ckas70,599300,Tesla,Model Y,"Tesla Model Y Long Range AWD, 345hp, 2021",White,2021,49560
ck0mtkq9io6g00c4vd90,2023-09-13 08.12.03,COMPLETED,cjacip29io6g0088luj0,674500,Kia,EV6,"Kia EV6 77.4 kWh AWD, 325hp, 2023",Red,2023,12200
ck0r0oq9io6g00dbbqrg,2023-09-13 12.51.47,COMPLETED,cighliq9io6g0085s240,280000,Mini,Countryman,"MINI Cooper SE ALL4 Countryman Automatic, 224hp, 2019",Grey,2019,36290
ck0r4l29io6g00dbbsm0,2023-09-13 13.00.05,COMPLETED,ci87vi4sfto8gadti9q0,379900,Lynk & Co,01,"Lynk & Co 01 PHEV DCT, 261hp, 2022",Black,2022,5020
ck0r7ea9io6g00dbc250,2023-09-13 13.06.01,CANCELLED,ciumcgq9io6g00fq3i20,477800,Volkswagen,Tiguan,"Volkswagen Tiguan eHybrid DSG Sequential, 245hp, 2021",Silver,2021,27830
ck0t6i29io6g00dbd490,2023-09-13 15.20.40,CANCELLED,cj4ap8q9io6g00fl2nk0,524100,Skoda,Enyaq iV,"Škoda Enyaq iV 80, 204hp, 2022",White,2022,14390
ck0vnti9io6g00cqu3h0,2023-09-13 18.14.15,COMPLETED,chvogc29io6g00cj6hkg,438600,Tesla,Model 3,"Tesla Model 3 Performance, 510hp, 2020",Blue,2020,71950
ck19hf29io6g00e280tg,2023-09-14 05.23.08,COMPLETED,c802lrdmmudf9q5l7nr0,214100,Nissan,Leaf,"Nissan Leaf 40 kWh, 149hp, 2019",White,2019,43620
ck1cabi9io6g00fqh9o0,2023-09-14 08.32.47,CANCELLED,cjaa0u29io6g0088l2c0,717800,Tesla,Model S,"Tesla Model S Long Range AWD, 423hp, 2020",Red,2020,35490
ck1elpi9io6g00fqidig,2023-09-14 11.13.42,COMPLETED,ciiht4i9io6g00cefe5g,569400,Volkswagen,ID.4,"Volkswagen ID.4 GTX, 299hp, 2023",White,2023,12450
ck1hfna9io6g00eoag00,2023-09-14 14.25.33,COMPLETED,ci9fvda9io6g00eorv30,952600,Mercedes-Benz,GLE,"Mercedes-Benz GLE 350 de 4MATIC 9G-Tronic, 320hp, 2023",Black,2023,9370
ck1lkk29io6g0097k1s0,2023-09-14 19.09.05,COMPLETED,civqogq9io6g00de7ga0,554000,Polestar,2,"Polestar 2 Long Range Dual Motor, 408hp, 2021",Grey,2021,32410
ck1lmsi9io6g0097k2sg,2023-09-14 19.13.55,CANCELLED,civg2dq9io6g009d6r50,361400,BMW,i3,"BMW i3s 120 Ah, 183hp, 2021",Blue,2021,26630
ck1ohoq9io6g00dshfmg,2023-09-14 22.27.47,CANCELLED,ch9slv29io6g00f4ingg,533400,Hyundai,Ioniq 5,"Hyundai Ioniq 5 72.6 kWh, 218hp, 2022",Grey,2022,39000
ck203va9io6g00d8o0m0,2023-09-15 07.04.30,CANCELLED,cj16fia9io6g00dfqt30,681700,Tesla,Model Y,"Tesla Model Y Long Range AWD, 345hp, 2023",White,2023,7480
ck20afi9io6g00d8o510,2023-09-15 07.18.22,COMPLETED,ceheg5a23akg00futru0,550900,Tesla,Model 3,"Tesla Model 3 Long Range AWD, 440hp, 2022",White,2022,32000
ck20f929io6g00d8o7m0,2023-09-15 07.28.37,COMPLETED,cjaajei9io6g0088lb1g,267600,Kia,Niro,"Kia Niro P-HEV DCT, 141hp, 2020",Black,2020,53770
ck20hti9io6g00d8oa90,2023-09-15 07.34.14,COMPLETED,cg1rfg223akg00d8jiqg,503500,Volkswagen,ID.4,"Volkswagen ID.4 Pro Performance, 204hp, 2022",Grey,2022,12330
ck21jf29io6g00d8otrg,2023-09-15 08.45.49,CANCELLED,cj8b5929io6g008bh5ig,298500,Kia,Optima,"Kia Optima Sport Wagon Plug-in Hybrid Automatic, 205hp, 2020",Black,2020,44850
ck26dci9io6g00d648vg,2023-09-15 14.14.10,COMPLETED,cjj0b8a9io6g00e1s0u0,601400,Kia,EV6,"Kia EV6 77.4 kWh AWD, 325hp, 2022",White,2022,27160
ck26hfq9io6g00d64ji0,2023-09-15 14.22.55,COMPLETED,cii0hpq9io6g00cebtt0,537500,Mercedes-Benz,EQA,"Mercedes-Benz EQA 250, 190hp, 2021",Black,2021,12590
ck26u7a9io6g00d64okg,2023-09-15 14.50.05,CANCELLED,cj02gla9io6g00degk80,733200,Volvo,XC90,"Volvo XC90 T8 AWD Recharge T8 TwEn AWD Geartronic, 392hp, 2021",Grey,2021,51840
ck279529io6g00d64rrg,2023-09-15 15.13.25,COMPLETED,cjf4nv29io6g00cd42j0,272800,Kia,Optima,"Kia Optima Sport Wagon Plug-in Hybrid Automatic, 205hp, 2018",Black,2018,45470
ck27e2i9io6g00d64tcg,2023-09-15 15.23.54,CANCELLED,ci4mm7a9io6g00c7u51g,483900,Tesla,Model 3,"Tesla Model 3 Long Range AWD, 440hp, 2021",White,2021,63870
ck27gna9io6g00d64u8g,2023-09-15 15.29.34,CANCELLED,ci6rq9a9io6g00cf1ap0,283100,BMW,i3,"BMW i3s 120 Ah, 183hp, 2019",Blue,2019,65470
ck28qcq9io6g00d656jg,2023-09-15 16.58.28,CANCELLED,cevdkmi23akg00akl6m0,452000,Tesla,Model 3,"Tesla Model 3, 325hp, 2022",White,2022,10410
ck294829io6g00d658fg,2023-09-15 17.19.28,COMPLETED,cj6k0aa9io6g00b0vfgg,646700,Audi,Q4 e-tron,"Audi Q4 50 e-tron quattro, 299hp, 2022",Grey,2022,9920
ck2msva9io6g00d673bg,2023-09-16 08.59.42,COMPLETED,ch3fdqq9io6g00bc1kf0,511800,Skoda,Enyaq iV,"Skoda Enyaq iV 80 82 kWh, 204hp, 2021",Silver,2021,28160
ck2pao29io6g00d67i1g,2023-09-16 11.45.37,COMPLETED,ciqmkhi9io6g009474ng,403600,BMW,5 Series,"BMW 530e xDrive iPerformance Sedan Steptronic, 252hp, 2020",Blue,2020,39000
ck2r4429io6g00d680fg,2023-09-16 13.48.01,CANCELLED,cjholni9io6g00ck1k6g,450000,Tesla,Model 3,"Tesla Model 3 Standard Range Plus, 325hp, 2021",White,2021,29790
ck3e7rq9io6g00eipng0,2023-09-17 11.33.04,COMPLETED,cclhv16dm13r6ukq3k3g,477800,Tesla,Model S,"Tesla Model S 75D, 333hp, 2018",Blue,2018,64260
ck3epra9io6g00eipr7g,2023-09-17 12.11.26,CANCELLED,cjk77ii9io6g00ehq9g0,664200,Tesla,Model Y,"Tesla Model Y Long Range AWD, 345hp, 2022",White,2022,23040
ck3g40q9io6g00eiq4k0,2023-09-17 13.41.24,COMPLETED,ceu0bnq23akg00am7d3g,482900,Polestar,2,"Polestar 2 Standard Range Single Motor, 224hp, 2022",Blue,2022,35500
ck3mccq9io6g00eir2o0,2023-09-17 20.48.51,COMPLETED,cjctn529io6g00c20vdg,321200,Nissan,Leaf,"Nissan Leaf e+, 217hp, 2021",White,2021,16950
ck3u7fi9io6g008okh70,2023-09-18 05.44.30,COMPLETED,chv0bjq9io6g008qdfcg,657000,Volvo,C40,"Volvo C40 Recharge Twin motor, 408hp, 2023",Black,2023,6770
ck4355a9io6g00ebcncg,2023-09-18 11.20.54,COMPLETED,cgmioua23akg00cdnneg,377900,Tesla,Model 3,"Tesla Model 3 Long Range AWD, 440hp, 2019",White,2019,72850
ck43c0q9io6g00ebcqtg,2023-09-18 11.35.31,COMPLETED,cj4ap8q9io6g00fl2nk0,524100,Skoda,Enyaq iV,"Škoda Enyaq iV 80, 204hp, 2022",White,2022,14390
ck43uri9io6g00ebd4vg,2023-09-18 12.15.42,CANCELLED,chsri4a9io6g00cq9oog,435500,Tesla,Model S,"Tesla Model S 75, 320hp, 2017",White,2017,62020
ck44kfa9io6g00ebdh50,2023-09-18 13.01.50,CANCELLED,cj3orca9io6g00f6b3q0,447400,Tesla,Model 3,"Tesla Model 3 Long Range AWD, 440hp, 2019",White,2019,40780
ck44mti9io6g00ebdj00,2023-09-18 13.07.02,CANCELLED,cfbs2ka23akg00d3k030,420600,Tesla,Model 3,"Tesla Model 3 Long Range AWD, 440hp, 2020",White,2020,84910
ck44og29io6g00ebdka0,2023-09-18 13.10.24,CANCELLED,ciqrg8a9io6g00947oig,403100,Tesla,Model 3,"Tesla Model 3 Long Range AWD, 440hp, 2020",Black,2020,88360
ck44r4i9io6g00ebdm8g,2023-09-18 13.16.02,CANCELLED,cikrg2i9io6g00a4704g,515900,Tesla,Model 3,"Tesla Model 3 Long Range AWD, 440hp, 2021",White,2021,58260
ck46a1i9io6g00e5h740,2023-09-18 14.56.07,CANCELLED,cii1no29io6g00cecdd0,520000,Mercedes-Benz,EQA,"Mercedes-Benz EQA 250, 190hp, 2021",Grey,2021,5200
ck46h3a9io6g00e5ha70,2023-09-18 15.11.09,CANCELLED,chl6dqa9io6g00do56k0,650800,Tesla,Model S,"Tesla Model S Long Range AWD, 423hp, 2020",White,2020,61710
ck46li29io6g00e5hbc0,2023-09-18 15.20.41,COMPLETED,ci8q33i9io6g00f1s8tg,589000,Tesla,Model S,"Tesla Model S 100D, 423hp, 2019",Blue,2019,83970
ck479pi9io6g00e5hip0,2023-09-18 16.03.51,COMPLETED,cjab3ri9io6g0088lhp0,320200,BMW,3 Series,"BMW 330e Sedan Steptronic, 252hp, 2018",Grey,2018,48570
ck49vmq9io6g00e5i5dg,2023-09-18 19.07.07,CANCELLED,ci642ha9io6g00ceu0j0,824900,BMW,X5,"BMW X5 xDrive45e iPerformance Steptronic, 394hp, 2020",White,2020,35300
ck4lot29io6g00eb81rg,2023-09-19 08.31.48,COMPLETED,cjcur4q9io6g00c21fr0,414900,Volkswagen,ID.4,"Volkswagen ID.4 Pure Performance, 170hp, 2021",Grey,2021,20280
ck4mg7q9io6g00eb8lrg,2023-09-19 09.21.35,COMPLETED,cdd75nvggblbac1bg0jg,432400,Tesla,Model 3,"Tesla Model 3 Long Range AWD, 440hp, 2020",White,2020,61750
ck4mivq9io6g00eb8mpg,2023-09-19 09.27.28,COMPLETED,ci86k54sfto8gadth9o0,325300,Lynk & Co,01,"Lynk & Co 01 PHEV DCT, 261hp, 2021",Blue,2021,11510
ck4mkei9io6g00eb8nh0,2023-09-19 09.30.35,CANCELLED,ci82to29io6g00cf61j0,642600,Tesla,Model S,"Tesla Model S Long Range AWD, 423hp, 2020",Grey,2020,49230
ck4n1vi9io6g00eb91lg,2023-09-19 09.59.27,COMPLETED,cj9l38q9io6g009tbdmg,584900,Skoda,Enyaq iV,"Škoda Enyaq iV 80, 204hp, 2022",Grey,2022,17440
ck4nba29io6g00eb94p0,2023-09-19 10.19.20,COMPLETED,ci7vtuq9io6g00cf4ccg,1229700,Tesla,Model X,"Tesla Model X, 670hp, 2023",White,2023,1340
ck4qcg29io6g00a86o60,2023-09-19 13.46.41,CANCELLED,cjb1nia9io6g00c1nq70,604500,Mercedes-Benz,GLC,"Mercedes-Benz GLC 300 e Coupé 4MATIC 9G-Tronic, 320hp, 2021",Black,2021,40310
ck4qq229io6g00a8732g,2023-09-19 14.15.36,COMPLETED,cjgr8vq9io6g00b69qdg,235700,Volkswagen,Golf,"Volkswagen e-Golf, 136hp, 2018",White,2018,38120
ck4sfua9io6g00a87fs0,2023-09-19 16.10.33,COMPLETED,cjk77ii9io6g00ehq9g0,664200,Tesla,Model Y,"Tesla Model Y Long Range AWD, 345hp, 2022",White,2022,23040
ck4v7f29io6g00a87q3g,2023-09-19 19.17.16,COMPLETED,cir3jfi9io6g00cancfg,290300,BMW,i3,"BMW i3s 120 Ah, 183hp, 2020",White,2020,17860
ck4vi1i9io6g00cpi1tg,2023-09-19 19.39.50,COMPLETED,c802lp5mmudf9q5l7mpg,377900,Tesla,Model 3,"Tesla Model 3 Standard Range Plus, 258hp, 2019",Black,2019,65710
ck597ni9io6g00fu6kj0,2023-09-20 06.40.30,COMPLETED,cjp0uvq9io6g00cfas40,460300,Tesla,Model 3,"Tesla Model 3 Long Range AWD, 440hp, 2020",White,2020,27870
ck5ejgq9io6g009kj81g,2023-09-20 12.47.00,CANCELLED,cj92jea9io6g009t6mf0,421100,Tesla,Model 3,"Tesla Model 3 Long Range AWD, 440hp, 2020",Grey,2020,84180
ck5f4g29io6g009kjhvg,2023-09-20 13.23.12,COMPLETED,civg2dq9io6g009d6r50,361400,BMW,i3,"BMW i3s 120 Ah, 183hp, 2021",Blue,2021,26630
ck5hfmq9io6g009kko4g,2023-09-20 16.03.39,CANCELLED,chgcpqa9io6g00a494fg,575600,Tesla,Model X,"Tesla Model X 90D, 423hp, 2017",Black,2017,83550
ck5hk2a9io6g009kkou0,2023-09-20 16.12.58,COMPLETED,ci87gbksfto8gadthv00,348000,Lynk & Co,01,"Lynk & Co 01 PHEV DCT, 261hp, 2021",Black,2021,16190
ck5kmva9io6g00aekgeg,2023-09-20 19.43.58,CANCELLED,cjk5avq9io6g00cksnn0,385100,BMW,3 Series,"BMW 330e Sedan Steptronic, 292hp, 2020",Black,2020,34270
ck5tmbq9io6g009njq00,2023-09-21 05.57.03,CANCELLED,chrm1ti9io6g00a1e0i0,427300,Tesla,Model 3,"Tesla Model 3 Long Range AWD, 440hp, 2020",White,2020,74910
ck5ue2i9io6g009nk52g,2023-09-21 06.47.38,COMPLETED,ci9e9la9io6g00ecbu50,1290400,Tesla,Model X,"Tesla Model X Plaid, 1020hp, 2023",White,2023,16310
ck5vpfq9io6g009nkr40,2023-09-21 08.20.16,CANCELLED,civc6229io6g009d2qr0,423200,Tesla,Model 3,"Tesla Model 3 Long Range AWD, 440hp, 2019",Black,2019,71140
ck60mtq9io6g00fct730,2023-09-21 09.23.04,COMPLETED,circ2ea9io6g00cartlg,749700,Volvo,XC90,"Volvo XC90 T8 AWD Recharge T8 TwEn AWD Geartronic, 392hp, 2021",Black,2021,58060
ck610ga9io6g00fct9i0,2023-09-21 09.43.29,COMPLETED,cie84pq9io6g00c1mk8g,509700,Tesla,Model 3,"Tesla Model 3 Long Range AWD, 440hp, 2021",White,2021,22470
ck61hfi9io6g00fctds0,2023-09-21 10.19.42,COMPLETED,cj4d62i9io6g00fl3t8g,483900,Volkswagen,ID.4,"Volkswagen ID.4 Pro Performance, 204hp, 2022",Blue,2022,130
ck625r29io6g00au1670,2023-09-21 11.03.08,COMPLETED,cjegb1q9io6g00cvhoj0,473600,Tesla,Model 3,"Tesla Model 3 Long Range AWD, 440hp, 2020",White,2020,18310
ck627f29io6g00au17c0,2023-09-21 11.06.37,COMPLETED,cj9kasa9io6g009tb0v0,296500,BMW,i3,"BMW i3s 120 Ah, 183hp, 2020",White,2020,24860
ck62koq9io6g00au1dn0,2023-09-21 11.34.59,COMPLETED,cis24ui9io6g00d7651g,419100,Tesla,Model 3,"Tesla Model 3 Long Range AWD, 440hp, 2019",Blue,2019,57070
ck6383q9io6g00au1rcg,2023-09-21 12.16.16,COMPLETED,cj12mna9io6g00dflrb0,339700,Skoda,Octavia,"Škoda Octavia Combi iV DSG Sequential, 204hp, 2021",Blue,2021,40360
ck647iq9io6g00au2rf0,2023-09-21 13.23.24,COMPLETED,ci86gr4sfto8gadth7k0,363400,Lynk & Co,01,"Lynk & Co 01 PHEV DCT, 261hp, 2022",Black,2022,13090
ck65i4i9io6g00c6991g,2023-09-21 14.54.10,COMPLETED,chkave29io6g0089jeg0,422100,BMW,5 Series,"BMW 530e xDrive iPerformance Sedan Steptronic, 252hp, 2020",White,2020,31960
ck65nci9io6g00c69atg,2023-09-21 15.05.23,COMPLETED,cj3orca9io6g00f6b3q0,450000,Tesla,Model 3,"Tesla Model 3 Long Range AWD, 440hp, 2019",White,2019,40780
ck65o2q9io6g00c69bcg,2023-09-21 15.06.51,COMPLETED,cfbs2ka23akg00d3k030,423200,Tesla,Model 3,"Tesla Model 3 Long Range AWD, 440hp, 2020",White,2020,84910
ck65ojq9io6g00c69bu0,2023-09-21 15.08.00,COMPLETED,ciqrg8a9io6g00947oig,405700,Tesla,Model 3,"Tesla Model 3 Long Range AWD, 440hp, 2020",Black,2020,88360
ck693t29io6g009io3d0,2023-09-21 18.56.52,RETURNED,ci86q1ssfto8gadthdtg,340800,Lynk & Co,01,"Lynk & Co 01 PHEV DCT, 261hp, 2021",Blue,2021,23040
ck6b1ka9io6g009iod10,2023-09-21 21.08.33,COMPLETED,cak9e9ulpk5k71quko20,611700,Tesla,Model Y,"Tesla Model Y Long Range AWD, 345hp, 2021",Red,2021,41370
ck6ndja9io6g00e2vbd0,2023-09-22 11.13.17,COMPLETED,ci4mm7a9io6g00c7u51g,483900,Tesla,Model 3,"Tesla Model 3 Long Range AWD, 440hp, 2021",White,2021,63870
ck6no5q9io6g00e2vhn0,2023-09-22 11.35.51,CANCELLED,cesabdq23akg00cq7b20,315000,BMW,5 Series,"BMW 530e iPerformance Sedan Steptronic, 252hp, 2018",Grey,2018,80910
ck6peoa9io6g00e30m9g,2023-09-22 13.32.18,COMPLETED,cjm56fi9io6g00bt0og0,510700,Kia,EV6,"Kia EV6 77.4 kWh, 228hp, 2022",Red,2022,15150
ck6qada9io6g00fkacn0,2023-09-22 14.31.18,CANCELLED,ch9slv29io6g00f4ingg,529300,Hyundai,Ioniq 5,"Hyundai Ioniq 5 72.6 kWh, 218hp, 2022",Grey,2022,39000
ck6qofi9io6g00fkal6g,2023-09-22 15.01.19,COMPLETED,cjam3kq9io6g0088obbg,235700,Nissan,Leaf,"Nissan Leaf, 150hp, 2019",Grey,2019,26770
ck6s5bi9io6g00fkatd0,2023-09-22 16.37.03,COMPLETED,cguloaa23akg0099tqr0,409800,Volvo,V60,"Volvo V60 T6 AWD Recharge T6 TwEn AWD Geartronic, 340hp, 2021",Black,2021,42650
ck7bkaa9io6g009a3j9g,2023-09-23 10.12.58,COMPLETED,cietgea9io6g00eu8rn0,226400,Nissan,Leaf,"Nissan Leaf, 150hp, 2019",White,2019,46670
ck7ejoq9io6g009a443g,2023-09-23 13.36.35,COMPLETED,ci86l44sfto8gadtha8g,333600,Lynk & Co,01,"Lynk & Co 01 PHEV DCT, 261hp, 2021",Blue,2021,13990
ck7gu9i9io6g009a4gd0,2023-09-23 16.15.34,COMPLETED,ci87rnksfto8gadti75g,374800,Lynk & Co,01,"Lynk & Co 01 PHEV DCT, 261hp, 2022",Blue,2022,4830
ck80rt29io6g00ce119g,2023-09-24 10.22.44,COMPLETED,cir8eh29io6g00caqi60,274900,BMW,i3,"BMW i3s 120 Ah, 183hp, 2019",Red,2019,44400
ck81jqi9io6g00ce16kg,2023-09-24 11.13.46,CANCELLED,cjd9enq9io6g00aj2n00,556000,Volvo,XC40,"Volvo XC40 P8 AWD Recharge, 408hp, 2021",Green,2021,25180
ck8a3ta9io6g00enpdug,2023-09-24 20.54.13,COMPLETED,cj20iua9io6g00f4n58g,524100,Tesla,Model 3,"Tesla Model 3 Long Range AWD, 440hp, 2021",Red,2021,29120
ck8lp629io6g00d0ikrg,2023-09-25 10.10.32,RETURNED,ci48ioq9io6g00c7rkj0,373700,Tesla,Model 3,"Tesla Model 3 Standard Range Plus, 258hp, 2020",White,2020,61390
ck8lt5i9io6g00d0inv0,2023-09-25 10.19.02,COMPLETED,cj0f7ti9io6g00dev990,617800,Skoda,Enyaq iV,"Škoda Enyaq iV 80X, 265hp, 2022",Silver,2022,10230
ck8m0vi9io6g00d0iqh0,2023-09-25 10.27.10,COMPLETED,cj5jsl29io6g00ap00p0,627100,Skoda,Enyaq iV,"Škoda Enyaq iV 80X, 265hp, 2023",Blue,2023,7140
ck8m1vq9io6g00d0ir2g,2023-09-25 10.29.20,COMPLETED,ci1f79i9io6g008jmh7g,439700,Skoda,Enyaq iV,"Škoda Enyaq iV 60, 180hp, 2022",Blue,2022,1570
ck8m2ki9io6g00d0irr0,2023-09-25 10.30.43,COMPLETED,ci07uli9io6g00ectc8g,580800,Skoda,Enyaq iV,"Skoda Enyaq iV 80X, 265hp, 2022",Grey,2022,16940
ck8mpfi9io6g008lam6g,2023-09-25 11.19.27,COMPLETED,civc6229io6g009d2qr0,423200,Tesla,Model 3,"Tesla Model 3 Long Range AWD, 440hp, 2019",Black,2019,71140
ck8nh5i9io6g008lb1l0,2023-09-25 12.09.58,COMPLETED,cj14tqi9io6g00dfostg,512800,Polestar,2,"Polestar 2 Standard Range Single Motor, 231hp, 2023",Silver,2023,11610
ck8o6dq9io6g008lbd1g,2023-09-25 12.55.20,CANCELLED,ce7frulonks30g59ous0,661100,Tesla,Model Y,"Tesla Model Y Long Range AWD, 345hp, 2022",Grey,2022,26250
ck8pd5q9io6g008lcc90,2023-09-25 14.17.59,COMPLETED,chk8mcq9io6g0089j630,412000,Seat,Tarraco,"SEAT Tarraco PHEV DSG Sequential, 245hp, 2021",White,2021,37040
ck8phhi9io6g008lcfkg,2023-09-25 14.27.18,CANCELLED,cik0g2a9io6g00dfc3lg,428300,Mercedes-Benz,C-Class,"Mercedes-Benz C 300 e 4MATIC 9G-Tronic, 320hp, 2021",Black,2021,31290
ck8qafq9io6g008lcpm0,2023-09-25 15.20.31,COMPLETED,ch9slv29io6g00f4ingg,529300,Hyundai,Ioniq 5,"Hyundai Ioniq 5 72.6 kWh, 218hp, 2022",Grey,2022,39000
ck8qlji9io6g008ld080,2023-09-25 15.44.14,COMPLETED,cevdkmi23akg00akl6m0,452000,Tesla,Model 3,"Tesla Model 3, 325hp, 2022",White,2022,10410
ck8rukq9io6g00bd8s7g,2023-09-25 17.11.47,COMPLETED,cj5208q9io6g00a390f0,245000,Volkswagen,Passat,"Volkswagen Passat Variant GTE DSG Sequential, 218hp, 2017",White,2017,75630
ck907oq9io6g00bd9h0g,2023-09-25 22.04.20,CANCELLED,calkfq9k8icri89092lg,391200,Tesla,Model S,"Tesla Model S 75, 320hp, 2017",Blue,2017,71280
ck98of29io6g00bdb6u0,2023-09-26 07.46.05,COMPLETED,cj16fia9io6g00dfqt30,666300,Tesla,Model Y,"Tesla Model Y Long Range AWD, 345hp, 2023",White,2023,7480
ck98r8q9io6g00bdb9cg,2023-09-26 07.52.03,COMPLETED,cj92jea9io6g009t6mf0,421100,Tesla,Model 3,"Tesla Model 3 Long Range AWD, 440hp, 2020",Grey,2020,84180
ck99lli9io6g00fm5vkg,2023-09-26 08.48.22,COMPLETED,cir4c7a9io6g00cao94g,293400,Kia,Optima,"Kia Optima Sport Wagon Plug-in Hybrid Automatic, 205hp, 2020",White,2020,42780
ck9af1i9io6g00fm6cbg,2023-09-26 09.42.31,COMPLETED,cjoadaa9io6g009baimg,545700,Tesla,Model 3,"Tesla Model 3 Long Range AWD, 440hp, 2022",Grey,2022,48140
ck9bhma9io6g00cjjlpg,2023-09-26 10.56.25,CANCELLED,cg8ruji23akg00c9dc9g,517900,Tesla,Model 3,"Tesla Model 3 Long Range AWD, 440hp, 2022",White,2022,63900
ck9e0oi9io6g00cjkthg,2023-09-26 13.45.06,COMPLETED,cie2gni9io6g00c1kfkg,212000,Nissan,Leaf,"Nissan Leaf, 150hp, 2018",Green,2018,45280
ck9in6a9io6g00fe75o0,2023-09-26 19.06.01,COMPLETED,cihtfca9io6g009b45bg,283100,Kia,Ceed,"Kia Ceed Sportswagon Plug-in Hybrid DCT, 141hp, 2020",White,2020,17890
ck9ir129io6g00bv63v0,2023-09-26 19.14.13,CANCELLED,cj6bm7q9io6g00b0rmm0,533400,Kia,Sorento,"Kia Sorento PHEV Automatic, 265hp, 2021",White,2021,27640
ck9jd5a9io6g00bv69i0,2023-09-26 19.52.54,COMPLETED,chgcpqa9io6g00a494fg,575600,Tesla,Model X,"Tesla Model X 90D, 423hp, 2017",Black,2017,83550
cka0bgi9io6g00bvca80,2023-09-27 10.36.51,CANCELLED,cgtgqj223akg0099of9g,375800,Tesla,Model 3,"Tesla Model 3 Standard Range Plus, 258hp, 2020",Grey,2020,63900
cka10k29io6g00bvchmg,2023-09-27 11.21.53,COMPLETED,ci7e4h29io6g00cf2is0,214100,BMW,2 Series Active/Gran Tourer,"BMW 225xe Active Tourer Steptronic, 224hp, 2017",White,2017,79270
cka17a29io6g00bvcjv0,2023-09-27 11.36.09,COMPLETED,cesabdq23akg00cq7b20,315000,BMW,5 Series,"BMW 530e iPerformance Sedan Steptronic, 252hp, 2018",Grey,2018,80910
cka1j3q9io6g00bvcqng,2023-09-27 12.01.19,COMPLETED,cjet48q9io6g008p9pl0,355200,MG,ZS SUV,"MG ZS EV Long Range, 156hp, 2022",Blue,2022,1290
cka1odi9io6g00bvcsi0,2023-09-27 12.12.39,CANCELLED,cj9ncsi9io6g0088gsug,504500,Tesla,Model S,"Tesla Model S 75D, 333hp, 2018",Grey,2018,52970
cka1vhi9io6g00bvcuf0,2023-09-27 12.27.50,COMPLETED,cfc0q7i23akg00d3k9o0,585900,Polestar,2,"Polestar 2 Long Range Dual Motor, 408hp, 2021",White,2021,11400
cka20029io6g00bvcv30,2023-09-27 12.28.49,CANCELLED,cji9cea9io6g0093q3jg,258400,Nissan,Leaf,"Nissan Leaf, 150hp, 2021",White,2021,11410
cka389i9io6g00938hlg,2023-09-27 13.54.46,COMPLETED,cj0f3n29io6g00dev3lg,420100,Tesla,Model 3,"Tesla Model 3 Long Range AWD, 440hp, 2020",White,2020,79610
cka3jia9io6g00938u70,2023-09-27 14.18.49,COMPLETED,ci87bv4sfto8gadthrrg,333600,Lynk & Co,01,"Lynk & Co 01 PHEV DCT, 261hp, 2021",Black,2021,9930
cka4f729io6g00939gg0,2023-09-27 15.17.48,COMPLETED,ci8knh29io6g00cf8q30,367600,Lynk & Co,01,"Lynk & Co 01 PHEV DCT, 261hp, 2022",Black,2022,4570
cka51la9io6g00939ll0,2023-09-27 15.57.09,CANCELLED,cik0r8q9io6g00dfc820,215100,Renault,ZOE,"Renault ZOE R110 52 kWh, 109hp, 2020",Black,2020,22070
cka5qli9io6g00939qeg,2023-09-27 16.50.30,COMPLETED,cisgmga9io6g009doeeg,525100,Tesla,Model 3,"Tesla Model 3 Performance, 513hp, 2021",Grey,2021,50540
cka6cl29io6g00939u00,2023-09-27 17.28.53,CANCELLED,cinth3i9io6g00cls4ag,396400,Tesla,Model 3,"Tesla Model 3 Standard Range Plus, 258hp, 2020",White,2020,54530
ckajuka9io6g00d73o80,2023-09-28 08.54.42,COMPLETED,cjdjc5q9io6g00ac4nd0,468500,Tesla,Model S,"Tesla Model S 90D, 423hp, 2016",Grey,2016,80640
ckakdvq9io6g00d740lg,2023-09-28 09.27.27,COMPLETED,ch03e2i23akg009dmncg,669300,Tesla,Model Y,"Tesla Model Y Performance, 450hp, 2022",Black,2022,9260
ckaklbi9io6g00did7kg,2023-09-28 09.43.10,COMPLETED,cgn6v7q23akg008j5m1g,648700,Tesla,Model Y,"Tesla Model Y Performance, 450hp, 2022",Black,2022,18130
ckali729io6g00didm2g,2023-09-28 10.44.45,COMPLETED,cilai0q9io6g00a48hh0,436600,Volvo,XC40,"Volvo XC40 T5 Recharge T5 TwEn DCT, 262hp, 2021",Grey,2021,50600
ckalud29io6g00dids30,2023-09-28 11.10.45,RETURNED,cgi8mh223akg00c45kr0,363400,Volkswagen,ID.3,"Volkswagen ID.3 Pro Performance, 204hp, 2021",Grey,2021,36850
ckap8aq9io6g00f8osrg,2023-09-28 14.56.44,COMPLETED,cj959da9io6g009t7sng,590000,Tesla,Model Y,"Tesla Model Y Long Range AWD, 345hp, 2021",Grey,2021,37670
ckap8ta9io6g00f8otc0,2023-09-28 14.57.57,COMPLETED,cg9232a23akg00ed2mr0,522100,Tesla,Model 3,"Tesla Model 3 Long Range AWD, 440hp, 2021",White,2021,43480
ckb716a9io6g00fo3v70,2023-09-29 06.37.13,COMPLETED,cii1no29io6g00cecdd0,499400,Mercedes-Benz,EQA,"Mercedes-Benz EQA 250, 190hp, 2021",Grey,2021,5200
ckb7u829io6g00fo4eq0,2023-09-29 07.39.12,CANCELLED,cji9cea9io6g0093q3jg,258400,Nissan,Leaf,"Nissan Leaf, 150hp, 2021",White,2021,11410
ckb80m29io6g00fo4hsg,2023-09-29 07.44.25,COMPLETED,cfl12j223akg0088eh90,540600,Kia,Sorento,"Kia Sorento PHEV Automatic, 265hp, 2021",White,2021,34820
ckb8fcq9io6g00brjtag,2023-09-29 08.15.48,COMPLETED,cj0mc1a9io6g00df81bg,178000,Renault,ZOE,"Renault ZOE R110 41 kWh, 109hp, 2019",,2019,34230
ckb8se29io6g00brk5bg,2023-09-29 08.43.37,COMPLETED,cir4voi9io6g00caonmg,282200,Mitsubishi,Outlander,"Mitsubishi Outlander P-HEV 2.4 Hybrid 4WD CVT, 230hp, 2019",White,2019,79290
ckba02a9io6g00brkjd0,2023-09-29 09.59.38,COMPLETED,cjuqq0q9io6g00a0qhf0,652900,BMW,X3,"BMW X3 xDrive30e Steptronic, 292hp, 2022",Grey,2022,18680
ckbbn1i9io6g00brlk7g,2023-09-29 11.56.54,CANCELLED,ci8818csfto8gadtib0g,360300,Lynk & Co,01,"Lynk & Co 01 PHEV DCT, 261hp, 2022",Blue,2022,3280
ckbdfn29io6g0085m230,2023-09-29 13.57.49,COMPLETED,cgau34223akg00e9eeqg,240900,BMW,2 Series Active/Gran Tourer,"BMW 225xe Active Tourer Steptronic, 224hp, 2018",White,2018,44610
ckbe51a9io6g0085mfgg,2023-09-29 14.43.17,CANCELLED,cj0nsgi9io6g00df9k80,450000,Tesla,Model 3,"Tesla Model 3 Long Range AWD, 440hp, 2020",Black,2020,61260
ckbeari9io6g0085mk0g,2023-09-29 14.55.42,COMPLETED,cibe0n29io6g009547kg,475700,Tesla,Model 3,"Tesla Model 3 Performance, 513hp, 2021",Red,2021,59450
ckbtf129io6g00bctm00,2023-09-30 08.08.37,CANCELLED,cji9b829io6g0093q39g,241900,Nissan,Leaf,"Nissan Leaf, 150hp, 2021",Red,2021,25000
ckbuj4q9io6g00bctslg,2023-09-30 09.25.39,COMPLETED,cfebtsi23akg00ehe720,428300,Tesla,Model 3,"Tesla Model 3 Long Range AWD, 440hp, 2019",Red,2019,66520
ckbv6ji9io6g00bcu14g,2023-09-30 10.07.11,CANCELLED,cjholni9io6g00ck1k6g,431400,Tesla,Model 3,"Tesla Model 3 Standard Range Plus, 325hp, 2021",White,2021,29790
ckbvj329io6g00bcu3k0,2023-09-30 10.33.48,COMPLETED,cji98bi9io6g0093q1c0,247000,Nissan,Leaf,"Nissan Leaf, 150hp, 2021",Grey,2021,22630
ckc0eo29io6g00bcu7p0,2023-09-30 11.32.49,COMPLETED,civ62j29io6g009cqqi0,592100,Polestar,2,"Polestar 2 Long Range Dual Motor, 408hp, 2021",White,2021,25550
ckc1da29io6g00bcuct0,2023-09-30 12.38.01,COMPLETED,civ7j4q9io6g009ct17g,603400,Tesla,Model Y,"Tesla Model Y Long Range AWD, 345hp, 2021",Blue,2021,43650
ckcj36i9io6g008knqf0,2023-10-01 08.45.15,CANCELLED,ci642ha9io6g00ceu0j0,803200,BMW,X5,"BMW X5 xDrive45e iPerformance Steptronic, 394hp, 2020",White,2020,35300
ckcj7329io6g008knrbg,2023-10-01 08.53.33,CANCELLED,ce7lao5onks30g59p3ng,285200,Kia,Ceed,"Kia XCeed Plug-in Hybrid DCT, 141hp, 2021",Yellow,2021,25110
ckcj8s29io6g008knrvg,2023-10-01 08.57.20,COMPLETED,cg4cp0i23akg00f77r20,423200,BMW,5 Series,"BMW 530e iPerformance Sedan Steptronic, 252hp, 2019",Black,2019,55030
ckcmlba9io6g008kofb0,2023-10-01 12.48.46,CANCELLED,ciohoui9io6g00b6f560,616800,Polestar,2,"Polestar 2 Long Range Dual Motor, 408hp, 2023",White,2023,20720
ckd830a9io6g00fbft4g,2023-10-02 08.38.26,COMPLETED,c802lvtmmudf9q5l7q10,170800,Renault,ZOE,"Renault ZOE R110 41 kWh, 109hp, 2019",White,2019,75430
ckd8dma9io6g00fbg2tg,2023-10-02 09.01.14,COMPLETED,cjb1nia9io6g00c1nq70,604500,Mercedes-Benz,GLC,"Mercedes-Benz GLC 300 e Coupé 4MATIC 9G-Tronic, 320hp, 2021",Black,2021,40310
ckd8p2q9io6g00fbg7qg,2023-10-02 09.25.32,COMPLETED,cji9cea9io6g0093q3jg,258400,Nissan,Leaf,"Nissan Leaf, 150hp, 2021",White,2021,11410
ckdbl3i9io6g00fbhnv0,2023-10-02 12.41.50,COMPLETED,cj4kui29io6g00fe8m30,323300,Nissan,Leaf,"Nissan Leaf e+, 217hp, 2021",Grey,2021,33100
ckdd3ri9io6g00dgpu0g,2023-10-02 14.21.34,COMPLETED,cjigstq9io6g009b38h0,566300,Skoda,Enyaq iV,"Škoda Enyaq iV 80, 204hp, 2021",Black,2021,52850
ckdd8b29io6g00dgq0h0,2023-10-02 14.31.08,COMPLETED,cc17hr5g1mskjr6rd170,469500,BMW,X1,"BMW X1 xDrive25e Steptronic, 220hp, 2022",Black,2022,13160
ckdda2q9io6g00dgq1eg,2023-10-02 14.34.52,CANCELLED,ci873p4sfto8gadthlfg,331500,Lynk & Co,01,"Lynk & Co 01 PHEV DCT, 261hp, 2021",Black,2021,9440
ckdu8029io6g0080qh20,2023-10-03 09.50.57,COMPLETED,cik0r8q9io6g00dfc820,215100,Renault,ZOE,"Renault ZOE R110 52 kWh, 109hp, 2020",Black,2020,22070
ckdujmi9io6g0080qrr0,2023-10-03 10.15.55,CANCELLED,cac7j77hagiohktuk610,632300,Polestar,2,"Polestar 2 Long Range Dual, 408hp, 2022",White,2022,7980
cke0qtq9io6g009uu4c0,2023-10-03 12.47.51,CANCELLED,ci8rb329io6g00a57p3g,693000,Tesla,Model Y,"Tesla Model Y Performance, 450hp, 2022",Black,2022,26340
cke15vi9io6g009uua90,2023-10-03 13.11.27,RETURNED,ciajjvq9io6g00952fe0,417000,Tesla,Model 3,"Tesla Model 3 Long Range, 287hp, 2019",Black,2019,63760
cke1n3a9io6g009uunb0,2023-10-03 13.47.58,COMPLETED,cjuatja9io6g0098jvfg,246000,Renault,ZOE,"Renault ZOE R135 52 kWh, 136hp, 2020",Grey,2020,27580
cke29ca9io6g009uv2m0,2023-10-03 14.26.58,COMPLETED,ce7frulonks30g59ous0,646700,Tesla,Model Y,"Tesla Model Y Long Range AWD, 345hp, 2022",Grey,2022,26250
cke6j0q9io6g00f4fpug,2023-10-03 19.20.35,COMPLETED,cj8b5929io6g008bh5ig,292400,Kia,Optima,"Kia Optima Sport Wagon Plug-in Hybrid Automatic, 205hp, 2020",Black,2020,44850
ckehk5q9io6g00dc3ncg,2023-10-04 07.54.00,COMPLETED,chssho29io6g00cqa64g,450000,Polestar,2,"Polestar 2 Long Range Single Motor, 231hp, 2022",Black,2022,56690
ckei1pi9io6g00dc3sj0,2023-10-04 08.23.03,COMPLETED,ci873p4sfto8gadthlfg,331500,Lynk & Co,01,"Lynk & Co 01 PHEV DCT, 261hp, 2021",Black,2021,9440
ckeisfq9io6g00dc45p0,2023-10-04 09.20.00,RETURNED,cc8b1u7jn6s281s11ebg,417000,Volkswagen,ID.4,Volkswagen ID.4 Pure Performance 170hk City Dragkrok V-hjul,White,2021,18890
ckeku3q9io6g00dc51kg,2023-10-04 11.39.59,COMPLETED,cjpbbaq9io6g00cvq8l0,267600,Kia,Ceed,"Kia Ceed Sportswagon Plug-in Hybrid DCT, 141hp, 2020",Blue,2020,58840
ckel7ba9io6g00dc54d0,2023-10-04 11.59.41,COMPLETED,cji9b829io6g0093q39g,241900,Nissan,Leaf,"Nissan Leaf, 150hp, 2021",Red,2021,25000
ckf907a9io6g008glhj0,2023-10-05 10.29.49,COMPLETED,ci8818csfto8gadtib0g,360300,Lynk & Co,01,"Lynk & Co 01 PHEV DCT, 261hp, 2022",Blue,2022,3280
ckf9m6i9io6g0092ma80,2023-10-05 11.16.43,COMPLETED,chobdaq9io6g0083npu0,513800,Audi,e-tron,"Audi e-tron 55 quattro, 408hp, 2020",Brown,2020,72790
ckf9ve29io6g0092mgu0,2023-10-05 11.36.25,COMPLETED,civ83rq9io6g009ctr8g,567400,Skoda,Enyaq iV,"Škoda Enyaq iV 80, 204hp, 2022",Grey,2022,27350
ckfaf9i9io6g0092mvjg,2023-10-05 12.10.15,CANCELLED,chfth5i9io6g00bgbbng,571500,Tesla,Model Y,"Tesla Model Y Standard Range, 299hp, 2023",White,2023,9540
ckfbmia9io6g0092nkqg,2023-10-05 13.34.01,COMPLETED,cihtfla9io6g009b45kg,292400,Volkswagen,Passat,"Volkswagen Passat Variant GTE DSG Sequential, 218hp, 2018",White,2018,23250
ckfd7n29io6g0092o43g,2023-10-05 15.18.53,COMPLETED,chrh6aa9io6g00ckdl9g,609600,Volvo,XC40,"Volvo XC40 Recharge Twin motor, 408hp, 2023",Black,2023,3370
ckfdep29io6g0092o7k0,2023-10-05 15.33.57,CANCELLED,cjac2pa9io6g0088lqu0,246000,Renault,ZOE,"Renault ZOE R135 52 kWh, 136hp, 2020",Black,2020,26250
ckfr5la9io6g00b22bg0,2023-10-06 07.10.14,COMPLETED,cjk5avq9io6g00cksnn0,370600,BMW,3 Series,"BMW 330e Sedan Steptronic, 292hp, 2020",Black,2020,34270
ckfrji29io6g00d54e30,2023-10-06 07.39.53,COMPLETED,ccc4n1hh3seru2eniq00,177000,Renault,ZOE,"Renault ZOE R110 41 kWh, 109hp, 2019",White,2019,40450
ckfs3ni9io6g00d54kf0,2023-10-06 08.14.22,CANCELLED,cinth3i9io6g00cls4ag,388200,Tesla,Model 3,"Tesla Model 3 Standard Range Plus, 258hp, 2020",White,2020,54530
ckfsuvi9io6g00d54s30,2023-10-06 09.12.30,COMPLETED,cjdkftq9io6g00ac5e40,440700,Tesla,Model 3,"Tesla Model 3 Standard Range Plus, 325hp, 2021",White,2021,35840
ckftur29io6g00d554l0,2023-10-06 10.20.29,CANCELLED,cj4g8g29io6g00fl514g,617800,Skoda,Enyaq iV,"Škoda Enyaq iV 80X, 265hp, 2023",Grey,2023,15000
ckfv0q29io6g00d55dk0,2023-10-06 11.32.57,CANCELLED,cjh0gd29io6g00b6am8g,372700,Mercedes-Benz,A-Class,"Mercedes-Benz A 250 e 8G-DCT, 218hp, 2021",Grey,2021,20960
ckfvd5q9io6g00d55k9g,2023-10-06 11.59.20,CANCELLED,c9uj073hoo8odtlri6j0,501500,Tesla,Model 3,"Tesla Model 3 Long Range AWD, 440hp, 2021",Black,2021,50540
ckfvqm29io6g00d566bg,2023-10-06 12.28.09,COMPLETED,cj8lb7a9io6g008blg7g,251200,Mitsubishi,Outlander,"Mitsubishi Outlander P-HEV 2.0 Hybrid 4WD CVT, 203hp, 2018",Grey,2018,76950
ckg4upq9io6g00fs33i0,2023-10-06 18.18.15,CANCELLED,cick9i29io6g00eihj9g,529300,Volvo,V90,"Volvo V90 T8 AWD Recharge T8 TwEn AWD Geartronic, 392hp, 2021",Grey,2021,49270
ckgh5229io6g00fs45sg,2023-10-07 08.10.48,COMPLETED,ci6rq9a9io6g00cf1ap0,277900,BMW,i3,"BMW i3s 120 Ah, 183hp, 2019",Blue,2019,65470
ckghiri9io6g00fs47rg,2023-10-07 08.40.15,CANCELLED,cik0g2a9io6g00dfc3lg,424200,Mercedes-Benz,C-Class,"Mercedes-Benz C 300 e 4MATIC 9G-Tronic, 320hp, 2021",Black,2021,31290
ckghv3q9io6g00fs49gg,2023-10-07 09.06.23,COMPLETED,cj2ln129io6g00f5aa4g,230600,Nissan,Leaf,"Nissan Leaf, 150hp, 2019",White,2019,46660
ckgih129io6g00fs4csg,2023-10-07 09.44.36,COMPLETED,cg8c0ti23akg00aevvu0,550900,Audi,e-tron,"Audi e-tron 55 quattro, 408hp, 2019",Grey,2019,79110
ckgk5rq9io6g00fs4l50,2023-10-07 11.37.20,COMPLETED,chth3u29io6g00cqcmng,222300,Hyundai,Ioniq,"Hyundai Ioniq Plug-in 1.6 + 8.9 kWh DCT, 164hp, 2020",,2020,54230
ckgkcp29io6g00fs4mp0,2023-10-07 11.52.05,COMPLETED,c9uj073hoo8odtlri6j0,501500,Tesla,Model 3,"Tesla Model 3 Long Range AWD, 440hp, 2021",Black,2021,50540
ckgloei9io6g00fs4sqg,2023-10-07 13.25.14,CANCELLED,cj7vp1q9io6g00b16odg,235700,Kia,Optima,"Kia Optima Sport Wagon Plug-in Hybrid Automatic, 205hp, 2018",Red,2018,84120
ckgluta9io6g00fs4u4g,2023-10-07 13.39.01,COMPLETED,ci4na229io6g00c7ukvg,232600,Nissan,Leaf,"Nissan Leaf, 150hp, 2020",Silver,2020,46610
ckgm1oi9io6g00fs4v4g,2023-10-07 13.45.07,COMPLETED,cb7fk1l8v5fi6jsum460,571500,Skoda,Enyaq iV,"Škoda Enyaq iV 80, 204hk, 2022",Silver,2022,37750
ckgmo629io6g00fs5310,2023-10-07 14.32.56,COMPLETED,cja8iqi9io6g0088ki40,582800,Volkswagen,ID.4,"Volkswagen ID.4 GTX, 299hp, 2022",Red,2022,23390
ckh6e9i9io6g00fs6na0,2023-10-08 08.24.06,COMPLETED,cjhntoi9io6g00ck19n0,215100,BMW,2 Series Active/Gran Tourer,"BMW 225xe Active Tourer Steptronic, 224hp, 2017",White,2017,65920
ckhelna9io6g00fs7tqg,2023-10-08 17.46.05,CANCELLED,cdn3lrv24uh56lfiiicg,676600,Tesla,Model S,"Tesla Model S P100D Ludicrous, 761hp, 2018",Black,2018,66290
ckhglrq9io6g00fs861g,2023-10-08 20.02.55,COMPLETED,calkfq9k8icri89092lg,380900,Tesla,Model S,"Tesla Model S 75, 320hp, 2017",Blue,2017,71280
ckhnud29io6g00fs8tug,2023-10-09 04.19.00,CANCELLED,cjd0npi9io6g00c22afg,494200,Tesla,Model 3,"Tesla Model 3 Performance, 513hp, 2021",White,2021,69540
ckhpv1q9io6g00fs9ijg,2023-10-09 06.36.56,COMPLETED,ciueg529io6g00fq2a80,632300,Volvo,XC60,"Volvo XC60 T6 AWD Recharge T6 TwEn AWD Geartronic, 397hp, 2022",Grey,2022,31030
ckhq2c29io6g00a8b0eg,2023-10-09 06.44.00,COMPLETED,ck7v4hq9io6g00ce0pkg,524100,Skoda,Enyaq iV,"Škoda Enyaq iV 80, 204hp, 2021",Grey,2021,41930
ckhq7na9io6g00a8b510,2023-10-09 06.55.25,CANCELLED,ci642ha9io6g00ceu0j0,777500,BMW,X5,"BMW X5 xDrive45e iPerformance Steptronic, 394hp, 2020",White,2020,35300
ckhq7p29io6g00a8b55g,2023-10-09 06.55.32,COMPLETED,cjr0qlq9io6g00bmcp80,293400,BMW,2 Series Active/Gran Tourer,"BMW 225xe Active Tourer Steptronic, 224hp, 2019",Grey,2019,45240
ckhqrdq9io6g008sgkpg,2023-10-09 07.37.27,COMPLETED,chrm1ti9io6g00a1e0i0,427300,Tesla,Model 3,"Tesla Model 3 Long Range AWD, 440hp, 2020",White,2020,74910
ckhrdmi9io6g008e9d7g,2023-10-09 08.16.27,COMPLETED,cjlnt729io6g00drp68g,656000,Mercedes-Benz,EQC,"Mercedes-Benz EQC 400, 408hp, 2021",Black,2021,16040
ckhsk7a9io6g008e9r90,2023-10-09 09.38.37,CANCELLED,cgupsui23akg0099ubdg,631200,Tesla,Model Y,"Tesla Model Y Long Range AWD, 345hp, 2021",White,2021,28450
ckhsvei9io6g008ea3c0,2023-10-09 10.02.34,COMPLETED,cjd0npi9io6g00c22afg,494200,Tesla,Model 3,"Tesla Model 3 Performance, 513hp, 2021",White,2021,69540
ckht6p29io6g008ea5pg,2023-10-09 10.18.12,CANCELLED,ci82to29io6g00cf61j0,616800,Tesla,Model S,"Tesla Model S Long Range AWD, 423hp, 2020",Grey,2020,49230
ckhu6v29io6g00dnohpg,2023-10-09 11.26.52,COMPLETED,cjeu0ri9io6g008pa6j0,681700,Tesla,Model Y,"Tesla Model Y Performance, 450hp, 2022",White,2022,20860
cki0bai9io6g00bt94vg,2023-10-09 13.52.43,COMPLETED,cihuc6a9io6g009b4gtg,280000,Peugeot,2008,"Peugeot e-2008, 136hp, 2020",Grey,2020,36320
cki1ori9io6g009dvgog,2023-10-09 15.29.51,COMPLETED,ci87eb4sfto8gadthtig,367600,Lynk & Co,01,"Lynk & Co 01 PHEV DCT, 261hp, 2022",Blue,2022,5390
cki2pei9io6g009dvor0,2023-10-09 16.39.22,CANCELLED,cgqhvqq23akg00fnqtk0,365500,Mercedes-Benz,C-Class,"Mercedes-Benz C 300 T de 9G-Tronic, 306hp, 2021",Silver,2021,39580
ckigtpi9io6g009j3l60,2023-10-10 08.44.22,COMPLETED,cjcutla9io6g00c21gc0,1467600,Porsche,Taycan,"Porsche Taycan Turbo S Cross Turismo Direct Drive/Automatic, 761hp, 2022",Black,2022,52770
ckih4aa9io6g009j3n0g,2023-10-10 08.58.18,COMPLETED,cgqhvqq23akg00fnqtk0,365500,Mercedes-Benz,C-Class,"Mercedes-Benz C 300 T de 9G-Tronic, 306hp, 2021",Silver,2021,39580
ckihmbq9io6g009j3ua0,2023-10-10 09.36.48,COMPLETED,cjgt5ui9io6g00b6a23g,639500,Tesla,Model Y,"Tesla Model Y Long Range AWD, 345hp, 2022",White,2022,25000
ckijoiq9io6g00c17oug,2023-10-10 11.58.03,COMPLETED,cj0nsgi9io6g00df9k80,440700,Tesla,Model 3,"Tesla Model 3 Long Range AWD, 440hp, 2020",Black,2020,61260
ckikdla9io6g00c1821g,2023-10-10 12.43.02,COMPLETED,chfth5i9io6g00bgbbng,571500,Tesla,Model Y,"Tesla Model Y Standard Range, 299hp, 2023",White,2023,9540
ckioopq9io6g0096p5m0,2023-10-10 17.39.52,COMPLETED,c928e6g3vf18a5ojr78g,222300,BMW,i3,"BMW i3s 94 Ah Comfort Advanced 20"" Navi V-Hjul",White,2018,78970
ckj3imi9io6g00dtpg8g,2023-10-11 05.57.46,CANCELLED,cfsr4ai23akg00d1tahg,434500,Tesla,Model 3,"Tesla Model 3 Performance, 510hp, 2019",Black,2019,74410
ckj61m29io6g00dtqno0,2023-10-11 08.46.17,COMPLETED,cgnhkv223akg00cm4bv0,625100,Volvo,C40,"Volvo C40 Recharge Twin motor, 408hp, 2023",Silver,2023,1950
ckj9fci9io6g00dts5mg,2023-10-11 12.40.18,COMPLETED,cg3129a23akg00887u20,646700,Tesla,Model Y,"Tesla Model Y Long Range AWD, 345hp, 2022",White,2022,21890
ckjbbg29io6g00agsklg,2023-10-11 14.48.33,COMPLETED,cdtjjpm9ukdefbdg1u00,693000,Tesla,Model S,"Tesla Model S Performance, 761hp, 2019",Blue,2019,75450
ckjbjki9io6g00agsqag,2023-10-11 15.05.54,COMPLETED,cj6bm7q9io6g00b0rmm0,528200,Kia,Sorento,"Kia Sorento PHEV Automatic, 265hp, 2021",White,2021,27640
ckjom4a9io6g00edgrqg,2023-10-12 05.58.42,CANCELLED,ci642ha9io6g00ceu0j0,751700,BMW,X5,"BMW X5 xDrive45e iPerformance Steptronic, 394hp, 2020",White,2020,35300
ckjroui9io6g00dd0sag,2023-10-12 09.29.30,RETURNED,ci7ebti9io6g00cf2k0g,179100,Volkswagen,up!,"Volkswagen e-up! 32.3 kWh, 83hp, 2020",White,2020,52860
ckjsaoi9io6g00a8066g,2023-10-12 10.07.30,COMPLETED,civre3q9io6g00de8as0,572500,Tesla,Model 3,"Tesla Model 3 Long Range AWD, 440hp, 2022",White,2022,17500
ckjsgvi9io6g008kaf9g,2023-10-12 10.20.47,COMPLETED,cidd1na9io6g00c29v20,376800,Cupra,Born,"Cupra Born 58 58 kWh, 204hp, 2023",White,2023,30130
ckjtn8a9io6g008kasp0,2023-10-12 11.42.25,COMPLETED,ci877dssfto8gadthogg,363400,Lynk & Co,01,"Lynk & Co 01 PHEV DCT, 261hp,  2022",Blue,2022,4770
ckjviiq9io6g00duikvg,2023-10-12 13.48.59,COMPLETED,ci88044sfto8gadtia60,360300,Lynk & Co,01,"Lynk & Co 01 PHEV DCT, 261hp, 2022",Blue,2022,5130
ckjvrm29io6g00duiqh0,2023-10-12 14.08.25,COMPLETED,cinth3i9io6g00cls4ag,379900,Tesla,Model 3,"Tesla Model 3 Standard Range Plus, 258hp, 2020",White,2020,54530
ckk06ha9io6g00duj000,2023-10-12 14.31.34,CANCELLED,chit5li9io6g0089avn0,863000,Audi,e-tron GT,"Audi e-tron GT quattro Automatic, 476hp, 2022",Grey,2022,22440
ckk16229io6g00dujdn0,2023-10-12 15.38.48,CANCELLED,c802lttmmudf9q5l7p20,230600,Nissan,Leaf,"Nissan leaf 40 kWh, 149hk, 2021",White,2020,29210
ckk1u629io6g00dujhvg,2023-10-12 16.30.16,COMPLETED,ci9b06i9io6g00a59aog,230600,BMW,i3,"BMW i3s 94 Ah, 183hp, 2018",Blue,2018,39380
ckke1ia9io6g009vvrh0,2023-10-13 06.16.41,COMPLETED,cjnfnv29io6g00colil0,162600,Renault,ZOE,"Renault ZOE R90 41 kWh, 92hp, 2018",White,2018,76100
ckkfaai9io6g00a00f4g,2023-10-13 07.43.39,CANCELLED,ci870o4sfto8gadthj6g,328400,Lynk & Co,01,"Lynk & Co 01 PHEV DCT, 261hp, 2021",Black,2021,19340
ckkh7l29io6g0085vd0g,2023-10-13 09.54.29,COMPLETED,cjaa9d29io6g0088l6ug,267600,Nissan,Leaf,"Nissan Leaf, 150hp, 2022",Black,2022,16400
ckki1ia9io6g0085vni0,2023-10-13 10.49.46,COMPLETED,c802lttmmudf9q5l7p20,230600,Nissan,Leaf,"Nissan leaf 40 kWh, 149hk, 2021",White,2020,29210
ckkjrga9io6g0091aqeg,2023-10-13 12.53.22,COMPLETED,ck402e29io6g008oljug,343900,Volkswagen,Passat,"Volkswagen Passat Variant GTE DSG Sequential, 218hp, 2021",Silver,2021,29620
ckklm2q9io6g00dvfr9g,2023-10-13 14.58.20,COMPLETED,ciqf2ta9io6g00f570e0,506600,Polestar,2,"Polestar 2 Long Range Dual Motor, 408hp, 2021",Black,2021,61320
ckkm8vi9io6g00dvg2h0,2023-10-13 15.38.39,CANCELLED,ck7svpa9io6g00ce0de0,394300,Tesla,Model 3,"Tesla Model 3 Standard Range Plus, 258hp, 2020",White,2020,50990
ckkn7l29io6g00dvg9ag,2023-10-13 16.44.05,COMPLETED,ci82to29io6g00cf61j0,616800,Tesla,Model S,"Tesla Model S Long Range AWD, 423hp, 2020",Grey,2020,49230
ckknd1a9io6g00dvgalg,2023-10-13 16.55.33,COMPLETED,ci2b45a9io6g0097vd1g,354200,Kia,Niro,"Kia e-Niro 64 kWh, 204hp, 2021",Black,2021,39460
ckl4fpq9io6g00bbv280,2023-10-14 07.48.56,COMPLETED,ci880lssfto8gadtiaig,367600,Lynk & Co,01,"Lynk & Co 01 PHEV DCT, 261hp, 2022",Blue,2022,6090
ckl7og29io6g00bbvo2g,2023-10-14 11.32.17,CANCELLED,cac7j77hagiohktuk610,616800,Polestar,2,"Polestar 2 Long Range Dual, 408hp, 2022",White,2022,7980
ckla4jq9io6g00bc0720,2023-10-14 14.14.40,COMPLETED,cjd9enq9io6g00aj2n00,547800,Volvo,XC40,"Volvo XC40 P8 AWD Recharge, 408hp, 2021",Green,2021,25180
cklcjuq9io6g00bc0j50,2023-10-14 17.03.55,COMPLETED,cjljvji9io6g00drog2g,322200,BMW,i3,"BMW i3 120 Ah, 170hp, 2022",Blue,2022,5010
cklev8i9io6g00fcdks0,2023-10-14 19.44.34,CANCELLED,chij11a9io6g00899png,272800,Kia,Optima,"Kia Optima Sport Wagon Plug-in Hybrid Automatic, 205hp, 2019",Black,2019,48110
cklqeqa9io6g00d7ik7g,2023-10-15 08.48.41,COMPLETED,ci8knva9io6g00cf8q40,360300,Lynk & Co,01,"Lynk & Co 01 PHEV DCT, 261hp, 2022",Blue,2022,9120
cklrika9io6g00d7ir0g,2023-10-15 10.05.05,COMPLETED,cjfkj429io6g009395vg,202800,Hyundai,Ioniq,"Hyundai Ioniq Electric 28 kWh, 120hp, 2019",Grey,2019,76340
cklsqni9io6g00d7j4pg,2023-10-15 11.30.38,COMPLETED,cj4kjsa9io6g00fe8ki0,409800,Volvo,XC40,"Volvo XC40 Recharge T5 DCT, 262hp, 2020",Black,2020,68980
ckm21oq9io6g00alsld0,2023-10-15 17.26.59,CANCELLED,cik0trq9io6g00dfc8mg,224400,Renault,ZOE,"Renault ZOE R110 52 kWh, 109hp, 2020",Black,2020,20080
ckmfg829io6g00bl16vg,2023-10-16 08.45.20,CANCELLED,cikrg2i9io6g00a4704g,512800,Tesla,Model 3,"Tesla Model 3 Long Range AWD, 440hp, 2021",White,2021,58260
ckmfu7i9io6g00dksb8g,2023-10-16 09.15.10,COMPLETED,ci8n8li9io6g008r7q5g,602400,Volvo,C40,"Volvo C40 Recharge Twin motor, 408hp, 2023",Grey,2023,8480
ckmgdbi9io6g00dksfj0,2023-10-16 09.47.26,COMPLETED,caov21n7c5450ge5g3hg,613700,Tesla,Model Y,"Tesla Model Y Long Range AWD, 345hp, 2021",White,2021,32850
ckmhssa9io6g00dndkrg,2023-10-16 11.28.50,COMPLETED,ci870o4sfto8gadthj6g,329300,Lynk & Co,01,"Lynk & Co 01 PHEV DCT, 261hp, 2021",Black,2021,19340
ckmie7i9io6g009s2dkg,2023-10-16 12.05.51,COMPLETED,cj89dfi9io6g00b18p7g,524100,Tesla,Model 3,"Tesla Model 3 Long Range AWD, 440hp, 2021",Grey,2021,21940
ckmiinq9io6g009s2fbg,2023-10-16 12.15.27,COMPLETED,cht5niq9io6g00cqbu4g,532400,Tesla,Model 3,"Tesla Model 3 Long Range AWD, 440hp, 2022",White,2022,48170
ckmini29io6g009s2jj0,2023-10-16 12.25.44,COMPLETED,cj88v529io6g00b18f10,290300,Hyundai,Ioniq,"Hyundai Ioniq Electric 38.3 kWh, 136hp, 2020",White,2020,45980
ckmjdsa9io6g009s2ts0,2023-10-16 13.13.21,COMPLETED,cjvn50i9io6g00bar2sg,297500,Mitsubishi,Outlander,"Mitsubishi Outlander P-HEV 2.4 Hybrid 4WD CVT, 230hp, 2019",White,2019,48980
ckmnnvi9io6g00epcqpg,2023-10-16 18.07.58,COMPLETED,ck7upna9io6g00ce0nv0,240900,Renault,ZOE,"Renault ZOE R135 52 kWh, 136hp, 2020",Grey,2020,24230
ckmps729io6g00c88u10,2023-10-16 20.33.33,COMPLETED,cgtgqj223akg0099of9g,368600,Tesla,Model 3,"Tesla Model 3 Standard Range Plus, 258hp, 2020",Grey,2020,63900
ckmqtai9io6g00c892s0,2023-10-16 21.44.10,COMPLETED,ce7lao5onks30g59p3ng,285200,Kia,Ceed,"Kia XCeed Plug-in Hybrid DCT, 141hp, 2021",Yellow,2021,25110
ckn49ni9io6g00f6p6e0,2023-10-17 08.25.02,COMPLETED,cjeb6la9io6g00f720l0,471600,Tesla,Model 3,"Tesla Model 3 Performance, 510hp, 2020",White,2020,54070
ckn4r1a9io6g00f6pheg,2023-10-17 09.01.58,COMPLETED,cjrhc5q9io6g00d5ba4g,524100,Volkswagen,ID.4,"Volkswagen ID.4 GTX, 299hp, 2022",Grey,2022,48780
ckn6mo29io6g00cfmskg,2023-10-17 11.09.21,COMPLETED,cik0m0a9io6g00dfc5fg,220300,Renault,ZOE,"Renault ZOE R110 52 kWh, 109hp, 2020",Grey,2020,20340
cknabe29io6g008joh40,2023-10-17 15.18.17,CANCELLED,ciqd7l29io6g00f562rg,789900,Tesla,Model X,"Tesla Model X Long Range, 423hp, 2020",Blue,2020,42070
cknalhq9io6g008jok90,2023-10-17 15.39.52,COMPLETED,cj9kst29io6g009tbafg,453000,Tesla,Model 3,"Tesla Model 3 Long Range AWD, 440hp, 2020",Grey,2020,47100
cknplmq9io6g00b0l4g0,2023-10-18 08.44.11,CANCELLED,cc31ao7jn6s281s109jg,220300,Renault,ZOE,"Renault ZOE R110 52 kWh, 109hp, 2020",Black,2020,29950
cknpsnq9io6g00b0l8cg,2023-10-18 08.59.11,COMPLETED,chit5li9io6g0089avn0,847100,Audi,e-tron GT,"Audi e-tron GT quattro Automatic, 476hp, 2022",Grey,2022,22440
cknr0eq9io6g00b0lkig,2023-10-18 10.15.24,COMPLETED,cfiegg223akg008jqrp0,329400,BMW,i3,"BMW i3s 120 Ah, 183hp, 2022",Black,2022,22610
cknr2ra9io6g00b0lltg,2023-10-18 10.20.30,COMPLETED,chij11a9io6g00899png,272800,Kia,Optima,"Kia Optima Sport Wagon Plug-in Hybrid Automatic, 205hp, 2019",Black,2019,48110
cknu3pq9io6g00ci9pkg,2023-10-18 13.47.19,COMPLETED,ci6spai9io6g00cf1dm0,561200,Volkswagen,ID.5,"Volkswagen ID.5 GTX, 299hp, 2023",White,2023,5450
cko2u8a9io6g00dntbqg,2023-10-18 19.16.50,CANCELLED,cht3h3a9io6g00cqbo80,182200,Renault,ZOE,"Renault ZOE R110 41 kWh, 109hp, 2019",White,2019,28920
ckofa929io6g00fltk4g,2023-10-19 09.21.41,COMPLETED,cioisfa9io6g00b6fk80,501500,Audi,e-tron,"Audi e-tron 55 quattro, 408hp, 2019",Grey,2019,69670
ckogg6i9io6g00flu7eg,2023-10-19 10.42.35,CANCELLED,cfqtr2223akg00cjr8jg,176000,Renault,ZOE,"Renault ZOE R90 41 kWh, 92hp, 2018",White,2018,21190
ckogs929io6g00flubu0,2023-10-19 11.08.21,CANCELLED,ci642ha9io6g00ceu0j0,741400,BMW,X5,"BMW X5 xDrive45e iPerformance Steptronic, 394hp, 2020",White,2020,35300
ckohguq9io6g00flum0g,2023-10-19 11.52.28,COMPLETED,ckapcsq9io6g00f8ov20,408800,Tesla,Model 3,"Tesla Model 3 Long Range, 287hp, 2019",Black,2019,48910
ckoi9vi9io6g00fluvog,2023-10-19 12.45.50,COMPLETED,cjt9bl29io6g00cg16m0,674500,Tesla,Model Y,"Tesla Model Y Long Range AWD, 345hp, 2022",Black,2022,18050
ckoir5a9io6g00flv790,2023-10-19 13.22.30,COMPLETED,cikrg2i9io6g00a4704g,505600,Tesla,Model 3,"Tesla Model 3 Long Range AWD, 440hp, 2021",White,2021,58260
ckois2i9io6g00flv93g,2023-10-19 13.24.27,CANCELLED,cf28kja23akg00dv6pf0,473600,Tesla,Model S,"Tesla Model S 75D, 333hp, 2018",Black,2018,56650
ckoluji9io6g00d9lsog,2023-10-19 16.54.39,COMPLETED,cik0g2a9io6g00dfc3lg,417000,Mercedes-Benz,C-Class,"Mercedes-Benz C 300 e 4MATIC 9G-Tronic, 320hp, 2021",Black,2021,31290
ckom4b29io6g00d9ltog,2023-10-19 17.06.53,COMPLETED,cbh4onv2uqok8l6rhiqg,253200,Renault,ZOE,"Renault ZOE R135 52 kWh, 136hp, 2021",,2021,33890
ckom5dq9io6g00d9lu4g,2023-10-19 17.09.11,CANCELLED,ci9kmii9io6g00eote3g,485000,Volvo,XC60,"Volvo XC60 T8 AWD Recharge T8 TwEn AWD Geartronic, 392hp, 2021",Silver,2021,48630
ckp45fq9io6g00d3r5i0,2023-10-20 09.05.03,CANCELLED,cjjs0gq9io6g00c36270,625100,Skoda,Enyaq iV,"Škoda Enyaq iV 80X, 265hp, 2022",Blue,2022,16700
ckp4lmq9io6g00d3r8l0,2023-10-20 09.39.40,COMPLETED,cj961729io6g009t81u0,463300,Tesla,Model 3,"Tesla Model 3 Long Range AWD, 440hp, 2021",Grey,2021,85180
ckp4tqq9io6g00d3rcg0,2023-10-20 09.57.00,COMPLETED,cik0cea9io6g00dfc2og,217200,Renault,ZOE,"Renault ZOE R110 52 kWh, 109hp, 2020",White,2020,28290
ckp55bq9io6g00d3rfs0,2023-10-20 10.13.03,COMPLETED,ci9kmii9io6g00eote3g,485000,Volvo,XC60,"Volvo XC60 T8 AWD Recharge T8 TwEn AWD Geartronic, 392hp, 2021",Silver,2021,48630
ckp72pi9io6g00f4s1n0,2023-10-20 12.24.07,COMPLETED,cj5mebq9io6g00ap18dg,579700,Volkswagen,ID.4,"Volkswagen ID.4 GTX, 299hp, 2022",Grey,2022,15670
ckp77mq9io6g00f4sb10,2023-10-20 12.34.35,COMPLETED,chcg1c29io6g00erkge0,490100,Polestar,2,"Polestar 2 Long Range Dual Motor, 408hp, 2021",White,2021,63190
ckp7ulq9io6g00f4sv00,2023-10-20 13.23.36,COMPLETED,ch53nsi9io6g00e1i6b0,494200,Tesla,Model 3,"Tesla Model 3 Long Range AWD, 440hp, 2021",Grey,2021,63520
ckp8i2a9io6g0083moo0,2023-10-20 14.04.57,COMPLETED,cj8i27i9io6g008bkgog,534400,Toyota,RAV4,"Toyota RAV4 Plug-in Hybrid E-CVT, 306hp, 2021",Grey,2021,5030
ckp8mpa9io6g0083mrg0,2023-10-20 14.15.01,COMPLETED,cht3h3a9io6g00cqbo80,178000,Renault,ZOE,"Renault ZOE R110 41 kWh, 109hp, 2019",White,2019,28920
ckp8r3a9io6g0083mta0,2023-10-20 14.24.14,COMPLETED,cged73q23akg00defg30,520000,Tesla,Model 3,"Tesla Model 3 Performance, 513hp, 2021",White,2021,26010
ckp8sqq9io6g0083mv00,2023-10-20 14.27.55,CANCELLED,cc495afjn6s281s10g9g,404600,Volkswagen,ID.4,Volkswagen ID.4 Pure Performance,Blue,2021,18980
ckp9dti9io6g0083n5vg,2023-10-20 15.04.23,COMPLETED,cj92mfq9io6g009t6p10,472600,Toyota,RAV4,"Toyota RAV4 Plug-in Hybrid E-CVT, 306hp, 2020",Grey,2020,65250
ckp9e2q9io6g0083n6ag,2023-10-20 15.04.43,COMPLETED,ciudk8i9io6g00fq26dg,591100,Mercedes-Benz,EQC,"Mercedes-Benz EQC 400, 408hp, 2021",Grey,2021,62150
ckpag7q9io6g00ftca9g,2023-10-20 16.17.35,COMPLETED,cj1oeua9io6g00f4cuc0,385100,Skoda,Superb,"Škoda Superb iV Combi 1.4 Plug-in Hybrid DSG Sequential, 218hp, 2021",White,2021,21560
ckpeoq29io6g00ftcstg,2023-10-20 21.08.56,COMPLETED,cgolf3q23akg00ehg8dg,468500,Tesla,Model 3,"Tesla Model 3 Long Range AWD, 440hp, 2021",White,2021,58160
ckpv4629io6g00aldlg0,2023-10-21 15.45.28,COMPLETED,cf0irs223akg00dv5730,500400,Tesla,Model 3,"Tesla Model 3 Performance, 513hp, 2021",White,2021,44360
ckqegv29io6g00dal5og,2023-10-22 09.16.44,COMPLETED,ch0kg0223akg00cbmr9g,433500,Kia,Niro,"Kia Niro EV, 204hp, 2023",White,2023,8790
ckqh1dq9io6g008f30j0,2023-10-22 12.08.24,CANCELLED,ci45sga9io6g00c2hff0,439700,Tesla,Model 3,"Tesla Model 3 Long Range AWD, 440hp, 2020",White,2020,55680
ckqi97i9io6g008f38rg,2023-10-22 13.33.19,CANCELLED,ci642ha9io6g00ceu0j0,741400,BMW,X5,"BMW X5 xDrive45e iPerformance Steptronic, 394hp, 2020",White,2020,35300
ckqihk29io6g008f3aog,2023-10-22 13.51.13,COMPLETED,cjhh2tq9io6g009ntan0,304700,Mitsubishi,Outlander,"Mitsubishi Outlander P-HEV 2.4 Hybrid 4WD CVT, 230hp, 2020",Red,2020,69910
ckqilda9io6g008f3b70,2023-10-22 13.59.18,COMPLETED,ci8m87i9io6g00cf9ccg,358300,Lynk & Co,01,"Lynk & Co 01 PHEV DCT, 261hp, 2022",Blue,2022,12970
ckr2h2q9io6g00ali5og,2023-10-23 08.02.19,COMPLETED,cjjs0gq9io6g00c36270,625100,Skoda,Enyaq iV,"Škoda Enyaq iV 80X, 265hp, 2022",Blue,2022,16700
ckr39q29io6g00alild0,2023-10-23 08.55.04,COMPLETED,cfrmvoi23akg0088pc60,676600,Tesla,Model Y,"Tesla Model Y Performance, 450hp, 2022",Black,2022,19740
ckr4lai9io6g00ce6ong,2023-10-23 10.27.55,CANCELLED,cj9ncsi9io6g0088gsug,497300,Tesla,Model S,"Tesla Model S 75D, 333hp, 2018",Grey,2018,52970
ckr5fgi9io6g00cj7020,2023-10-23 11.23.47,COMPLETED,c9iie8pblclmm0nefblg,513800,Tesla,Model 3,"Tesla Model 3 Long Range AWD, 440hp, 2021",White,2021,45710
ckr5p1i9io6g00cj75ug,2023-10-23 11.44.06,COMPLETED,cd8q70j6sl5embl45rs0,570500,Tesla,Model 3,"Tesla Model 3 Performance, 513hp, 2022",Black,2022,37950
ckr5sa29io6g00cj796g,2023-10-23 11.51.04,COMPLETED,ck8nt929io6g008lb810,294400,Renault,ZOE,"Renault ZOE R135 52 kWh, 136hp, 2022",White,2022,6270
ckr5v9i9io6g00cj7b70,2023-10-23 11.57.27,COMPLETED,cjb2pj29io6g00c1o35g,431400,Volvo,XC60,"Volvo XC60 T8 TwEn AWD Geartronic, 392hp, 2020",White,2020,41460
ckr67vq9io6g00cj7m0g,2023-10-23 12.15.59,CANCELLED,cfqtr2223akg00cjr8jg,176000,Renault,ZOE,"Renault ZOE R90 41 kWh, 92hp, 2018",White,2018,21190
ckr7jsa9io6g009dflvg,2023-10-23 13.49.38,COMPLETED,cidd51i9io6g00c2a0tg,396400,Volvo,V60,"Volvo V60 T6 TwEn AWD Geartronic, 340hp, 2020",White,2020,61970
ckr9iqi9io6g00f36mag,2023-10-23 16.03.55,COMPLETED,ci8rb329io6g00a57p3g,672400,Tesla,Model Y,"Tesla Model Y Performance, 450hp, 2022",Black,2022,26340
ckrngea9io6g00bmee7g,2023-10-24 07.54.34,COMPLETED,cj8eeji9io6g008bim30,488100,Volvo,XC40,"Volvo XC40 Recharge Single Motor, 231hp, 2023",Black,2023,27670
ckrnm4a9io6g00bmeg20,2023-10-24 08.06.42,CANCELLED,ch563s29io6g00c157i0,398500,Tesla,Model 3,"Tesla Model 3 Long Range AWD, 440hp, 2019",Black,2019,72320
ckrofii9io6g00bmev5g,2023-10-24 09.00.59,CANCELLED,ch563s29io6g00c157i0,398500,Tesla,Model 3,"Tesla Model 3 Long Range AWD, 440hp, 2019",Black,2019,72320
ckrolaa9io6g00bmf510,2023-10-24 09.13.14,RETURNED,cfqtr2223akg00cjr8jg,176000,Renault,ZOE,"Renault ZOE R90 41 kWh, 92hp, 2018",White,2018,21190
ckrp2s29io6g00bmfj20,2023-10-24 09.42.08,COMPLETED,ci642ha9io6g00ceu0j0,720800,BMW,X5,"BMW X5 xDrive45e iPerformance Steptronic, 394hp, 2020",White,2020,35300
ckrr9uq9io6g00amr0vg,2023-10-24 12.13.48,COMPLETED,cjbt09q9io6g00c1rqj0,503500,Volkswagen,ID.4,"Volkswagen ID.4 Pro Performance, 204hp, 2021",Grey,2021,31290
ckrrd9a9io6g00amr220,2023-10-24 12.20.54,CANCELLED,ci45sga9io6g00c2hff0,439700,Tesla,Model 3,"Tesla Model 3 Long Range AWD, 440hp, 2020",White,2020,55680
ckrs1q29io6g00amrj40,2023-10-24 13.04.41,COMPLETED,cg8ruji23akg00c9dc9g,481900,Tesla,Model 3,"Tesla Model 3 Long Range AWD, 440hp, 2022",White,2022,63900
ckrtj3i9io6g00fmejcg,2023-10-24 14.49.51,COMPLETED,ckahni29io6g00d72l70,251200,Kia,Ceed,"Kia Ceed Sportswagon Plug-in Hybrid DCT, 141hp, 2020",Grey,2020,35290
ckruh529io6g00b4evd0,2023-10-24 15.53.56,COMPLETED,cjvc0si9io6g008t8d0g,668300,Tesla,Model Y,"Tesla Model Y Performance, 450hp, 2022",White,2022,27880
cks2t3q9io6g00abv1k0,2023-10-24 20.52.32,CANCELLED,cgl9p7223akg008k27sg,435500,Audi,Q4 e-tron,"Audi Q4 35 e-tron, 170hp, 2022",Black,2022,10730
ckscaii9io6g00av03mg,2023-10-25 07.35.38,COMPLETED,ci53l029io6g00fmoseg,648700,Mercedes-Benz,EQC,"Mercedes-Benz EQC 400, 408hp, 2022",Grey,2022,25830
cksdbri9io6g00cqlf6g,2023-10-25 08.46.38,COMPLETED,ciqip429io6g00945kk0,436600,Volvo,V60,"Volvo V60 T8 AWD Geartronic, 392hp, 2020",Black,2020,44190
ckse0v29io6g00cqlr9g,2023-10-25 09.31.41,COMPLETED,cisn41q9io6g00fpnh0g,687900,Kia,EV6,"Kia EV6 GT, 585hp, 2023",Red,2023,17090
ckse86q9io6g00cqlvgg,2023-10-25 09.47.07,RETURNED,cj7vp1q9io6g00b16odg,233700,Kia,Optima,"Kia Optima Sport Wagon Plug-in Hybrid Automatic, 205hp, 2018",Red,2018,84120
cksef9q9io6g00cqm52g,2023-10-25 10.02.16,COMPLETED,cinqr0a9io6g00eutbo0,520000,Hyundai,Ioniq 5,"Hyundai Ioniq 5 72.6 kWh, 218hp, 2022",Green,2022,19240
cksgbs29io6g00dblm6g,2023-10-25 12.11.29,CANCELLED,cie0urq9io6g00c9cacg,878400,Tesla,Model X,"Tesla Model X Performance, 611hp, 2021",White,2021,62400
ckshp2q9io6g009859d0,2023-10-25 13.47.56,CANCELLED,c95alvfpao575kbpf7cg,451000,Volvo,V90,"Volvo V90 T8 TwEn AWD Geartronic, 392hp, 2020",Grey,2020,64430
cksi4ui9io6g00985dgg,2023-10-25 14.13.15,COMPLETED,ck65u3a9io6g009inbg0,524100,Volkswagen,ID.4,"Volkswagen ID.4 GTX, 299hp, 2022",Grey,2022,27810
cksibmi9io6g00985h40,2023-10-25 14.27.38,CANCELLED,cdh87haplepcm5sju9hg,582800,Tesla,Model Y,"Tesla Model Y Long Range AWD, 345hp, 2021",White,2021,47930
cksiu6q9io6g00985mi0,2023-10-25 15.07.07,CANCELLED,cc495afjn6s281s10g9g,404600,Volkswagen,ID.4,Volkswagen ID.4 Pure Performance,Blue,2021,18980
cksj20i9io6g00a86srg,2023-10-25 15.15.15,CANCELLED,cgupsui23akg0099ubdg,606500,Tesla,Model Y,"Tesla Model Y Long Range AWD, 345hp, 2021",White,2021,28450
cksjk3i9io6g00a871c0,2023-10-25 15.53.51,COMPLETED,cjj04bi9io6g008e3n90,617800,Tesla,Model Y,"Tesla Model Y Long Range AWD, 345hp, 2021",White,2021,30790
ckt31mq9io6g0094o6kg,2023-10-26 09.26.52,COMPLETED,ch563s29io6g00c157i0,398500,Tesla,Model 3,"Tesla Model 3 Long Range AWD, 440hp, 2019",Black,2019,72320
ckt3hna9io6g0094oe8g,2023-10-26 10.01.02,CANCELLED,cik0trq9io6g00dfc8mg,220300,Renault,ZOE,"Renault ZOE R110 52 kWh, 109hp, 2020",Black,2020,20080
ckt4f529io6g00bm82o0,2023-10-26 11.03.48,CANCELLED,cjqt74a9io6g00f20an0,603400,Tesla,Model Y,"Tesla Model Y Long Range AWD, 345hp, 2021",Black,2021,45860
ckt5kl29io6g00bm8rb0,2023-10-26 12.23.48,RETURNED,cijgd2i9io6g00df8l30,302700,Mini,Countryman,"MINI Cooper SE ALL4 Countryman Automatic, 224hp, 2020",Black,2020,73410
ckt5tiq9io6g00bm8vm0,2023-10-26 12.42.52,CANCELLED,cjdlhoa9io6g00ac6210,493200,Polestar,2,"Polestar 2 Long Range Dual Motor, 408hp, 2021",Black,2021,76610
ckt5ucq9io6g00bm90e0,2023-10-26 12.44.35,COMPLETED,ca8e8k5soffcrakf0opg,328400,Hyundai,Kona,Hyundai Kona Electric 64 kWh,Grey,2020,40000
ckt9pfq9io6g00bsjqe0,2023-10-26 17.07.12,COMPLETED,cik0g129io6g00dfc3kg,216100,Renault,ZOE,"Renault ZOE R110 52 kWh, 109hp, 2020",Grey,2020,15640
cktlmri9io6g00ednt4g,2023-10-27 06.40.46,COMPLETED,c95alvfpao575kbpf7cg,451000,Volvo,V90,"Volvo V90 T8 TwEn AWD Geartronic, 392hp, 2020",Grey,2020,64430
cktmqiq9io6g009lv85g,2023-10-27 07.57.00,COMPLETED,ck818229io6g00ce145g,438600,Kia,Niro,"Kia Niro EV, 204hp, 2023",Green,2023,22780
cktnk829io6g009lvtag,2023-10-27 08.51.45,CANCELLED,cjdkqeq9io6g00ac5jmg,353100,Tesla,Model 3,"Tesla Model 3 Standard Range Plus, 258hp, 2020",Blue,2020,90080
cktokbi9io6g0084a5g0,2023-10-27 10.00.14,COMPLETED,cknplma9io6g00b0l4bg,374800,Lynk & Co,01,"Lynk & Co 01 PHEV DCT, 261hp, 2022",Black,2022,6390
cktolbi9io6g0084a6dg,2023-10-27 10.02.23,COMPLETED,cjjl3uq9io6g0089pse0,285200,Hyundai,Ioniq,"Hyundai Ioniq Electric 38.3 kWh, 136hp, 2020",Black,2020,41570
cktopfi9io6g0084a9g0,2023-10-27 10.11.10,COMPLETED,cke524i9io6g00f4fjdg,678600,Tesla,Model Y,"Tesla Model Y Performance, 450hp, 2022",White,2022,21360
cktpetq9io6g00cmmom0,2023-10-27 10.56.56,COMPLETED,cf0g9ea23akg00dv52a0,649800,Tesla,Model Y,"Tesla Model Y Long Range AWD, 345hp, 2022",White,2022,29480
cktphj29io6g00cmmqd0,2023-10-27 11.02.36,CANCELLED,cj5jrda9io6g00aovvog,398500,BMW,3 Series,"BMW 330e Sedan Steptronic, 292hp, 2021",White,2021,90120
cktq8va9io6g00cmn74g,2023-10-27 11.52.29,CANCELLED,ckdeitq9io6g00dgqh10,480900,Tesla,Model 3,"Tesla Model 3 Long Range AWD, 440hp, 2021",Grey,2021,72850
cktqeti9io6g00cmnbp0,2023-10-27 12.05.10,COMPLETED,chsri4a9io6g00cq9oog,404600,Tesla,Model S,"Tesla Model S 75, 320hp, 2017",White,2017,62020
cktsnb29io6g00cmoa60,2023-10-27 14.39.41,COMPLETED,cjngi6i9io6g00com1ag,693000,Volvo,XC90,"Volvo XC90 T8 AWD Recharge T8 TwEn AWD Geartronic, 392hp, 2021",Grey,2021,61740
cku0gli9io6g00cmp2ng,2023-10-27 18.58.30,COMPLETED,cijcd229io6g00bqda0g,767200,Tesla,Model S,"Tesla Model S Performance, 761hp, 2020",Red,2020,32930
ckubneq9io6g00cfmie0,2023-10-28 07.43.55,COMPLETED,ckb6ii29io6g00fo3odg,219200,Nissan,Leaf,"Nissan Leaf, 150hp, 2019",White,2019,84420
ckudvoa9io6g00fe2jq0,2023-10-28 10.18.09,COMPLETED,cknppna9io6g00b0l6jg,385100,Lynk & Co,01,"Lynk & Co 01 PHEV DCT, 261hp, 2022",Blue,2022,10570
ckufqba9io6g00bhi8s0,2023-10-28 12.23.10,CANCELLED,cac7j77hagiohktuk610,592100,Polestar,2,"Polestar 2 Long Range Dual, 408hp, 2022",White,2022,7980
ckugusq9io6g00bhihig,2023-10-28 13.41.08,COMPLETED,cjb4t729io6g00c1ohq0,829000,Tesla,Model X,"Tesla Model X Long Range, 423hp, 2020",Grey,2020,14800
ckuij429io6g00bhirh0,2023-10-28 15.32.33,COMPLETED,cj8lj6a9io6g008blhig,617800,Tesla,Model S,"Tesla Model S Long Range AWD, 423hp, 2020",Black,2020,58320
ckujep29io6g00bhj0k0,2023-10-28 16.31.32,COMPLETED,cjd1o6i9io6g00c22os0,353100,Kia,Niro,"Kia e-Niro 64 kWh, 204hp, 2020",White,2020,28310
ckupbuq9io6g00a0l390,2023-10-28 23.15.08,CANCELLED,cc6vog7jn6s281s11190,348000,Lynk & Co,01,"Lynk & Co 01 PHEV DCT, 261hp, 2021",Blue,2021,22310
ckv2vea9io6g0086p230,2023-10-29 10.11.05,COMPLETED,ckdeega9io6g00dgqg7g,617800,Kia,EV6,"Kia EV6 77.4 kWh AWD, 325hp, 2023",White,2023,13680
ckv5g429io6g00d6fvig,2023-10-29 13.03.13,CANCELLED,cjmv3ai9io6g00bp8rc0,272800,BMW,i3,"BMW i3 120 Ah, 170hp, 2019",Blue,2019,46920
ckv69o29io6g00d6g4k0,2023-10-29 13.57.53,COMPLETED,ck57kei9io6g00cpivcg,224400,Renault,ZOE,"Renault ZOE R135 52 kWh, 136hp, 2020",Black,2020,48560
ckv772q9io6g00d6g9bg,2023-10-29 15.00.27,CANCELLED,ci86ifcsfto8gadth8kg,336700,Lynk & Co,01,"Lynk & Co 01 PHEV DCT, 261hp, 2021",Black,2021,12740
ckv805i9io6g00d6ge30,2023-10-29 15.53.59,CANCELLED,cimkt3a9io6g00fjrou0,485000,Tesla,Model 3,"Tesla Model 3 Long Range AWD, 440hp, 2021",Grey,2021,33080
ckvlm9i9io6g00c0pong,2023-10-30 07.28.38,COMPLETED,cc31ao7jn6s281s109jg,217200,Renault,ZOE,"Renault ZOE R110 52 kWh, 109hp, 2020",Black,2020,29950
ckvmfca9io6g00fh4heg,2023-10-30 08.22.10,COMPLETED,cjn5laq9io6g00cojd30,535400,Hyundai,Ioniq 5,"Hyundai Ioniq 5 77.4 kWh, 228hp, 2023",White,2023,15320
ckvnmea9io6g00fh5790,2023-10-30 09.45.29,CANCELLED,cjdkqeq9io6g00ac5jmg,353100,Tesla,Model 3,"Tesla Model 3 Standard Range Plus, 258hp, 2020",Blue,2020,90080
ckvqg4i9io6g00ako8i0,2023-10-30 12.56.51,COMPLETED,ci86ifcsfto8gadth8kg,336700,Lynk & Co,01,"Lynk & Co 01 PHEV DCT, 261hp, 2021",Black,2021,12740
ckvqmdq9io6g00akocu0,2023-10-30 13.10.16,COMPLETED,cf83s4223akg0092rnpg,576600,Tesla,Model S,"Tesla Model S P100D Ludicrous, 761hp, 2017",Black,2017,53390
ckvr9li9io6g00akop4g,2023-10-30 13.51.19,COMPLETED,cjac2pa9io6g0088lqu0,240900,Renault,ZOE,"Renault ZOE R135 52 kWh, 136hp, 2020",Black,2020,26250
ckvrlma9io6g00akp4dg,2023-10-30 14.16.57,COMPLETED,ciet95a9io6g00eu8r40,717800,Tesla,Model S,"Tesla Model S Long Range AWD, 423hp, 2021",White,2021,45540
ckvs4sa9io6g00akpfd0,2023-10-30 14.49.22,COMPLETED,ckc7ek29io6g00bgahkg,453000,Tesla,Model 3,"Tesla Model 3 Long Range AWD, 440hp, 2020",Black,2020,55390
ckvt97a9io6g00c5ieig,2023-10-30 16.06.53,CANCELLED,cjk5c5q9io6g00ckso3g,398500,Tesla,Model 3,"Tesla Model 3 Long Range AWD, 440hp, 2019",Grey,2019,84740
ckvtm329io6g00c5ikj0,2023-10-30 16.34.20,RETURNED,ckde6bq9io6g00dgqf20,385100,Tesla,Model 3,"Tesla Model 3 Standard Range Plus, 258hp, 2020",Black,2020,67810
ckvv1tq9io6g00c5iutg,2023-10-30 18.07.51,COMPLETED,cknpp029io6g00b0l660,374800,Lynk & Co,01,"Lynk & Co 01 PHEV DCT, 261hp, 2022",Black,2022,8610
ckvv5129io6g00c5j02g,2023-10-30 18.14.29,RETURNED,chfuai29io6g00bgbdc0,225400,Renault,ZOE,"Renault ZOE R135 52 kWh, 136hp, 2020",Black,2020,36790
cl01fqq9io6g00c5jjq0,2023-10-30 20.54.04,COMPLETED,ci48ioq9io6g00c7rkj0,374800,Tesla,Model 3,"Tesla Model 3 Standard Range Plus, 258hp, 2020",White,2020,61390
cl0c3aa9io6g00e1lr60,2023-10-31 08.58.17,COMPLETED,cjeil029io6g00cvi4bg,497300,Volkswagen,ID.4,"Volkswagen ID.4 Pro Performance, 204hp, 2022",Blue,2022,10470
cl0e4o29io6g00b50ce0,2023-10-31 11.17.53,COMPLETED,cimkt3a9io6g00fjrou0,485000,Tesla,Model 3,"Tesla Model 3 Long Range AWD, 440hp, 2021",Grey,2021,33080
cl0fioi9io6g00b4jnp0,2023-10-31 12.56.03,COMPLETED,c9nuiqli0qr71u03c3h0,444800,Jaguar,I-Pace,"Jaguar I-Pace EV400, 400hp, 2019",Black,2019,74640
cl0g5829io6g00baeik0,2023-10-31 13.35.29,COMPLETED,cjmetg29io6g009ol1hg,438600,Renault,Mégane E-TECH,"Renault Mégane E-TECH 60 kWh, 218hp, 2022",,2022,9670
cl0gvvi9io6g00bafjgg,2023-10-31 14.32.30,COMPLETED,cisbnaq9io6g009dlg4g,488100,Polestar,2,"Polestar 2 Long Range Dual Motor, 408hp, 2021",White,2021,37320
cl0h72a9io6g009iltk0,2023-10-31 14.47.37,COMPLETED,cjeca7q9io6g00ebk9m0,605500,Volkswagen,ID.4,"Volkswagen ID.4 GTX, 299hp, 2023",White,2023,11810
cl0hena9io6g009im88g,2023-10-31 15.03.58,COMPLETED,ckbef3i9io6g0085mmu0,509700,Tesla,Model 3,"Tesla Model 3 Long Range AWD, 440hp, 2021",Red,2021,28310
cl0jadi9io6g009inag0,2023-10-31 17.11.18,COMPLETED,cjholni9io6g00ck1k6g,427300,Tesla,Model 3,"Tesla Model 3 Standard Range Plus, 325hp, 2021",White,2021,29790
cl11e329io6g00apkq8g,2023-11-01 09.14.52,COMPLETED,ck7svpa9io6g00ce0de0,378900,Tesla,Model 3,"Tesla Model 3 Standard Range Plus, 258hp, 2020",White,2020,50990
cl14fc29io6g00emc33g,2023-11-01 12.42.24,COMPLETED,cjk5c5q9io6g00ckso3g,398500,Tesla,Model 3,"Tesla Model 3 Long Range AWD, 440hp, 2019",Grey,2019,84740
cl1574i9io6g00emchfg,2023-11-01 13.33.07,COMPLETED,cjiuhji9io6g008e2ad0,211000,Renault,ZOE,"Renault ZOE R110 52 kWh, 109hp, 2020",White,2020,21740
cl185h29io6g0096bgq0,2023-11-01 16.54.29,COMPLETED,ci3q9229io6g00984rr0,492200,Tesla,Model 3,"Tesla Model 3 Performance, 513hp, 2021",Black,2021,71520
cl1l1c29io6g0090vmug,2023-11-02 07.33.04,CANCELLED,ckf6p6a9io6g00b7k0j0,256300,Kia,Niro,"Kia Niro P-HEV DCT, 141hp, 2019",White,2019,18660
cl1ottq9io6g00a8bni0,2023-11-02 11.58.47,COMPLETED,cgcs78i23akg008p60eg,523100,Tesla,Model 3,"Tesla Model 3 Performance, 513hp, 2021",White,2021,33470
cl1qml29io6g00c977g0,2023-11-02 13.59.48,CANCELLED,ch01oui23akg009dmhq0,336700,Kia,Niro,"Kia e-Niro 64 kWh, 204hp, 2020",White,2020,37230
cl1qs5a9io6g00c97cd0,2023-11-02 14.11.34,COMPLETED,cj8iplq9io6g008bkkbg,543700,Kia,Sorento,"Kia Sorento PHEV Automatic, 265hp, 2022",White,2022,35550
cl1revi9io6g00c97ne0,2023-11-02 14.51.43,COMPLETED,cj8i6v29io6g008bkhgg,588000,Volkswagen,ID.4,"Volkswagen ID.4 GTX, 299hp, 2023",Black,2023,6580
cl1vgta9io6g008nd5m0,2023-11-02 19.28.53,COMPLETED,ckf8l0i9io6g008glcpg,329400,BMW,i3,"BMW i3s 120 Ah, 183hp, 2021",Grey,2021,21320
cl2a6k29io6g00bvh360,2023-11-03 07.37.52,COMPLETED,citr8hq9io6g00fpvon0,156400,Renault,ZOE,"Renault ZOE R90 41 kWh, 92hp, 2018",White,2018,82340
cl2b69q9io6g00bvhmpg,2023-11-03 08.45.27,COMPLETED,civs5ci9io6g00de9fvg,631200,Tesla,Model Y,"Tesla Model Y Long Range AWD, 345hp, 2022",White,2022,39060
cl2bboa9io6g00bvi3sg,2023-11-03 08.57.06,COMPLETED,cjhi36a9io6g009oma7g,291300,Kia,Niro,"Kia Niro P-HEV DCT, 141hp, 2021",Black,2021,24030
cl2c3eq9io6g009q5mg0,2023-11-03 09.47.39,CANCELLED,ck6l0ci9io6g00e2udvg,303700,Volkswagen,ID.3,"Volkswagen ID.3 Pro Performance, 204hp, 2021",Grey,2021,64370
cl2dd4a9io6g00creq0g,2023-11-03 11.16.34,COMPLETED,cj0hbc29io6g00df23rg,571500,Tesla,Model 3,"Tesla Model 3 Performance, 513hp, 2021",Black,2021,14460
cl2esta9io6g009tpshg,2023-11-03 12.58.30,COMPLETED,ck6l0ci9io6g00e2udvg,303700,Volkswagen,ID.3,"Volkswagen ID.3 Pro Performance, 204hp, 2021",Grey,2021,64370
cl2fsh29io6g00e10fj0,2023-11-03 14.05.57,COMPLETED,ckd6qjq9io6g009djq80,664200,Tesla,Model Y,"Tesla Model Y Long Range AWD, 345hp, 2022",White,2022,18200
cl2gpia9io6g00e10tkg,2023-11-03 15.07.53,COMPLETED,ce46id9a47e2k1eqane0,556000,Tesla,Model 3,"Tesla Model 3 Long Range AWD, 440hp, 2022",White,2022,21690
cl2i4m29io6g00863n30,2023-11-03 16.39.53,CANCELLED,c802ld5mmudf9q5l7hag,214100,Volkswagen,Golf,"Volkswagen e-Golf 35.8 kWh, 136hk, 2020",White,2018,84780
cl32b9i9io6g009ud0a0,2023-11-04 11.06.14,COMPLETED,ckemodq9io6g00bv4kdg,396400,Tesla,Model 3,"Tesla Model 3 Standard Range Plus, 258hp, 2020",White,2020,40120
cl33cci9io6g009udaqg,2023-11-04 12.16.51,COMPLETED,cjiui4q9io6g008e2ak0,205800,Renault,ZOE,"Renault ZOE R110 52 kWh, 109hp, 2020",White,2020,34500
cl3p7hi9io6g00bou780,2023-11-05 13.08.23,COMPLETED,cj98iha9io6g009t8e3g,615800,Tesla,Model Y,"Tesla Model Y Long Range AWD, 345hp, 2021",Black,2021,46440
cl3qr1a9io6g00boul5g,2023-11-05 14.58.13,CANCELLED,cik0lj29io6g00dfc59g,216100,Renault,ZOE,"Renault ZOE R110 52 kWh, 109hp, 2020",Grey,2020,21040
cl4aj229io6g00bbhqh0,2023-11-06 08.53.29,COMPLETED,cik0trq9io6g00dfc8mg,219200,Renault,ZOE,"Renault ZOE R110 52 kWh, 109hp, 2020",Black,2020,20080
cl4bsuq9io6g00eachug,2023-11-06 10.22.52,COMPLETED,cifh6f29io6g00ehh2v0,572500,Kia,EV6,"Kia EV6 77.4 kWh, 228hp, 2023",Red,2023,9270
cl4fu4a9io6g00ch55m0,2023-11-06 14.58.25,CANCELLED,c8tenh71mg6okc6om2fg,523100,BMW,X3,"BMW X3 xDrive30e Steptronic, 292hk, 2020",Black,2020,73750
cl4g5u29io6g00ch5ang,2023-11-06 15.15.04,COMPLETED,c8tenh71mg6okc6om2fg,523100,BMW,X3,"BMW X3 xDrive30e Steptronic, 292hk, 2020",Black,2020,73750
cl4hnri9io6g00ch6330,2023-11-06 17.01.34,COMPLETED,chvl1rq9io6g00cj6bb0,492200,Tesla,Model 3,"Tesla Model 3 Long Range AWD, 440hp, 2021",Grey,2021,61210
cl4i5q29io6g00afnhe0,2023-11-06 17.31.21,COMPLETED,ck2p6529io6g00d67gl0,385100,Tesla,Model 3,"Tesla Model 3 Standard Range Plus, 258hp, 2020",White,2020,69780
cl4ka2i9io6g008l77s0,2023-11-06 19.56.58,CANCELLED,ckfeida9io6g00a0h3qg,170800,Renault,ZOE,"Renault ZOE R110 41 kWh, 109hp, 2019",Black,2019,47730
cl4u7mq9io6g009u4tfg,2023-11-07 07.14.35,COMPLETED,cf2fkti23akg00dv6qjg,483900,Volvo,V90,"Volvo V90 T6 AWD Recharge T6 TwEn AWD Geartronic, 340hp, 2021",Black,2021,42600
cl4vspq9io6g009u5sjg,2023-11-07 09.07.51,COMPLETED,ckfeida9io6g00a0h3qg,170800,Renault,ZOE,"Renault ZOE R110 41 kWh, 109hp, 2019",Black,2019,47730
cl507d29io6g009u640g,2023-11-07 09.30.28,COMPLETED,ckdeitq9io6g00dgqh10,471600,Tesla,Model 3,"Tesla Model 3 Long Range AWD, 440hp, 2021",Grey,2021,72850
cl50ufa9io6g009u6sfg,2023-11-07 10.19.41,COMPLETED,cjauota9io6g0088phd0,558100,Polestar,2,"Polestar 2 Long Range Single Motor, 231hp, 2023",Silver,2023,8460
cl543si9io6g00977ktg,2023-11-07 13.56.03,CANCELLED,cgupsui23akg0099ubdg,603400,Tesla,Model Y,"Tesla Model Y Long Range AWD, 345hp, 2021",White,2021,28450
cl55jni9io6g00eqto3g,2023-11-07 15.38.07,COMPLETED,cklubb29io6g00d7jf50,489100,Toyota,RAV4,"Toyota RAV4 Plug-in Hybrid E-CVT, 306hp, 2021",White,2021,44660
cl56f129io6g00equ4gg,2023-11-07 16.36.21,COMPLETED,ckfs7ea9io6g00d54ls0,391200,Skoda,Superb,"Škoda Superb iV Combi 1.4 Plug-in Hybrid DSG Sequential, 218hp, 2021",White,2021,11230
cl5ks0a9io6g00e8spa0,2023-11-08 08.59.46,CANCELLED,ci45sga9io6g00c2hff0,437600,Tesla,Model 3,"Tesla Model 3 Long Range AWD, 440hp, 2020",White,2020,55680
cl5loci9io6g00djp090,2023-11-08 10.00.19,COMPLETED,ckbamci9io6g00brktsg,469500,Tesla,Model 3,"Tesla Model 3 Long Range AWD, 440hp, 2021",White,2021,86920
cl5mo3q9io6g00djpj4g,2023-11-08 11.07.59,CANCELLED,ciimsn29io6g00bq6tqg,221300,Toyota,Prius,"Toyota Prius Plug-in Hybrid 1.8 VVT-i Plug-in CVT, 123hp, 2017",Grey,2017,62120
cl5nvqi9io6g00djqatg,2023-11-08 12.32.43,COMPLETED,cd6r922tu0di292lkcp0,547800,Tesla,Model 3,"Tesla Model 3 Long Range AWD, 440hp, 2022",White,2022,29620
cl5ocr29io6g00901320,2023-11-08 13.00.29,COMPLETED,cc495afjn6s281s10g9g,404600,Volkswagen,ID.4,Volkswagen ID.4 Pure Performance,Blue,2021,18980
cl5qpvq9io6g00dalrhg,2023-11-08 15.45.03,COMPLETED,civnuaa9io6g009dfnhg,475700,Tesla,Model 3,"Tesla Model 3 Long Range AWD, 440hp, 2021",White,2021,58250
cl6esga9io6g0094cuv0,2023-11-09 14.35.46,COMPLETED,ckk0k029io6g00duj7p0,664200,Tesla,Model Y,"Tesla Model Y Performance, 450hp, 2022",Black,2022,31850
cl6fqs29io6g00cp4eig,2023-11-09 15.40.33,COMPLETED,cdkicl0mm2ruuq5mti1g,268700,Kia,Optima,"Kia Optima Sport Wagon Plug-in Hybrid Automatic, 205hp, 2020",Red,2020,74800
cl6ggai9io6g00c2h52g,2023-11-09 16.26.19,COMPLETED,cjbsiia9io6g00c1rolg,720800,Tesla,Model S,"Tesla Model S Long Range AWD, 423hp, 2021",Black,2021,30910
cl6gok29io6g00c2h89g,2023-11-09 16.44.01,CANCELLED,cj02gla9io6g00degk80,689900,Volvo,XC90,"Volvo XC90 T8 AWD Recharge T8 TwEn AWD Geartronic, 392hp, 2021",Grey,2021,51840
cl6ugj29io6g00clsq70,2023-11-10 08.22.37,CANCELLED,cj6o5129io6g00b101kg,184200,Renault,ZOE,"Renault ZOE R110 41 kWh, 109hp, 2019",Black,2019,34700
cl6vq829io6g00cltgh0,2023-11-10 09.51.28,RETURNED,ci45sga9io6g00c2hff0,437600,Tesla,Model 3,"Tesla Model 3 Long Range AWD, 440hp, 2020",White,2020,55680
cl70qui9io6g00bkobag,2023-11-10 11.01.14,CANCELLED,cik0lj29io6g00dfc59g,216100,Renault,ZOE,"Renault ZOE R110 52 kWh, 109hp, 2020",Grey,2020,21040
cl70rs29io6g00bkobv0,2023-11-10 11.03.12,COMPLETED,cjdlhoa9io6g00ac6210,474700,Polestar,2,"Polestar 2 Long Range Dual Motor, 408hp, 2021",Black,2021,76610
cl73j529io6g00f1eucg,2023-11-10 14.09.25,RETURNED,cj9p86i9io6g0088hsog,591100,Tesla,Model Y,"Tesla Model Y Long Range AWD, 345hp, 2021",White,2021,43900
cl768j29io6g00d64h70,2023-11-10 17.11.41,COMPLETED,ciohoui9io6g00b6f560,594200,Polestar,2,"Polestar 2 Long Range Dual Motor, 408hp, 2023",White,2023,20720
cl7lnh29io6g00eo5o20,2023-11-11 10.47.32,CANCELLED,ckdfeua9io6g00dgqkq0,447900,Tesla,Model 3,"Tesla Model 3 Standard Range Plus, 325hp, 2021",Black,2021,23910
cl7n32q9io6g00e7m42g,2023-11-11 12.20.28,COMPLETED,cgi8mh223akg00c45kr0,358300,Volkswagen,ID.3,"Volkswagen ID.3 Pro Performance, 204hp, 2021",Grey,2021,36850
cl7trsq9io6g008u4i5g,2023-11-11 20.02.59,COMPLETED,ci466gq9io6g00c2hh7g,617800,Skoda,Enyaq iV,"Škoda Enyaq iV 80X, 265hp, 2022",White,2022,14120
cl8c89a9io6g00fvm270,2023-11-12 12.25.09,COMPLETED,cdl52ir5i87vc0klqg10,219200,Nissan,Leaf,"Nissan Leaf 40 kWh, 149hp, 2019",White,2019,27060
cl8cq729io6g00fvm6ng,2023-11-12 13.03.25,COMPLETED,cknp1lq9io6g00b0kp90,324300,Peugeot,3008,peugeot 3008 gt hybrid 1.6 + 13.2 kwh 4wd eat,Black,2021,42490
cl8eeuq9io6g00au44rg,2023-11-12 14.55.55,COMPLETED,cjn2joq9io6g00diu45g,523100,Tesla,Model 3,"Tesla Model 3 Performance, 513hp, 2021",Blue,2021,27340
cl8imh29io6g00eq1jig,2023-11-12 19.45.09,CANCELLED,cknpdgq9io6g00b0kv30,350000,Lynk & Co,01,"Lynk & Co 01 PHEV DCT, 261hp, 2022",Blue,2022,7410
cl8sam29io6g00e5ed8g,2023-11-13 06.42.32,COMPLETED,cj56hsa9io6g00a3ase0,277900,Kia,Soul,"Kia e-Soul 64 kWh, 204hp, 2020",Blue,2020,68310
cl8u7129io6g00bt3jt0,2023-11-13 08.51.16,COMPLETED,ck7hboi9io6g009a4ih0,492200,Tesla,Model 3,"Tesla Model 3 Long Range AWD, 440hp, 2021",Grey,2021,57470
cl90cc29io6g00bpg5a0,2023-11-13 11.19.12,CANCELLED,cknpnui9io6g00b0l5f0,350000,Lynk & Co,01,"Lynk & Co 01 PHEV DCT, 261hp, 2022",Black,2022,7810
cl92ji29io6g00dvhorg,2023-11-13 13.51.04,COMPLETED,ci7ebti9io6g00cf2k0g,182200,Volkswagen,up!,"Volkswagen e-up! 32.3 kWh, 83hp, 2020",White,2020,52860
cl92l8a9io6g00dvhq90,2023-11-13 13.54.42,COMPLETED,ckop8di9io6g00b86010,438600,Volkswagen,ID.4,"Volkswagen ID.4 Pro Performance, 204hp, 2022",Grey,2022,40080
cl93fpq9io6g00dvibug,2023-11-13 14.51.20,COMPLETED,cjnl9ma9io6g00821asg,308800,Nissan,Leaf,"Nissan Leaf, 150hp, 2022",Blue,2022,3570
cl94eki9io6g00dvirq0,2023-11-13 15.57.07,CANCELLED,cd7f8tj6sl5embl45hfg,277900,Kia,Ceed,"Kia Ceed Sportswagon Plug-in Hybrid DCT, 141hp, 2021",Black,2021,35820
cl94l029io6g00dvj0og,2023-11-13 16.10.41,COMPLETED,cjifimq9io6g0093u0sg,255300,BMW,3 Series,"BMW 330e Sedan Steptronic, 252hp, 2017",White,2017,67470
cl94qu29io6g00dvj3e0,2023-11-13 16.23.20,RETURNED,ck3djti9io6g00eipj9g,602400,Kia,EV6,"Kia EV6 77.4 kWh AWD, 325hp, 2022",White,2022,12780
cl952m29io6g00dvj5vg,2023-11-13 16.39.52,COMPLETED,ckjb2ai9io6g00agsgqg,617800,Kia,EV6,"Kia EV6 77.4 kWh AWD, 325hp, 2022",White,2022,16910
cl9jlqa9io6g00duqcng,2023-11-14 09.16.25,CANCELLED,ckj6afa9io6g00dtqspg,749700,Mercedes-Benz,EQC,"Mercedes-Benz EQC 400, 408hp, 2023",Black,2023,14430
cl9kpoq9io6g00dur050,2023-11-14 10.33.08,COMPLETED,cgl9p7223akg008k27sg,426300,Audi,Q4 e-tron,"Audi Q4 35 e-tron, 170hp, 2022",Black,2022,10730
cl9ono29io6g00arm9q0,2023-11-14 15.01.53,COMPLETED,cj964i29io6g009t82jg,165700,Renault,ZOE,"Renault ZOE R110 41 kWh, 109hp, 2019",,2019,74990
cl9p6v29io6g00djcjlg,2023-11-14 15.34.20,COMPLETED,cjaa0u29io6g0088l2c0,660100,Tesla,Model S,"Tesla Model S Long Range AWD, 423hp, 2020",Red,2020,35490
cl9rhnq9io6g00djdbd0,2023-11-14 18.13.52,CANCELLED,cknppcq9io6g00b0l6h0,350000,Lynk & Co,01,"Lynk & Co 01 PHEV DCT, 261hp, 2022",Blue,2022,9980
cl9v4ai9io6g00djdopg,2023-11-14 22.18.18,COMPLETED,ckn9e7q9io6g00cfoelg,360300,Lynk & Co,01,"Lynk & Co 01 PHEV DCT, 261hp, 2022",Black,2022,11190
cla9h9a9io6g00btcutg,2023-11-15 10.08.37,COMPLETED,cac7j77hagiohktuk610,565300,Polestar,2,"Polestar 2 Long Range Dual, 408hp, 2022",White,2022,7980
claag529io6g008a0amg,2023-11-15 11.14.28,CANCELLED,cclkf74aq8b2n322sq20,250100,Hyundai,Ioniq,Hyundai Ioniq Plug-In Hybrid Premium Adap Farth Keyless Kamera V-hjul,,2020,46470
clabdu29io6g008a0qt0,2023-11-15 12.18.00,CANCELLED,ch7vsdq9io6g00c2b4e0,427300,Tesla,Model 3,"Tesla Model 3 Long Range AWD, 440hp, 2019",White,2019,52480
clacbpq9io6g008a1dkg,2023-11-15 13.21.44,COMPLETED,cj8lp529io6g008bli8g,469500,Tesla,Model 3,"Tesla Model 3 Long Range AWD, 440hp, 2021",White,2021,52930
clad92i9io6g00dne400,2023-11-15 14.24.11,CANCELLED,cj8k21a9io6g008bkv40,743500,BMW,4 Series,"BMW i4 M50 83.9 kWh, 544hp, 2023",Red,2023,11210
clada0i9io6g00dne4p0,2023-11-15 14.26.10,COMPLETED,cj02gla9io6g00degk80,689900,Volvo,XC90,"Volvo XC90 T8 AWD Recharge T8 TwEn AWD Geartronic, 392hp, 2021",Grey,2021,51840
claef529io6g00ft57rg,2023-11-15 15.45.25,CANCELLED,cit589q9io6g00fpr1jg,545700,Polestar,2,"Polestar 2 Long Range Dual Motor, 408hp, 2021",Grey,2021,30910
clau8sq9io6g00fme9ag,2023-11-16 09.44.20,CANCELLED,cksi80a9io6g00985f0g,617800,Volvo,XC60,"Volvo XC60 T8 AWD Recharge T8 TwEn AWD Geartronic, 392hp, 2022",Black,2022,42540
clavbfq9io6g00fmetbg,2023-11-16 10.58.07,CANCELLED,cgupsui23akg0099ubdg,603400,Tesla,Model Y,"Tesla Model Y Long Range AWD, 345hp, 2021",White,2021,28450
clavnmi9io6g00fmff70,2023-11-16 11.24.11,CANCELLED,cd25tdr6hnk63j81d4u0,547800,Tesla,Model Y,"Tesla Model Y Long Range AWD, 345hp, 2021",Blue,2021,35190
clb05lq9io6g00fmfkf0,2023-11-16 11.53.59,COMPLETED,cknpnui9io6g00b0l5f0,350000,Lynk & Co,01,"Lynk & Co 01 PHEV DCT, 261hp, 2022",Black,2022,7810
clb29li9io6g00fmguig,2023-11-16 14.19.02,COMPLETED,cit589q9io6g00fpr1jg,545700,Polestar,2,"Polestar 2 Long Range Dual Motor, 408hp, 2021",Grey,2021,30910
clb5be29io6g00fmi6jg,2023-11-16 17.47.37,COMPLETED,ckk1a2a9io6g00dujeig,438600,Volkswagen,ID.4,"Volkswagen ID.4 Pro Performance, 204hp, 2021",Grey,2021,40730
clb891i9io6g00fmimrg,2023-11-16 21.07.18,RETURNED,cd25tdr6hnk63j81d4u0,547800,Tesla,Model Y,"Tesla Model Y Long Range AWD, 345hp, 2021",Blue,2021,35190
clb8t829io6g00fmiqn0,2023-11-16 21.50.24,COMPLETED,cik0lj29io6g00dfc59g,215100,Renault,ZOE,"Renault ZOE R110 52 kWh, 109hp, 2020",Grey,2020,21040
clbif2a9io6g00fmlk60,2023-11-17 08.42.49,COMPLETED,cku7gfa9io6g00cflv3g,566300,Volvo,XC40,"Volvo XC40 Recharge Single Motor, 231hp, 2023",Blue,2023,13260
clbj6i29io6g00fmluj0,2023-11-17 09.32.57,COMPLETED,cj4g8g29io6g00fl514g,597200,Skoda,Enyaq iV,"Škoda Enyaq iV 80X, 265hp, 2023",Grey,2023,15000
clbj7fa9io6g00fmm01g,2023-11-17 09.34.53,COMPLETED,ck6l9k29io6g00e2uj3g,562200,Skoda,Enyaq iV,"Škoda Enyaq iV 80, 204hp, 2022",Grey,2022,29630
clbl2kq9io6g00fmnd2g,2023-11-17 11.41.08,COMPLETED,ckihgqq9io6g009j3rb0,321200,Kia,Niro,"Kia e-Niro 64 kWh, 204hp, 2019",Grey,2019,16620
clbncmq9io6g00fmot20,2023-11-17 14.19.08,COMPLETED,ca3qf8sqpmd6pslp48sg,464400,Polestar,2,"Polestar 2 Long Range Dual Motor, 408hk, 2021",Grey,2021,69100
clbpfea9io6g00fmptq0,2023-11-17 16.41.29,CANCELLED,ckbdicq9io6g0085m3ng,340800,Kia,Niro,"Kia e-Niro 64 kWh, 204hp, 2020",Grey,2020,42790
clbtsu29io6g00fmqqeg,2023-11-17 21.43.20,COMPLETED,cke5er29io6g00f4fl50,481900,Tesla,Model 3,"Tesla Model 3 Long Range AWD, 440hp, 2021",Grey,2021,61040
clc5t6q9io6g00fms660,2023-11-18 06.50.04,COMPLETED,cdhmhoe2cps93ahq0o3g,170800,Renault,ZOE,"Renault ZOE R110 41 kWh, 109hp, 2019",White,2019,58100
clchk8q9io6g00fmutig,2023-11-18 20.10.11,CANCELLED,cj9107a9io6g009t5ro0,432400,Tesla,Model 3,"Tesla Model 3 Standard Range Plus, 325hp, 2021",White,2021,49460
clctiii9io6g00fn11v0,2023-11-19 09.45.46,COMPLETED,cj6o5129io6g00b101kg,180100,Renault,ZOE,"Renault ZOE R110 41 kWh, 109hp, 2019",Black,2019,34700
cld11j29io6g00fn26mg,2023-11-19 13.42.37,COMPLETED,ckja3pq9io6g00dtsh8g,490100,Volkswagen,ID.4,"Volkswagen ID.4 Pro Performance, 204hp, 2023",Black,2023,3420
cld53c29io6g00fn35mg,2023-11-19 18.19.29,COMPLETED,ch01oui23akg009dmhq0,329400,Kia,Niro,"Kia e-Niro 64 kWh, 204hp, 2020",White,2020,37230
cldgi229io6g00fn5ijg,2023-11-20 07.21.45,CANCELLED,ckp6jl29io6g008954l0,734200,Mercedes-Benz,EQC,"Mercedes-Benz EQC 400, 408hp, 2023",Black,2023,14430
cldi05a9io6g00fn69ng,2023-11-20 09.00.05,COMPLETED,chlkf7i9io6g00cddv8g,498400,Tesla,Model 3,"Tesla Model 3 Long Range AWD, 440hp, 2021",White,2021,26570
cldisma9io6g00fn6ml0,2023-11-20 10.00.57,CANCELLED,ci87q24sfto8gadti5ug,347000,Lynk & Co,01,"Lynk & Co 01 PHEV DCT, 261hp, 2022",Blue,2022,7250
cldjci29io6g00fn74tg,2023-11-20 10.34.49,COMPLETED,cknpdgq9io6g00b0kv30,350000,Lynk & Co,01,"Lynk & Co 01 PHEV DCT, 261hp, 2022",Blue,2022,7410
cldkntq9io6g00be1r90,2023-11-20 12.07.19,COMPLETED,ckj6afa9io6g00dtqspg,734200,Mercedes-Benz,EQC,"Mercedes-Benz EQC 400, 408hp, 2023",Black,2023,14430
cldm4f29io6g00be2sg0,2023-11-20 13.42.21,COMPLETED,ci87q24sfto8gadti5ug,347000,Lynk & Co,01,"Lynk & Co 01 PHEV DCT, 261hp, 2022",Blue,2022,7250
cle57k29io6g00be706g,2023-11-21 06.53.05,COMPLETED,cl12afq9io6g0094nco0,478800,Polestar,2,"Polestar 2 Long Range Dual Motor, 408hp, 2021",White,2021,45090
cle7f9q9io6g008velc0,2023-11-21 09.25.59,CANCELLED,ck7ipci9io6g009a4p2g,341800,Kia,Niro,"Kia e-Niro 64 kWh, 204hp, 2020",White,2020,40840
cle8p7a9io6g008dd31g,2023-11-21 10.55.26,COMPLETED,ciimsn29io6g00bq6tqg,215100,Toyota,Prius,"Toyota Prius Plug-in Hybrid 1.8 VVT-i Plug-in CVT, 123hp, 2017",Grey,2017,62120
cleagai9io6g008de790,2023-11-21 12.52.58,CANCELLED,ckkekgq9io6g00a004s0,215100,Kia,Niro,"Kia Niro P-HEV DCT, 141hp, 2019",White,2019,76490
clear0i9io6g008dehv0,2023-11-21 13.15.46,CANCELLED,cjb46a29io6g00c1obo0,623000,Tesla,Model Y,"Tesla Model Y Long Range AWD, 345hp, 2021",White,2021,10750
cledacq9io6g00cahc0g,2023-11-21 16.05.08,RETURNED,cf2567q23akg00dv6o30,477800,Volkswagen,ID.4,"Volkswagen ID.4 Pro Performance, 204hp, 2021",Grey,2021,31870
cledaka9io6g00cahc8g,2023-11-21 16.05.37,COMPLETED,ckt5dli9io6g00bm8njg,342800,Kia,Niro,"Kia e-Niro 64 kWh, 204hp, 2020",White,2020,46790
clee9lq9io6g00cahmig,2023-11-21 17.11.51,COMPLETED,ckv63ii9io6g00d6g37g,214100,BMW,i3,"BMW i3 94 Ah REX Automatic, 170hp, 2017",White,2017,67000
clet8aq9io6g00f13usg,2023-11-22 10.12.59,CANCELLED,ch7saci9io6g00c2ap30,589000,Volkswagen,ID.4,"Volkswagen ID.4 GTX, 299hp, 2023",Silver,2023,16860
cletk129io6g00f143f0,2023-11-22 10.37.57,CANCELLED,chqs5na9io6g00ck9ig0,728100,Tesla,Model X,"Tesla Model X Long Range, 423hp, 2020",White,2020,50730
clf2h9a9io6g00cfgkp0,2023-11-22 16.13.25,CANCELLED,ckd8qkq9io6g00fbg8kg,735300,Volvo,XC90,"Volvo XC90 T8 AWD Recharge T8 TwEn AWD Geartronic, 392hp, 2022",Grey,2022,44220
clf40aa9io6g00cfgppg,2023-11-22 17.53.45,COMPLETED,cknbftq9io6g008joop0,556200,Audi,e-tron,"Audi e-tron 55 quattro, 408hp, 2020",White,2020,50080
clfh9li9io6g00cfhlc0,2023-11-23 09.01.11,COMPLETED,cktmekq9io6g00edo580,314000,Volkswagen,ID.3,"Volkswagen ID.3 Pro Performance, 204hp, 2021",Grey,2021,32750
clfi8ci9io6g00fo784g,2023-11-23 10.06.42,COMPLETED,cj1mk3i9io6g00dgbk90,490100,BMW,3 Series,"BMW 330e xDrive Touring Steptronic, 292hp, 2023",White,2023,31430
clfihfq9io6g00fo7amg,2023-11-23 10.26.08,CANCELLED,ck2qik29io6g00d67s3g,289300,Kia,Optima,"Kia Optima Sport Wagon Plug-in Hybrid Automatic, 205hp, 2020",Black,2020,44040
clfji7a9io6g00fo7m50,2023-11-23 11.35.58,COMPLETED,ckd8qkq9io6g00fbg8kg,735300,Volvo,XC90,"Volvo XC90 T8 AWD Recharge T8 TwEn AWD Geartronic, 392hp, 2022",Grey,2022,44220
clfl39i9io6g00fo8fs0,2023-11-23 13.20.39,CANCELLED,cjb46a29io6g00c1obo0,617800,Tesla,Model Y,"Tesla Model Y Long Range AWD, 345hp, 2021",White,2021,10750
clflsgi9io6g00fo8rug,2023-11-23 14.14.26,CANCELLED,cdn3lrv24uh56lfiiicg,624000,Tesla,Model S,"Tesla Model S P100D Ludicrous, 761hp, 2018",Black,2018,66290
clfnn0i9io6g00fo9jbg,2023-11-23 16.19.14,COMPLETED,cj8k21a9io6g008bkv40,722900,BMW,4 Series,"BMW i4 M50 83.9 kWh, 544hp, 2023",Red,2023,11210
clfo0ca9io6g00fo9m40,2023-11-23 16.39.14,CANCELLED,cji7vna9io6g0093pbg0,343900,Kia,Niro,"Kia e-Niro 64 kWh, 204hp, 2020",Red,2020,25630
clfo8qi9io6g00fo9nkg,2023-11-23 16.57.14,RETURNED,ckcj8da9io6g008knrkg,628100,Tesla,Model Y,"Tesla Model Y Long Range AWD, 345hp, 2022",Black,2022,32310
clfqbg29io6g00fo9rqg,2023-11-23 19.19.28,CANCELLED,cjm57hi9io6g00bt0ong,779600,BMW,X5,"BMW X5 xDrive45e iPerformance Steptronic, 394hp, 2020",Black,2020,48500
clg9lpi9io6g00bcj3s0,2023-11-24 12.45.26,CANCELLED,ci86q1ssfto8gadthdtg,326400,Lynk & Co,01,"Lynk & Co 01 PHEV DCT, 261hp, 2021",Blue,2021,23040
clg9nu29io6g00bcj4i0,2023-11-24 12.50.01,CANCELLED,ckn5jdq9io6g00cfmd1g,330500,Volkswagen,Passat,"Volkswagen Passat Variant GTE DSG Sequential, 218hp, 2021",Red,2021,25060
clg9v4i9io6g00bcj7lg,2023-11-24 13.05.23,COMPLETED,carp0g77c5450ge5ga0g,221300,Renault,ZOE,"Renault ZOE R135 52 kWh, 136hp, 2020",Black,2020,40990
clgakmi9io6g00bcjdc0,2023-11-24 13.51.23,CANCELLED,ckn7g4a9io6g00cfnc6g,581800,Tesla,Model Y,"Tesla Model Y Long Range AWD, 345hp, 2021",Black,2021,36980
clgbrp29io6g00bck6s0,2023-11-24 15.14.44,COMPLETED,ckn9hqi9io6g00cfofk0,356200,Lynk & Co,01,"Lynk & Co 01 PHEV DCT, 261hp, 2022",Black,2022,10210
clgbstq9io6g00bck840,2023-11-24 15.17.11,COMPLETED,cin764i9io6g00fu6p5g,330500,Mercedes-Benz,A-Class,"Mercedes-Benz A 250 e 8G-DCT, 218hp, 2021",Black,2021,42560
clgdmcq9io6g00bckiv0,2023-11-24 17.19.48,COMPLETED,cknppcq9io6g00b0l6h0,348000,Lynk & Co,01,"Lynk & Co 01 PHEV DCT, 261hp, 2022",Blue,2022,9980
clh0b6a9io6g00bcl360,2023-11-25 14.32.57,RETURNED,ci86q1ssfto8gadthdtg,326400,Lynk & Co,01,"Lynk & Co 01 PHEV DCT, 261hp, 2021",Blue,2021,23040
clh0nb29io6g00bcl460,2023-11-25 14.58.53,CANCELLED,cjgdbva9io6g00b6877g,384000,Tesla,Model 3,"Tesla Model 3 Standard Range Plus, 258hp, 2019",White,2019,35570
clh2bjq9io6g00bcla1g,2023-11-25 16.50.24,CANCELLED,cj4obt29io6g00fe94o0,915500,Porsche,Taycan,"Porsche Taycan 4S Direct Drive/Automatic, 571hp, 2020",Grey,2020,51810
clh39ki9io6g00ce1ms0,2023-11-25 17.54.26,CANCELLED,cj4obt29io6g00fe94o0,915500,Porsche,Taycan,"Porsche Taycan 4S Direct Drive/Automatic, 571hp, 2020",Grey,2020,51810
clh39rq9io6g00ce1n5g,2023-11-25 17.54.55,CANCELLED,cj4obt29io6g00fe94o0,915500,Porsche,Taycan,"Porsche Taycan 4S Direct Drive/Automatic, 571hp, 2020",Grey,2020,51810
clhi3ra9io6g00ce1ve0,2023-11-26 10.46.05,COMPLETED,ci9vm129io6g0094vfj0,589000,Mercedes-Benz,EQC,"Mercedes-Benz EQC 400, 408hp, 2021",Black,2021,53310
clhiih29io6g00ce215g,2023-11-26 11.17.24,COMPLETED,cbvkefajnl20thd1an90,218200,Nissan,Leaf,Nissan Leaf 40 kWh 149hk N-Connecta V-hjul 360Kamera Nav,Green,2020,42910
clhim3q9io6g00ce21rg,2023-11-26 11.25.04,COMPLETED,ckn7cl29io6g00cfn9bg,543700,Tesla,Model 3,"Tesla Model 3 Long Range AWD, 440hp, 2022",Red,2022,15530
clhivo29io6g00ce22n0,2023-11-26 11.45.37,COMPLETED,chjsoba9io6g0089hvlg,546800,Mercedes-Benz,EQC,"Mercedes-Benz EQC 400, 408hp, 2020",Black,2020,41010
clhoa3i9io6g00ce2jng,2023-11-26 17.49.02,CANCELLED,ciumcgq9io6g00fq3i20,404600,Volkswagen,Tiguan,"Volkswagen Tiguan eHybrid DSG Sequential, 245hp, 2021",Silver,2021,27830
cli49429io6g00ce2rk0,2023-11-27 07.26.09,COMPLETED,cjtkkdq9io6g008efvl0,463300,Tesla,Model 3,"Tesla Model 3 Long Range AWD, 440hp, 2020",White,2020,26190
cli633a9io6g00ce3fbg,2023-11-27 09.29.50,COMPLETED,cgupsui23akg0099ubdg,603400,Tesla,Model Y,"Tesla Model Y Long Range AWD, 345hp, 2021",White,2021,28450
cli79ki9io6g00ce3teg,2023-11-27 10.52.02,CANCELLED,cc6vog7jn6s281s11190,319100,Lynk & Co,01,"Lynk & Co 01 PHEV DCT, 261hp, 2021",Blue,2021,22310
cli7klq9io6g00ce41h0,2023-11-27 11.15.35,CANCELLED,cknp7ka9io6g00b0krfg,319100,Lynk & Co,01,"Lynk & Co 01 PHEV DCT, 261hp, 2021",Blue,2021,7300
cli8apa9io6g00ce4av0,2023-11-27 12.02.45,COMPLETED,ckb71ea9io6g00fo3vf0,260400,Kia,Ceed,"Kia Ceed Sportswagon Plug-in Hybrid DCT, 141hp, 2021",Grey,2021,48730
clialga9io6g00ce5v50,2023-11-27 14.42.09,COMPLETED,cl1qh6i9io6g00a8cqpg,370600,Lynk & Co,01,"Lynk & Co 01 PHEV DCT, 261hp, 2022",Black,2022,6330
clibiqi9io6g00a7rev0,2023-11-27 15.44.42,COMPLETED,cl4b8ka9io6g00cdpc4g,353100,Kia,Niro,"Kia e-Niro 64 kWh, 204hp, 2020",Grey,2020,17580
clif0la9io6g00a7rpig,2023-11-27 19.39.01,COMPLETED,ckf6p6a9io6g00b7k0j0,251200,Kia,Niro,"Kia Niro P-HEV DCT, 141hp, 2019",White,2019,18660
clioikq9io6g009ujif0,2023-11-28 06.31.47,COMPLETED,cin9sm29io6g00fube60,513800,Tesla,Model 3,"Tesla Model 3 Long Range AWD, 440hp, 2021",Grey,2021,17310
clir7fq9io6g009ukiv0,2023-11-28 09.32.47,CANCELLED,civaasa9io6g009d0t80,473600,Kia,EV6,"Kia EV6 77.4 kWh, 228hp, 2022",Black,2022,43070
clisuh29io6g009ul5b0,2023-11-28 11.30.12,COMPLETED,ciht5ji9io6g009b3nng,360300,Tesla,Model 3,"Tesla Model 3 Standard Range Plus, 258hp, 2020",Black,2020,71490
clithuq9io6g009ulfo0,2023-11-28 12.11.39,COMPLETED,ckp6jl29io6g008954l0,734200,Mercedes-Benz,EQC,"Mercedes-Benz EQC 400, 408hp, 2023",Black,2023,14430
clitidi9io6g009ulg60,2023-11-28 12.12.38,COMPLETED,cj8tglq9io6g009t44ug,248100,Nissan,Leaf,"Nissan Leaf, 150hp, 2021",Grey,2021,10770
clj0he29io6g009umcag,2023-11-28 15.35.21,CANCELLED,cj1n3ni9io6g00f4au50,519000,Kia,Sorento,"Kia Sorento PHEV Automatic, 265hp, 2021",Black,2021,36530
clj0vua9io6g009ummh0,2023-11-28 16.06.18,CANCELLED,cj1n3ni9io6g00f4au50,519000,Kia,Sorento,"Kia Sorento PHEV Automatic, 265hp, 2021",Black,2021,36530
clj2n7a9io6g009umto0,2023-11-28 18.04.13,COMPLETED,ckmkkeq9io6g009s3l90,464400,Tesla,Model 3,"Tesla Model 3 Performance, 510hp, 2020",White,2020,23540
clj5s1q9io6g009un1l0,2023-11-28 21.39.20,COMPLETED,ckrbpqq9io6g00f373gg,396400,Tesla,Model 3,"Tesla Model 3 Long Range AWD, 440hp, 2019",White,2019,83720
cljjc4q9io6g009up5q0,2023-11-29 13.01.08,COMPLETED,cl7mk9a9io6g00eo5u0g,487000,Volkswagen,ID.4,"Volkswagen ID.4 Pro Performance, 204hp, 2023",Grey,2023,6090
cljjpoq9io6g009upe0g,2023-11-29 13.30.11,COMPLETED,cjis2ki9io6g008e12ng,361400,BMW,3 Series,"BMW 330e Sedan Steptronic, 292hp, 2020",Silver,2020,51460
cljka3q9io6g009upjig,2023-11-29 14.05.04,COMPLETED,cg8tqna23akg008bf250,411800,Volvo,V60,"Volvo V60 T6 AWD Recharge T6 TwEn AWD Geartronic, 340hp, 2021",Blue,2021,86170
cljlatq9io6g009uq4g0,2023-11-29 15.15.04,COMPLETED,ch7saci9io6g00c2ap30,589000,Volkswagen,ID.4,"Volkswagen ID.4 GTX, 299hp, 2023",Silver,2023,16860
clk3t0a9io6g009ur6ng,2023-11-30 07.49.22,CANCELLED,cgo7api23akg00ehf940,299600,Hyundai,Kona,"Hyundai Kona Electric 64 kWh, 204hp, 2020",Grey,2020,63540
clk59ti9io6g009usd5g,2023-11-30 09.25.11,COMPLETED,cir62729io6g00cape20,516900,Mazda,CX-60,"Mazda CX-60 PHEV Automatic, 327hp, 2022",Grey,2022,13540
clk5cvi9io6g009usdn0,2023-11-30 09.31.43,COMPLETED,ca7fe9hsujklf4ida3v0,538500,Tesla,Model S,Tesla Model S Long Range AWD Leasbar Pano Autopilot V-hjul,Black,2019,63460
clk5rta9io6g009usllg,2023-11-30 10.03.34,COMPLETED,cicopki9io6g00bdnvv0,235700,BMW,2 Series Active/Gran Tourer,"BMW 225xe Active Tourer Steptronic, 224hp, 2019",Grey,2019,64980
clk6voa9io6g009ut5d0,2023-11-30 11.20.01,COMPLETED,cju2eli9io6g00elc30g,400500,Tesla,Model 3,"Tesla Model 3 Long Range AWD, 440hp, 2019",Grey,2019,70090
clk8n429io6g009utm30,2023-11-30 13.18.08,COMPLETED,cksi80a9io6g00985f0g,592100,Volvo,XC60,"Volvo XC60 T8 AWD Recharge T8 TwEn AWD Geartronic, 392hp, 2022",Black,2022,42540
clka54i9io6g00dfvskg,2023-11-30 14.56.19,COMPLETED,cknp7ka9io6g00b0krfg,319100,Lynk & Co,01,"Lynk & Co 01 PHEV DCT, 261hp, 2021",Blue,2021,7300
clkaav29io6g00dfvv40,2023-11-30 15.08.45,COMPLETED,ckdfeua9io6g00dgqkq0,416000,Tesla,Model 3,"Tesla Model 3 Standard Range Plus, 325hp, 2021",Black,2021,23910
clkbov29io6g00dg057g,2023-11-30 16.46.53,COMPLETED,ckn7g4a9io6g00cfnc6g,570500,Tesla,Model Y,"Tesla Model Y Long Range AWD, 345hp, 2021",Black,2021,36980
clkddc29io6g00dg0880,2023-11-30 18.38.40,COMPLETED,ciupchi9io6g00fq3vdg,385100,Mercedes-Benz,E-Class,"Mercedes-Benz E 300 de T PLUG-IN 9G-Tronic, 306hp, 2019",Red,2019,81630
clko2nq9io6g009k4cbg,2023-12-01 06.46.55,COMPLETED,ck5l3bq9io6g00aekifg,421100,Tesla,Model 3,"Tesla Model 3 Long Range AWD, 440hp, 2019",Grey,2019,34410
clkun8q9io6g00ckta5g,2023-12-01 14.20.19,COMPLETED,cl8d3ii9io6g00fvm8sg,659000,Tesla,Model Y,"Tesla Model Y Long Range AWD, 345hp, 2023",Grey,2023,11290
clkuquq9io6g00cktrgg,2023-12-01 14.28.12,COMPLETED,cihhk3i9io6g009b2ak0,366500,BMW,X1,"BMW X1 xDrive25e Steptronic, 220hp, 2021",Black,2021,55200
cll1om29io6g00ckuivg,2023-12-01 17.48.08,COMPLETED,cj8cgp29io6g008bhidg,432400,Toyota,RAV4,"Toyota RAV4 Plug-in Hybrid E-CVT, 306hp, 2020",Grey,2020,42150
cllf1ui9io6g00ckuugg,2023-12-02 08.55.23,CANCELLED,cj94c3i9io6g009t7k00,732200,Tesla,Model X,"Tesla Model X Long Range, 423hp, 2020",Blue,2020,57430
clli7va9io6g00ckvbfg,2023-12-02 12.33.01,COMPLETED,cj8jgea9io6g008bkrug,319100,Mini,Countryman,"MINI Cooper SE ALL4 Countryman Automatic, 224hp, 2020",Grey,2020,27210
cllj79q9io6g00ckveg0,2023-12-02 13.39.52,COMPLETED,cl30l1a9io6g009uch60,685800,Tesla,Model Y,"Tesla Model Y Performance, 450hp, 2023",Black,2023,14010
clljp829io6g00ckvga0,2023-12-02 14.18.09,COMPLETED,cg8ru5223akg00c9dc60,509700,Tesla,Model 3,"Tesla Model 3 Long Range AWD, 440hp, 2022",White,2022,25810
cllkoei9io6g00ckvil0,2023-12-02 15.24.42,COMPLETED,ce7f8bn0c1kr68pfpubg,262500,Peugeot,3008,"Peugeot 3008 GT Hybrid4 1.6 + 13.2 kWh 4WD EAT, 300hp, 2020",Brown,2020,82060
cllq9ai9io6g00ckvoug,2023-12-02 21.42.03,COMPLETED,cjvhi3a9io6g00bapf7g,225400,Hyundai,Ioniq,"Hyundai Ioniq Plug-in 1.6 + 8.9 kWh DCT, 164hp, 2019",,2019,67050
clm4vga9io6g00ckvveg,2023-12-03 09.52.01,COMPLETED,cd7f8tj6sl5embl45hfg,267600,Kia,Ceed,"Kia Ceed Sportswagon Plug-in Hybrid DCT, 141hp, 2021",Black,2021,35820
clm7viq9io6g00cl085g,2023-12-03 13.17.00,COMPLETED,chj4of29io6g0089c5q0,225400,BMW,2 Series Active/Gran Tourer,"BMW 225xe Active Tourer Steptronic, 224hp, 2017",Blue,2017,48520
clm879i9io6g00cl08u0,2023-12-03 13.33.26,CANCELLED,ciumcgq9io6g00fq3i20,391200,Volkswagen,Tiguan,"Volkswagen Tiguan eHybrid DSG Sequential, 245hp, 2021",Silver,2021,27830
clm8a3i9io6g00cl09j0,2023-12-03 13.39.26,CANCELLED,cjb46a29io6g00c1obo0,593100,Tesla,Model Y,"Tesla Model Y Long Range AWD, 345hp, 2021",White,2021,10750
clm8qm29io6g00cl0bdg,2023-12-03 14.14.49,COMPLETED,cjf7bpq9io6g00cd4dog,411800,Cupra,Formentor,"Cupra Formentor e-Hybrid DSG Sequential, 204hp, 2023",Grey,2023,9310
clm933i9io6g00cl0cr0,2023-12-03 14.32.46,COMPLETED,ckjfmma9io6g00edfkr0,157400,Renault,ZOE,"Renault ZOE R110 41 kWh, 109hp, 2019",White,2019,85970
clm97pi9io6g00cl0e60,2023-12-03 14.42.47,COMPLETED,cir0ola9io6g00948860,244000,Kia,Ceed,"Kia Ceed Sportswagon Plug-in Hybrid DCT, 141hp, 2021",Grey,2021,47620
clmojtq9io6g00cl1aog,2023-12-04 08.12.40,CANCELLED,civaasa9io6g009d0t80,451000,Kia,EV6,"Kia EV6 77.4 kWh, 228hp, 2022",Black,2022,43070
clmolai9io6g00cl1bs0,2023-12-04 08.15.38,COMPLETED,cfn50ma23akg00d026og,149200,Renault,ZOE,"Renault ZOE R90 41 kWh, 92hp, 2018",Grey,2018,88550
clmrhoa9io6g009qnad0,2023-12-04 11.32.50,CANCELLED,cji7vna9io6g0093pbg0,333600,Kia,Niro,"Kia e-Niro 64 kWh, 204hp, 2020",Red,2020,25630
cln3qoa9io6g00ee9290,2023-12-04 20.58.10,COMPLETED,ckb3no29io6g00fo373g,360300,Tesla,Model 3,"Tesla Model 3 Standard Range Plus, 258hp, 2019",White,2019,52670
clnddaa9io6g0093j78g,2023-12-05 07.52.10,COMPLETED,ck0dac29io6g00ckqndg,283100,Volkswagen,Passat,"Volkswagen Passat Variant GTE DSG Sequential, 218hp, 2020",Silver,2020,86240
clnhsmq9io6g0093ko5g,2023-12-05 12.58.03,CANCELLED,cjb46a29io6g00c1obo0,593100,Tesla,Model Y,"Tesla Model Y Long Range AWD, 345hp, 2021",White,2021,10750
clnj0ca9io6g0093l1q0,2023-12-05 14.14.10,COMPLETED,ck3m3si9io6g00eir1fg,404600,Volvo,V90,volvo v90 recharge t8 awd geartronic,White,2020,63080
clnjjf29io6g00dlng20,2023-12-05 14.54.53,CANCELLED,cjk74ma9io6g00ehq6sg,597200,Tesla,Model Y,"Tesla Model Y Long Range AWD, 345hp, 2021",Blue,2021,40410
clnlfa29io6g00dlo3ag,2023-12-05 17.02.32,CANCELLED,ck0mtlq9io6g00c4vdhg,436600,Toyota,RAV4,"Toyota RAV4 Plug-in Hybrid E-CVT, 306hp, 2020",Grey,2020,82400
clnm1ci9io6g00dlo5lg,2023-12-05 17.41.06,CANCELLED,cismldq9io6g00fpnebg,432400,BMW,X1,"BMW X1 xDrive25e Steptronic, 220hp, 2021",White,2021,28360
clo42cq9io6g00bgujj0,2023-12-06 09.38.59,CANCELLED,cf0vg6223akg00dv60og,584900,Kia,EV6,"Kia EV6 77.4 kWh AWD, 325hp, 2023",Black,2023,15550
clo5b7i9io6g00bgv61g,2023-12-06 11.06.06,CANCELLED,cifcnii9io6g00ehbqhg,363400,Volkswagen,ID.3,"Volkswagen ID.3 1st, 204hp, 2020",White,2020,32790
clo727i9io6g009neb20,2023-12-06 13.03.26,COMPLETED,ch7vsdq9io6g00c2b4e0,410800,Tesla,Model 3,"Tesla Model 3 Long Range AWD, 440hp, 2019",White,2019,52480
clo762a9io6g009nebp0,2023-12-06 13.11.38,COMPLETED,ck8k0p29io6g00d0hcu0,349000,BMW,5 Series,"BMW 530e iPerformance Sedan Steptronic, 252hp, 2019",Blue,2019,37180
clo8aqi9io6g00c36d0g,2023-12-06 14.30.02,RETURNED,civaasa9io6g009d0t80,451000,Kia,EV6,"Kia EV6 77.4 kWh, 228hp, 2022",Black,2022,43070
clo96ki9io6g00c36l6g,2023-12-06 15.29.22,CANCELLED,cko1p5q9io6g00dnt2bg,493200,Tesla,Model 3,"Tesla Model 3 Long Range AWD, 440hp, 2021",White,2021,30220
clo9hpa9io6g00c36qjg,2023-12-06 15.53.10,COMPLETED,ckoggjq9io6g00flu7og,230600,Nissan,Leaf,"Nissan Leaf, 150hp, 2020",Black,2020,43560
cloo0229io6g00cfndhg,2023-12-07 08.19.20,CANCELLED,cl92mqq9io6g00dvhr2g,460300,Volvo,XC60,"Volvo XC60 Recharge T8 AWD Geartronic, 392hp, 2020",White,2020,70320
cloo6ri9io6g00cfng3g,2023-12-07 08.33.50,COMPLETED,cl1q9ua9io6g00a8cld0,362400,Lynk & Co,01,"Lynk & Co 01 PHEV DCT, 261hp, 2022",Black,2022,12870
clopqsa9io6g00cfo2k0,2023-12-07 10.24.50,CANCELLED,cji7vna9io6g0093pbg0,333600,Kia,Niro,"Kia e-Niro 64 kWh, 204hp, 2020",Red,2020,25630
cloq1hi9io6g00cfo5og,2023-12-07 10.39.03,COMPLETED,cjk74ma9io6g00ehq6sg,597200,Tesla,Model Y,"Tesla Model Y Long Range AWD, 345hp, 2021",Blue,2021,40410
cloq8129io6g00cfo99g,2023-12-07 10.52.53,COMPLETED,cjhmqdi9io6g00ck0pjg,544700,Volvo,XC90,"Volvo XC90 T8 TwEn AWD Geartronic, 392hp, 2019",Grey,2019,54010
clotg7i9io6g00cfpo4g,2023-12-07 14.35.10,COMPLETED,ck3djti9io6g00eipj9g,592100,Kia,EV6,"Kia EV6 77.4 kWh AWD, 325hp, 2022",White,2022,12780
clovj1i9io6g00cfqgs0,2023-12-07 16.57.43,CANCELLED,ca0kcna1l7ecjes2ass0,446900,Audi,e-tron,"Audi e-tron Sportback 50 quattro, 313hp, 2020",Grey,2020,54420
clp1mci9io6g00974f10,2023-12-07 19.21.23,COMPLETED,ckv7vsi9io6g00d6gdog,524100,Volvo,XC40,"Volvo XC40 P8 AWD Recharge, 408hp, 2021",Black,2021,45770
clpdrvq9io6g009754cg,2023-12-08 09.12.31,COMPLETED,cjda2r29io6g00aj2ol0,529300,Volvo,XC60,"Volvo XC60 T6 AWD Recharge T6 TwEn AWD Geartronic, 340hp, 2022",Black,2022,30630
clpebhq9io6g009759b0,2023-12-08 09.45.43,COMPLETED,ck2qik29io6g00d67s3g,277900,Kia,Optima,"Kia Optima Sport Wagon Plug-in Hybrid Automatic, 205hp, 2020",Black,2020,44040
clphpe29io6g00976f4g,2023-12-08 13.40.08,COMPLETED,cjjpuji9io6g0089rnc0,560200,Tesla,Model Y,"Tesla Model Y Long Range AWD, 345hp, 2021",Blue,2021,44070
clpibpa9io6g00976oag,2023-12-08 14.19.17,CANCELLED,ckudl7a9io6g00fe2g70,581800,Kia,EV6,"Kia EV6 77.4 kWh AWD, 325hp, 2022",Red,2022,22290
clpl3pi9io6g00978160,2023-12-08 17.27.02,COMPLETED,cl10ft29io6g00ffg8t0,666300,Tesla,Model Y,"Tesla Model Y Performance, 450hp, 2022",Black,2022,22850
clplcd29io6g009781tg,2023-12-08 17.45.24,CANCELLED,cjb46a29io6g00c1obo0,580800,Tesla,Model Y,"Tesla Model Y Long Range AWD, 345hp, 2021",White,2021,10750
clpp3ei9io6g00978fpg,2023-12-08 21.59.22,COMPLETED,cjflpg29io6g00939j4g,462300,Kia,Sorento,"Kia Sorento PHEV Automatic, 265hp, 2021",Blue,2021,52310
clq3cka9io6g00anaetg,2023-12-09 09.41.38,CANCELLED,c9b9cm9blclmm0nef0t0,466400,Tesla,Model 3,"Tesla Model 3 Long Range AWD, 440hp, 2021",White,2021,65490
clqq38i9io6g00f0fp5g,2023-12-10 11.31.47,COMPLETED,cc8b1u7jn6s281s11ebg,391200,Volkswagen,ID.4,Volkswagen ID.4 Pure Performance 170hk City Dragkrok V-hjul,White,2021,18890
clqr1ti9io6g00f0fu30,2023-12-10 12.37.10,CANCELLED,cl533b29io6g00e7do3g,403600,Tesla,Model 3,"Tesla Model 3 Standard Range Plus, 325hp, 2021",Black,2021,61180
clr01iq9io6g00f0g8bg,2023-12-10 18.17.47,COMPLETED,cf28kja23akg00dv6pf0,402600,Tesla,Model S,"Tesla Model S 75D, 333hp, 2018",Black,2018,56650
clr2j0q9io6g00f0gd5g,2023-12-10 21.11.31,COMPLETED,cksdviq9io6g00cqlpq0,482900,Volkswagen,ID.4,"Volkswagen ID.4 Pro Performance, 204hp, 2022",Grey,2022,46970
clrcon29io6g00dg2j80,2023-12-11 08.46.21,RETURNED,cknv7aq9io6g00ciafv0,233700,Renault,ZOE,"Renault ZOE R135 52 kWh, 136hp, 2021",White,2021,32340
clrd5bq9io6g00dg2lh0,2023-12-11 09.13.19,COMPLETED,cjb46a29io6g00c1obo0,576600,Tesla,Model Y,"Tesla Model Y Long Range AWD, 345hp, 2021",White,2021,10750
clre3mi9io6g00dg36lg,2023-12-11 10.18.02,COMPLETED,cfifl5i23akg00fb24bg,224400,BMW,i3,"BMW i3s 94 Ah, 183hp, 2018",Black,2018,89330
clrgg329io6g00dg440g,2023-12-11 13.01.00,CANCELLED,cl4hcai9io6g00ch5tf0,356200,Lynk & Co,01,"Lynk & Co 01 PHEV DCT, 261hp, 2022",Blue,2022,14660
clrhmti9io6g00dg4p50,2023-12-11 14.23.50,COMPLETED,cjh49vi9io6g00b6b9vg,357300,BMW,5 Series,"BMW 530e iPerformance Sedan Steptronic, 252hp, 2018",Black,2018,59020
clriog29io6g00dg58pg,2023-12-11 15.35.29,COMPLETED,cckmtfro5i27gfe9ol00,396400,Volkswagen,ID.4,"Volkswagen ID.4 Pure Performance, 170hp, 2021",Grey,2021,30280
clrlsmi9io6g008hol7g,2023-12-11 19.09.14,CANCELLED,cj9ncsi9io6g0088gsug,440700,Tesla,Model S,"Tesla Model S 75D, 333hp, 2018",Grey,2018,52970
clrmp6i9io6g008homv0,2023-12-11 20.10.03,COMPLETED,c9b9cm9blclmm0nef0t0,466400,Tesla,Model 3,"Tesla Model 3 Long Range AWD, 440hp, 2021",White,2021,65490
cls5bp29io6g00dbl1t0,2023-12-12 12.45.25,COMPLETED,cick9i29io6g00eihj9g,475700,Volvo,V90,"Volvo V90 T8 AWD Recharge T8 TwEn AWD Geartronic, 392hp, 2021",Grey,2021,49270
cls5nma9io6g00dbl89g,2023-12-12 13.10.49,COMPLETED,cknpoj29io6g00b0l5l0,337700,Lynk & Co,01,"Lynk & Co 01 PHEV DCT, 261hp, 2022",Blue,2022,12700
cls7j6a9io6g00dscckg,2023-12-12 15.17.46,CANCELLED,cebidd223akg008u8ksg,442700,Tesla,Model 3,"Tesla Model 3 Long Range AWD, 440hp, 2020",White,2020,48310
cls7oli9io6g00dsch10,2023-12-12 15.29.26,COMPLETED,cl6j3kq9io6g00di15kg,441700,Tesla,Model 3,"Tesla Model 3 Standard Range Plus, 325hp, 2021",Blue,2021,10130
cls89ui9io6g00dscq10,2023-12-12 16.06.18,COMPLETED,cig4rei9io6g0085jkvg,670400,Tesla,Model X,"Tesla Model X Long Range, 423hp, 2021",White,2021,37500
cls8aqi9io6g00dscqj0,2023-12-12 16.08.10,COMPLETED,cj21u2i9io6g00f4obs0,660100,Tesla,Model X,"Tesla Model X Long Range, 423hp, 2020",Grey,2020,53800
clsov5q9io6g00cru7a0,2023-12-13 11.03.52,COMPLETED,cfsr4ai23akg00d1tahg,394300,Tesla,Model 3,"Tesla Model 3 Performance, 510hp, 2019",Black,2019,74410
clsrvai9io6g00crvd70,2023-12-13 14.28.59,COMPLETED,ciumcgq9io6g00fq3i20,371700,Volkswagen,Tiguan,"Volkswagen Tiguan eHybrid DSG Sequential, 245hp, 2021",Silver,2021,27830
clssvmq9io6g00crvrrg,2023-12-13 15.38.04,COMPLETED,ciqd7l29io6g00f562rg,645700,Tesla,Model X,"Tesla Model X Long Range, 423hp, 2020",Blue,2020,42070
clstrfa9io6g00cs06q0,2023-12-13 16.37.17,COMPLETED,cl95kc29io6g00aiqum0,520000,Kia,Sorento,"Kia Sorento PHEV Automatic, 265hp, 2021",Grey,2021,23890
clsvr929io6g00cs0e7g,2023-12-13 18.53.24,COMPLETED,cl0kf7i9io6g00c24otg,282100,Hyundai,Kona,"Hyundai Kona Electric 64 kWh, 204hp, 2019",Blue,2019,56300
cltbsii9io6g00cs15cg,2023-12-14 08.35.22,COMPLETED,cko1p5q9io6g00dnt2bg,489100,Tesla,Model 3,"Tesla Model 3 Long Range AWD, 440hp, 2021",White,2021,30220
cltbut29io6g00cs17c0,2023-12-14 08.40.21,COMPLETED,ck01uai9io6g00aj5nk0,343900,Lynk & Co,01,"Lynk & Co 01 PHEV DCT, 261hp, 2022",Black,2022,19430
cltegva9io6g00cs1tkg,2023-12-14 11.35.26,CANCELLED,cj9107a9io6g009t5ro0,407700,Tesla,Model 3,"Tesla Model 3 Standard Range Plus, 325hp, 2021",White,2021,49460
cltgj1q9io6g00cs2vsg,2023-12-14 13.56.24,CANCELLED,clbpphi9io6g00fmq07g,297500,Peugeot,3008,"Peugeot 3008 GT Hybrid4 1.6 + 13.2 kWh 4WD EAT, 300hp, 2020",White,2020,39430
clthv9a9io6g00b74u4g,2023-12-14 15.30.46,COMPLETED,cl533b29io6g00e7do3g,395400,Tesla,Model 3,"Tesla Model 3 Standard Range Plus, 325hp, 2021",Black,2021,61180
cltj9q29io6g00b7562g,2023-12-14 17.01.28,COMPLETED,ckr2fka9io6g00ali4i0,246000,Mitsubishi,Outlander,"Mitsubishi Outlander P-HEV 2.0 Hybrid 4WD CVT, 203hp, 2018",Grey,2018,85390
clu1hdq9io6g00ajhstg,2023-12-15 09.13.27,COMPLETED,clebd5i9io6g008devvg,591100,Mercedes-Benz,EQC,"Mercedes-Benz EQC 400, 408hp, 2021",Grey,2021,35070
clu2rha9io6g00c4lgdg,2023-12-15 10.43.18,COMPLETED,ciajjvq9io6g00952fe0,397400,Tesla,Model 3,"Tesla Model 3 Long Range, 287hp, 2019",Black,2019,63760
clu2rni9io6g00c4lgm0,2023-12-15 10.43.43,COMPLETED,clfl5s29io6g00fo8gn0,429400,Kia,Sportage,"Kia Sportage PHEV Automatic, 265hp, 2023",White,2023,8350
clu35q29io6g00c4ling,2023-12-15 11.05.13,COMPLETED,cl401ia9io6g00feqld0,391200,Hyundai,Tucson,"Hyundai Tucson PHEV Automatic, 265hp, 2022",Grey,2022,52010
clu594q9io6g00c4maeg,2023-12-15 13.28.51,CANCELLED,cgkld8i23akg00amek40,408800,Skoda,Enyaq iV,"Škoda Enyaq iV 60 62 kWh, 180hp, 2021",Black,2021,38680
clu60hq9io6g008katk0,2023-12-15 14.18.48,CANCELLED,cl9ooqa9io6g00armae0,287200,Kia,Ceed,"Kia XCeed Plug-in Hybrid DCT, 141hp, 2022",Grey,2022,21830
clu6kui9io6g00ef0jag,2023-12-15 15.02.19,CANCELLED,cl33r9i9io6g009udeo0,251200,Kia,Ceed,"Kia Ceed Sportswagon Plug-in Hybrid DCT, 141hp, 2021",Grey,2021,46740
clusjti9io6g008gg610,2023-12-16 16.01.58,COMPLETED,chqs5na9io6g00ck9ig0,698200,Tesla,Model X,"Tesla Model X Long Range, 423hp, 2020",White,2020,50730
clvc5ja9io6g008gghjg,2023-12-17 09.43.42,COMPLETED,cknpa7i9io6g00b0kta0,340800,Lynk & Co,01,"Lynk & Co 01 PHEV DCT, 261hp, 2022",Black,2022,15780
clvg90q9io6g008ggvn0,2023-12-17 14.24.03,COMPLETED,ckkekgq9io6g00a004s0,208900,Kia,Niro,"Kia Niro P-HEV DCT, 141hp, 2019",White,2019,76490
clvhjqq9io6g008gh2d0,2023-12-17 15.55.24,COMPLETED,ckv75gq9io6g00d6g8rg,268700,Nissan,Leaf,"Nissan Leaf e+, 217hp, 2020",White,2020,54120
cm02c429io6g00dc8390,2023-12-18 10.59.28,COMPLETED,cl20tmq9io6g008nddmg,211000,Renault,ZOE,"Renault ZOE R135 52 kWh, 136hp, 2020",,2020,54830
cm03ura9io6g00dc8ou0,2023-12-18 12.47.41,RETURNED,cdh87haplepcm5sju9hg,538500,Tesla,Model Y,"Tesla Model Y Long Range AWD, 345hp, 2021",White,2021,47930
cm06a8i9io6g00du89dg,2023-12-18 15.28.34,COMPLETED,cjgdbva9io6g00b6877g,373700,Tesla,Model 3,"Tesla Model 3 Standard Range Plus, 258hp, 2019",White,2019,35570
cm07b1a9io6g00du8o80,2023-12-18 16.38.30,CANCELLED,cg291vq23akg00d8jt60,394300,Tesla,Model 3,"Tesla Model 3 Long Range, 287hp, 2019",Black,2019,72460
cm0m06a9io6g00fl2ka0,2023-12-19 09.19.22,CANCELLED,ck7ipci9io6g009a4p2g,335600,Kia,Niro,"Kia e-Niro 64 kWh, 204hp, 2020",White,2020,40840
cm0mku29io6g00fl2rjg,2023-12-19 10.03.36,COMPLETED,ck7ipci9io6g009a4p2g,335600,Kia,Niro,"Kia e-Niro 64 kWh, 204hp, 2020",White,2020,40840
cm0p3ui9io6g00fl3kt0,2023-12-19 12.52.11,COMPLETED,chc1qaa9io6g00f4r2ug,286200,Peugeot,3008,"Peugeot 3008 GT Hybrid4 1.6 + 13.2 kWh 4WD EAT, 300hp, 2020",Grey,2020,58400
cm0pqfa9io6g00fl3u30,2023-12-19 13.40.13,COMPLETED,cjrh4fa9io6g00d5b4t0,446900,Mercedes-Benz,EQA,"Mercedes-Benz EQA 250, 190hp, 2021",Blue,2021,70450
cm0r7k29io6g00fl4frg,2023-12-19 15.16.32,RETURNED,chfuai29io6g00bgbdc0,214100,Renault,ZOE,"Renault ZOE R135 52 kWh, 136hp, 2020",Black,2020,36790
cm1adk29io6g00eio0n0,2023-12-20 08.33.20,COMPLETED,cj9ncsi9io6g0088gsug,422100,Tesla,Model S,"Tesla Model S 75D, 333hp, 2018",Grey,2018,52970
cm1h3ci9io6g00far4r0,2023-12-20 16.09.22,CANCELLED,ck7e7pq9io6g009a42h0,489100,Tesla,Model 3,"Tesla Model 3 Long Range AWD, 440hp, 2021",Grey,2021,39390
cm1kdd29io6g00bf8msg,2023-12-20 19.55.33,CANCELLED,cl3emri9io6g00atruu0,349000,Tesla,Model 3,"Tesla Model 3 Standard Range Plus, 258hp, 2019",White,2019,88280
cm20ita9io6g00auh7g0,2023-12-21 09.46.29,COMPLETED,ck7e7pq9io6g009a42h0,489100,Tesla,Model 3,"Tesla Model 3 Long Range AWD, 440hp, 2021",Grey,2021,39390
cm21ana9io6g00auhdbg,2023-12-21 10.37.18,RETURNED,cljk4029io6g009upie0,664200,Tesla,Model Y,"Tesla Model Y Performance, 450hp, 2023",White,2023,19760
cm21clq9io6g00auhe3g,2023-12-21 10.41.27,COMPLETED,cc7qkkapkdqhnkd16fcg,556000,Tesla,Model S,"Tesla Model S Long Range AWD, 423hp, 2020",Grey,2020,73510
cm21cvq9io6g00auhedg,2023-12-21 10.42.08,COMPLETED,cgkld8i23akg00amek40,408800,Skoda,Enyaq iV,"Škoda Enyaq iV 60 62 kWh, 180hp, 2021",Black,2021,38680
cm23oka9io6g00bkkd90,2023-12-21 13.23.30,CANCELLED,cjtgddi9io6g00cg3q80,370600,Tesla,Model 3,"Tesla Model 3 Standard Range Plus, 258hp, 2020",Blue,2020,43460
cm24lba9io6g00bkkq50,2023-12-21 14.24.45,RETURNED,cjtgddi9io6g00cg3q80,370600,Tesla,Model 3,"Tesla Model 3 Standard Range Plus, 258hp, 2020",Blue,2020,43460
cm27i329io6g00bklfsg,2023-12-21 17.42.37,COMPLETED,cjeao9a9io6g00f71qrg,356200,Tesla,Model 3,"Tesla Model 3 Standard Range Plus, 258hp, 2019",White,2019,65600
cm27viq9io6g00bklh7g,2023-12-21 18.11.23,CANCELLED,cl92mqq9io6g00dvhr2g,452000,Volvo,XC60,"Volvo XC60 Recharge T8 AWD Geartronic, 392hp, 2020",White,2020,70320
cm2k5tq9io6g00bkm5sg,2023-12-22 08.04.07,COMPLETED,cfpo5r223akg00ahof0g,613700,Tesla,Model S,"Tesla Model S Long Range AWD, 423hp, 2019",Grey,2019,36810
cm2lau29io6g00cc4ojg,2023-12-22 09.23.04,CANCELLED,cl92mqq9io6g00dvhr2g,460300,Volvo,XC60,"Volvo XC60 Recharge T8 AWD Geartronic, 392hp, 2020",White,2020,70320
cm2ml729io6g00cc5j00,2023-12-22 10.53.17,COMPLETED,cl92mqq9io6g00dvhr2g,452000,Volvo,XC60,"Volvo XC60 Recharge T8 AWD Geartronic, 392hp, 2020",White,2020,70320
cm2mvba9io6g00eds4kg,2023-12-22 11.14.53,COMPLETED,cip5vqi9io6g00f51khg,391200,Cupra,Born,"Cupra Born 58 58 kWh, 204hp, 2022",Silver,2022,10670
cm2nq5i9io6g00edsd7g,2023-12-22 12.12.06,CANCELLED,cjqt74a9io6g00f20an0,567400,Tesla,Model Y,"Tesla Model Y Long Range AWD, 345hp, 2021",Black,2021,45860
cm2ntki9io6g00edsfsg,2023-12-22 12.19.30,COMPLETED,ck06hc29io6g00b98ltg,257300,Renault,ZOE,"Renault ZOE R135 52 kWh, 136hp, 2021",Grey,2021,19780
cm3f24i9io6g00801jpg,2023-12-23 14.39.14,COMPLETED,chuo0e29io6g00cqfa3g,542700,Tesla,Model Y,"Tesla Model Y Long Range AWD, 345hp, 2021",White,2021,37650
cm43hi29io6g00fdog50,2023-12-24 13.57.28,COMPLETED,cjj2b3i9io6g00e1tamg,333600,Nissan,Leaf,"Nissan Leaf e+, 217hp, 2022",White,2022,2060
cm4lco29io6g00fdor40,2023-12-25 10.16.00,COMPLETED,clb4jla9io6g00fmi160,329400,Volkswagen,ID.3,"Volkswagen ID.3 Pro Performance, 204hp, 2020",White,2020,28570
cm5abhi9io6g00fdpj80,2023-12-26 10.07.02,CANCELLED,clate7i9io6g00fmdso0,205800,Nissan,Leaf,"Nissan Leaf, 150hp, 2019",White,2019,42540
cm5ch229io6g00fdptsg,2023-12-26 12.35.21,COMPLETED,cl4c4129io6g00eacktg,432400,Volkswagen,ID.4,"Volkswagen ID.4 Pro Performance, 204hp, 2021",Grey,2021,28270
cm5ubui9io6g00ao68h0,2023-12-27 08.53.15,CANCELLED,cifcnii9io6g00ehbqhg,350000,Volkswagen,ID.3,"Volkswagen ID.3 1st, 204hp, 2020",White,2020,32790
cm5vqd29io6g00ao6q8g,2023-12-27 10.32.21,COMPLETED,cjs9crq9io6g0097bpo0,426300,Tesla,Model 3,"Tesla Model 3 Long Range AWD, 440hp, 2021",Blue,2021,87660
cm603hq9io6g00ao6rug,2023-12-27 10.51.51,CANCELLED,cl5jili9io6g00fkgu10,462300,Polestar,2,"Polestar 2 Long Range Dual Motor, 408hp, 2021",Blue,2021,38920
cm60haq9io6g00ao70f0,2023-12-27 11.21.16,COMPLETED,cl4ggsq9io6g00ch5eqg,308800,Lynk & Co,01,"Lynk & Co 01 PHEV DCT, 261hp, 2021",Blue,2021,24660
cm62i2q9io6g00eomnog,2023-12-27 13.39.23,COMPLETED,ckg07eq9io6g00d56g1g,556000,Skoda,Enyaq iV,"Škoda Enyaq iV 80X, 265hp, 2022",Silver,2022,23050
cm632ia9io6g00eomskg,2023-12-27 14.14.34,COMPLETED,ci45sga9io6g00c2hff0,422100,Tesla,Model 3,"Tesla Model 3 Long Range AWD, 440hp, 2020",White,2020,55680
cm65t0i9io6g00ea57cg,2023-12-27 17.27.30,COMPLETED,clkut7a9io6g00cktsig,513800,Polestar,2,"Polestar 2 Long Range Dual Motor, 408hp, 2021",Black,2021,20880
cm6kbh29io6g00ea71eg,2023-12-28 09.54.13,COMPLETED,clfm6b29io6g00fo90l0,348000,MG,4,"MG 4 Long Range 64 kWh, 204hp, 2023",Grey,2023,8420
cm6mpna9io6g00dhj700,2023-12-28 12.41.01,COMPLETED,cla7aq29io6g00dnbra0,392300,Skoda,Octavia,"Škoda Octavia Combi RS iV DSG Sequential, 245hp, 2022",Green,2022,35480
cm6ni0q9io6g00dhjg5g,2023-12-28 13.32.51,COMPLETED,chpf60q9io6g0083rtug,483900,Tesla,Model 3,"Tesla Model 3 Long Range AWD, 440hp, 2021",White,2021,39800
cm6p04i9io6g00dhk2lg,2023-12-28 15.11.15,COMPLETED,clq64k29io6g00anali0,337700,Lynk & Co,01,"Lynk & Co 01 PHEV DCT, 261hp, 2022",Black,2022,9950
cm6qm529io6g00dhkgeg,2023-12-28 17.06.29,CANCELLED,cli9jq29io6g00ce5ec0,586900,Volvo,XC60,"Volvo XC60 Recharge T6 AWD Geartronic, 397hp, 2023",Black,2023,16220
cm6rcci9io6g00dhkht0,2023-12-28 17.53.54,COMPLETED,cj1n3ni9io6g00f4au50,478800,Kia,Sorento,"Kia Sorento PHEV Automatic, 265hp, 2021",Black,2021,36530
cm6su2q9io6g00cv4mng,2023-12-28 19.39.56,COMPLETED,ck5hnji9io6g009kkpfg,508700,Hyundai,Ioniq 5,"Hyundai Ioniq 5 72.6 kWh AWD, 306hp, 2022",Grey,2022,31430
cm7a0mi9io6g00c99oe0,2023-12-29 10.32.59,COMPLETED,cijgd2i9io6g00df8l30,298500,Mini,Countryman,"MINI Cooper SE ALL4 Countryman Automatic, 224hp, 2020",Black,2020,73410
cm7ai0i9io6g00c99t20,2023-12-29 11.09.54,COMPLETED,cllek429io6g00ckut50,266600,BMW,i3,"BMW i3s 120 Ah, 183hp, 2021",Black,2021,29140
cm7bpra9io6g00c9arcg,2023-12-29 12.34.53,CANCELLED,cl55ogi9io6g00eqtrmg,664200,Tesla,Model Y,"Tesla Model Y Long Range AWD, 345hp, 2023",Blue,2023,4220
cm7bvfa9io6g00c9atg0,2023-12-29 12.46.54,RETURNED,cjdkqeq9io6g00ac5jmg,344900,Tesla,Model 3,"Tesla Model 3 Standard Range Plus, 258hp, 2020",Blue,2020,90080
cm7crfq9io6g00c9bas0,2023-12-29 13.46.40,CANCELLED,cj5jrda9io6g00aovvog,355200,BMW,3 Series,"BMW 330e Sedan Steptronic, 292hp, 2021",White,2021,90120
cm7diqa9io6g00c9bkbg,2023-12-29 14.36.25,COMPLETED,ckn5jdq9io6g00cfmd1g,324300,Volkswagen,Passat,"Volkswagen Passat Variant GTE DSG Sequential, 218hp, 2021",Red,2021,25060
cm7e3ri9io6g00c9bsrg,2023-12-29 15.12.46,COMPLETED,ckq1e9q9io6g00fsa2fg,295500,Hyundai,Kona,"Hyundai Kona Electric 64 kWh, 204hp, 2020",Grey,2020,67890
cm7eq5q9io6g00c9c0t0,2023-12-29 16.00.23,COMPLETED,cli6itq9io6g00ce3lm0,490100,Volkswagen,ID.4,"Volkswagen ID.4 Pro Performance, 204hp, 2023",Black,2023,280
cm7iur29io6g00c9casg,2023-12-29 20.43.24,COMPLETED,cldfua29io6g00fn56f0,226400,Volkswagen,Golf,"Volkswagen e-Golf 35.8 kWh, 136hp, 2020",Grey,2020,55320
cm7kpki9io6g00c9cc7g,2023-12-29 22.48.51,CANCELLED,cjg548i9io6g00b66smg,148200,Nissan,Leaf,"Nissan Leaf 30 kWh, 109hp, 2017",White,2017,48780
cm7uo2i9io6g00c9cje0,2023-12-30 10.08.11,COMPLETED,cgnarfi23akg008j6p7g,370600,Volvo,V60,volvo v60 t8 awd geartronic,Grey,2020,84590
cm80gs29io6g00c9cnn0,2023-12-30 12.09.21,COMPLETED,clate7i9io6g00fmdso0,205800,Nissan,Leaf,"Nissan Leaf, 150hp, 2019",White,2019,42540
cm817r29io6g00c9cr2g,2023-12-30 12.58.20,COMPLETED,cl51j7a9io6g00e7crn0,288200,Volkswagen,Passat,"Volkswagen Passat Variant GTE DSG Sequential, 218hp, 2020",Red,2020,64650
cm8k12i9io6g00c9ddo0,2023-12-31 10.20.59,COMPLETED,cl3emri9io6g00atruu0,349000,Tesla,Model 3,"Tesla Model 3 Standard Range Plus, 258hp, 2019",White,2019,88280
cm8l6ca9io6g00c9dhn0,2023-12-31 11.40.34,CANCELLED,cl8ibnq9io6g00eq1hjg,502500,Tesla,Model 3,"Tesla Model 3 Long Range AWD, 440hp, 2021",White,2021,28660